ISO-10303-21;
HEADER;
FILE_DESCRIPTION((''),'2;1');
FILE_NAME('antenna', '2026-01-06T12:08:37', (''), (''), 'ImageToStl.com STEP Converter','', '');
FILE_SCHEMA(('AUTOMOTIVE_DESIGN_CC2'));
ENDSEC;
DATA;
#1=PRODUCT_DEFINITION_CONTEXT('',#4,'design');
#2=APPLICATION_PROTOCOL_DEFINITION('INTERNATIONAL STANDARD','automotive_design',1994,#4);
#3=(GEOMETRIC_REPRESENTATION_CONTEXT(3)GLOBAL_UNCERTAINTY_ASSIGNED_CONTEXT((#5))GLOBAL_UNIT_ASSIGNED_CONTEXT((#6,#7,#8))REPRESENTATION_CONTEXT('NONE','WORKSPACE'));
#4=APPLICATION_CONTEXT(' ');
#5=UNCERTAINTY_MEASURE_WITH_UNIT(LENGTH_MEASURE(1.0E-006),#6,'','');
#6=(CONVERSION_BASED_UNIT('METRE',#10)LENGTH_UNIT()NAMED_UNIT(#11));
#7=(NAMED_UNIT(#12)PLANE_ANGLE_UNIT()SI_UNIT($,.RADIAN.));
#8=(NAMED_UNIT(#12)SOLID_ANGLE_UNIT()SI_UNIT($,.STERADIAN.));
#9=AXIS2_PLACEMENT_3D('',#14,#15,#16);
#10=LENGTH_MEASURE_WITH_UNIT(LENGTH_MEASURE(1.0),#17);
#11=DIMENSIONAL_EXPONENTS(1.0,0.0,0.0,0.0,0.0,0.0,0.0);
#12=DIMENSIONAL_EXPONENTS(0.0,0.0,0.0,0.0,0.0,0.0,0.0);
#13=PRODUCT_CONTEXT('',#4,'mechanical');
#14=CARTESIAN_POINT('',(0.0,0.0,0.0));
#15=DIRECTION('',(0.0,0.0,1.0));
#16=DIRECTION('',(1.0,0.0,0.0));
#17=(NAMED_UNIT(#11)LENGTH_UNIT()SI_UNIT(.MILLI.,.METRE.));
#18=PRESENTATION_STYLE_ASSIGNMENT((#19));
#19=SURFACE_STYLE_USAGE(.BOTH.,#20);
#20=SURFACE_SIDE_STYLE('',(#21));
#21=SURFACE_STYLE_FILL_AREA(#22);
#22=FILL_AREA_STYLE('',(#23));
#23=FILL_AREA_STYLE_COLOUR('',#24);
#24=COLOUR_RGB('',0.85,0.85,0.85);
#25=SHAPE_DEFINITION_REPRESENTATION(#26,#27);
#26=PRODUCT_DEFINITION_SHAPE('productshape0','',#30);
#27=MANIFOLD_SURFACE_SHAPE_REPRESENTATION('',(#28,#9),#3);
#28=SHELL_BASED_SURFACE_MODEL('shell0',(#33));
#29=PRODUCT('product0','','',(#13));
#30=PRODUCT_DEFINITION('mesh0','',#31,#2);
#31=PRODUCT_DEFINITION_FORMATION_WITH_SPECIFIED_SOURCE('prodsource0','',#29,.NOT_KNOWN.);
#32=STYLED_ITEM('',(#18),#33);
#33=CLOSED_SHELL('',(#282,#304,#326,#348,#370,#392,#414,#436,#458,#480,#502,#524,#546,#568,#590,#612,#634,#656,#678,#700,#722,#744,#766,#788,#810,#832,#854,#876,#898,#920,#942,#964,#986,#1008,#1030,#1052,#1074,#1096,#1118,#1140,#1162,#1184,#1206,#1228,#1250,#1272,#1294,#1316,#1338,#1360,#1382,#1404,#1426,#1448,#1470,#1492,#1514,#1536,#1558,#1580,#1602,#1624,#1646,#1668,#1690,#1712,#1734,#1756,#1778,#1800,#1822,#1844,#1866,#1888,#1910,#1932,#1954,#1976,#1998,#2020,#2042,#2064,#2086,#2108,#2130,#2152,#2174,#2196,#2218,#2240,#2262,#2284,#2306,#2328,#2350,#2372,#2394,#2416,#2438,#2460,#2482,#2504,#2526,#2548,#2570,#2592,#2614,#2636,#2658,#2680,#2702,#2724,#2746,#2768,#2790,#2812,#2834,#2856,#2878,#2900,#2922,#2944,#2966,#2988,#3010,#3032,#3054,#3076,#3098,#3120,#3142,#3164,#3186,#3208,#3230,#3252,#3274,#3296,#3318,#3340,#3362,#3384,#3406,#3428,#3450,#3472,#3494,#3516,#3538,#3560,#3582,#3604,#3626,#3648,#3670,#3692,#3714,#3736,#3758,#3780,#3802,#3824,#3846,#3868,#3890,#3912,#3934,#3956,#3978,#4000,#4022,#4044,#4066,#4088,#4110,#4132,#4154,#4176,#4198,#4220,#4242,#4264,#4286,#4308,#4330,#4352,#4374,#4396,#4418,#4440,#4462,#4484,#4506,#4528,#4550,#4572,#4594,#4616,#4638,#4660,#4682,#4704,#4726,#4748,#4770,#4792,#4814,#4836,#4858,#4880,#4902,#4924,#4946,#4968,#4990,#5012,#5034,#5056,#5078,#5100,#5122,#5144,#5166,#5188,#5210,#5232,#5254,#5276,#5298,#5320,#5342,#5364,#5386,#5408,#5430,#5452,#5474,#5496,#5518,#5540,#5562,#5584,#5606,#5628,#5650,#5672,#5694,#5716,#5738,#5760,#5782,#5804,#5826,#5848,#5870,#5892,#5914,#5936,#5958,#5980,#6002,#6024,#6046,#6068,#6090,#6112,#6134,#6156,#6178,#6200,#6222,#6244,#6266,#6288,#6310,#6332,#6354,#6376,#6398,#6420,#6442,#6464,#6486,#6508,#6530,#6552,#6574,#6596,#6618,#6640,#6662,#6684,#6706,#6728,#6750,#6772,#6794,#6816,#6838,#6860,#6882,#6904,#6926,#6948,#6970,#6992,#7014,#7036,#7058,#7080,#7102,#7124,#7146,#7168,#7190,#7212,#7234,#7256,#7278,#7300,#7322,#7344,#7366,#7388,#7410,#7432,#7454,#7476,#7498,#7520,#7542,#7564,#7586,#7608,#7630,#7652,#7674,#7696,#7718,#7740,#7762,#7784,#7806,#7828,#7850,#7872,#7894,#7916,#7938,#7960,#7982,#8004,#8026,#8048,#8070,#8092,#8114,#8136,#8158,#8180,#8202,#8224,#8246,#8268,#8290,#8312,#8334,#8356,#8378,#8400,#8422,#8444,#8466,#8488,#8510,#8532,#8554,#8576,#8598,#8620,#8642,#8664,#8686,#8708,#8730,#8752,#8774,#8796,#8818,#8840,#8862,#8884,#8906,#8928,#8950,#8972,#8994,#9016,#9038,#9060,#9082,#9104,#9126,#9148,#9170,#9192,#9214,#9236,#9258,#9280,#9302,#9324,#9346,#9368,#9390,#9412,#9434,#9456,#9478,#9500,#9522,#9544,#9566,#9588,#9610,#9632,#9654,#9676,#9698,#9720,#9742,#9764,#9786,#9808,#9830,#9852,#9874,#9896,#9918,#9940,#9962,#9984,#10006,#10028,#10050,#10072,#10094,#10116,#10138,#10160,#10182,#10204,#10226,#10248,#10270,#10292,#10314,#10336,#10358,#10380,#10402,#10424,#10446,#10468,#10490,#10512,#10534,#10556,#10578,#10600,#10622,#10644,#10666,#10688,#10710,#10732,#10754,#10776,#10798,#10820,#10842,#10864,#10886,#10908,#10930,#10952,#10974,#10996,#11018,#11040,#11062,#11084,#11106,#11128,#11150,#11172,#11194,#11216,#11238,#11260,#11282,#11304,#11326,#11348,#11370,#11392,#11414,#11436,#11458,#11480,#11502,#11524,#11546,#11568,#11590,#11612,#11634));
#34=CARTESIAN_POINT('',(3.2449960708618164,-2.358433485031128,0.09350790828466415));
#35=VERTEX_POINT('',#34);
#36=CARTESIAN_POINT('',(3.769123077392578,-2.3759043216705322,0.09350790828466415));
#37=VERTEX_POINT('',#36);
#38=CARTESIAN_POINT('',(3.8040647506713867,-2.7602643966674805,0.09350792318582535));
#39=VERTEX_POINT('',#38);
#40=CARTESIAN_POINT('',(3.7341814041137695,-2.8301479816436768,0.09350793063640594));
#41=VERTEX_POINT('',#40);
#42=CARTESIAN_POINT('',(3.5944137573242188,-2.8825607299804688,0.09350793063640594));
#43=VERTEX_POINT('',#42);
#44=CARTESIAN_POINT('',(-3.9814560413360596,-2.900643825531006,0.09350793063640594));
#45=VERTEX_POINT('',#44);
#46=CARTESIAN_POINT('',(-4.027617454528809,-2.8882999420166016,0.09350793063640594));
#47=VERTEX_POINT('',#46);
#48=CARTESIAN_POINT('',(-4.067989826202393,-2.8635053634643555,0.09350793063640594));
#49=VERTEX_POINT('',#48);
#50=CARTESIAN_POINT('',(-4.091150283813477,-2.816502094268799,0.09350792318582535));
#51=VERTEX_POINT('',#50);
#52=CARTESIAN_POINT('',(-4.110255241394043,-2.742792844772339,0.09350792318582535));
#53=VERTEX_POINT('',#52);
#54=CARTESIAN_POINT('',(-4.127726078033447,-1.2307045459747314,0.09350785613059998));
#55=VERTEX_POINT('',#54);
#56=CARTESIAN_POINT('',(-4.13646125793457,1.194931983947754,0.09350775182247162));
#57=VERTEX_POINT('',#56);
#58=CARTESIAN_POINT('',(-4.145196914672852,2.847897529602051,0.09350767731666565));
#59=VERTEX_POINT('',#58);
#60=CARTESIAN_POINT('',(-3.9704878330230713,2.9876646995544434,0.09350767731666565));
#61=VERTEX_POINT('',#60);
#62=CARTESIAN_POINT('',(3.0702877044677734,-2.253607988357544,0.09350790083408356));
#63=VERTEX_POINT('',#62);
#64=CARTESIAN_POINT('',(3.681769371032715,3.0051350593566895,0.09350766986608505));
#65=VERTEX_POINT('',#64);
#66=CARTESIAN_POINT('',(3.7865943908691406,2.882838726043701,0.09350767731666565));
#67=VERTEX_POINT('',#66);
#68=CARTESIAN_POINT('',(3.795330047607422,1.2321081161499023,0.09350775182247162));
#69=VERTEX_POINT('',#68);
#70=CARTESIAN_POINT('',(3.7996978759765625,-1.2031172513961792,0.09350785613059998));
#71=VERTEX_POINT('',#70);
#72=CARTESIAN_POINT('',(3.8040647506713867,-1.397533655166626,0.09350786358118057));
#73=VERTEX_POINT('',#72);
#74=CARTESIAN_POINT('',(3.210054397583008,-1.4150044918060303,0.09350786358118057));
#75=VERTEX_POINT('',#74);
#76=CARTESIAN_POINT('',(3.0702877044677734,-1.5547717809677124,0.09350787103176117));
#77=VERTEX_POINT('',#76);
#78=CARTESIAN_POINT('',(3.7341814041137695,-2.8301477432250977,2.355315923690796));
#79=VERTEX_POINT('',#78);
#80=CARTESIAN_POINT('',(3.5944137573242188,-2.8825604915618896,2.355315923690796));
#81=VERTEX_POINT('',#80);
#82=CARTESIAN_POINT('',(3.0702877044677734,-1.5547716617584229,2.355315923690796));
#83=VERTEX_POINT('',#82);
#84=CARTESIAN_POINT('',(3.0702877044677734,-2.253607749938965,2.355315923690796));
#85=VERTEX_POINT('',#84);
#86=CARTESIAN_POINT('',(-4.091150283813477,-2.8165018558502197,2.355315923690796));
#87=VERTEX_POINT('',#86);
#88=CARTESIAN_POINT('',(-4.110255241394043,-2.7427926063537598,2.355315923690796));
#89=VERTEX_POINT('',#88);
#90=CARTESIAN_POINT('',(-3.9814560413360596,-2.900643825531006,2.355315923690796));
#91=VERTEX_POINT('',#90);
#92=CARTESIAN_POINT('',(-4.027617454528809,-2.8882999420166016,2.355315923690796));
#93=VERTEX_POINT('',#92);
#94=CARTESIAN_POINT('',(3.8040647506713867,-1.3975335359573364,2.355315923690796));
#95=VERTEX_POINT('',#94);
#96=CARTESIAN_POINT('',(3.210054397583008,-1.4150044918060303,2.355315923690796));
#97=VERTEX_POINT('',#96);
#98=CARTESIAN_POINT('',(-4.067989826202393,-2.8635051250457764,2.355315923690796));
#99=VERTEX_POINT('',#98);
#100=CARTESIAN_POINT('',(3.7996978759765625,-1.2031171321868896,1.2244118452072144));
#101=VERTEX_POINT('',#100);
#102=CARTESIAN_POINT('',(3.7996978759765625,-1.2031171321868896,2.355315923690796));
#103=VERTEX_POINT('',#102);
#104=CARTESIAN_POINT('',(-4.127726078033447,-1.230704426765442,1.2244118452072144));
#105=VERTEX_POINT('',#104);
#106=CARTESIAN_POINT('',(-4.127726078033447,-1.230704426765442,2.355315923690796));
#107=VERTEX_POINT('',#106);
#108=CARTESIAN_POINT('',(3.681769371032715,3.0051350593566895,2.355315685272217));
#109=VERTEX_POINT('',#108);
#110=CARTESIAN_POINT('',(3.7865943908691406,2.882838726043701,2.355315685272217));
#111=VERTEX_POINT('',#110);
#112=CARTESIAN_POINT('',(3.2449960708618164,-2.358433246612549,2.355315923690796));
#113=VERTEX_POINT('',#112);
#114=CARTESIAN_POINT('',(-4.13646125793457,1.194931983947754,1.2244117259979248));
#115=VERTEX_POINT('',#114);
#116=CARTESIAN_POINT('',(-4.13646125793457,1.194931983947754,2.355315685272217));
#117=VERTEX_POINT('',#116);
#118=CARTESIAN_POINT('',(-3.9704878330230713,2.9876646995544434,2.355315685272217));
#119=VERTEX_POINT('',#118);
#120=CARTESIAN_POINT('',(3.769123077392578,-2.3759043216705322,2.355315923690796));
#121=VERTEX_POINT('',#120);
#122=CARTESIAN_POINT('',(3.8040647506713867,-2.7602641582489014,2.355315923690796));
#123=VERTEX_POINT('',#122);
#124=CARTESIAN_POINT('',(-4.145196914672852,2.847897529602051,2.355315685272217));
#125=VERTEX_POINT('',#124);
#126=CARTESIAN_POINT('',(3.795330047607422,1.2321081161499023,2.355315685272217));
#127=VERTEX_POINT('',#126);
#128=CARTESIAN_POINT('',(3.795330047607422,1.2321081161499023,1.2244117259979248));
#129=VERTEX_POINT('',#128);
#130=CARTESIAN_POINT('',(-4.253516674041748,-1.230704426765442,1.1615164279937744));
#131=VERTEX_POINT('',#130);
#132=CARTESIAN_POINT('',(-4.262251853942871,1.194931983947754,1.1615163087844849));
#133=VERTEX_POINT('',#132);
#134=CARTESIAN_POINT('',(-4.316411972045898,-1.230704426765442,0.9937955141067505));
#135=VERTEX_POINT('',#134);
#136=CARTESIAN_POINT('',(-4.32514762878418,1.194931983947754,0.9937953948974609));
#137=VERTEX_POINT('',#136);
#138=CARTESIAN_POINT('',(-4.35834264755249,-1.230704426765442,0.7631790637969971));
#139=VERTEX_POINT('',#138);
#140=CARTESIAN_POINT('',(-4.367077827453613,1.194931983947754,0.7631789445877075));
#141=VERTEX_POINT('',#140);
#142=CARTESIAN_POINT('',(-4.442203044891357,-1.230704426765442,0.5535277724266052));
#143=VERTEX_POINT('',#142);
#144=CARTESIAN_POINT('',(-4.4509382247924805,1.194931983947754,0.5535276532173157));
#145=VERTEX_POINT('',#144);
#146=CARTESIAN_POINT('',(-4.526063919067383,-1.230704426765442,0.3648415803909302));
#147=VERTEX_POINT('',#146);
#148=CARTESIAN_POINT('',(-4.534799098968506,1.194931983947754,0.364841490983963));
#149=VERTEX_POINT('',#148);
#150=CARTESIAN_POINT('',(-4.6728196144104,-1.230704426765442,0.1971205770969391));
#151=VERTEX_POINT('',#150);
#152=CARTESIAN_POINT('',(-4.681554794311523,1.194931983947754,0.19712045788764954));
#153=VERTEX_POINT('',#152);
#154=CARTESIAN_POINT('',(-4.861505508422852,-1.230704426765442,0.07132978737354279));
#155=VERTEX_POINT('',#154);
#156=CARTESIAN_POINT('',(-4.870241165161133,1.194931983947754,0.07132968306541443));
#157=VERTEX_POINT('',#156);
#158=CARTESIAN_POINT('',(-5.0921220779418945,-1.230704426765442,0.029399536550045013));
#159=VERTEX_POINT('',#158);
#160=CARTESIAN_POINT('',(-5.100857257843018,1.194931983947754,0.02939942479133606));
#161=VERTEX_POINT('',#160);
#162=CARTESIAN_POINT('',(-6.035552978515625,-1.230704426765442,0.008434407413005829));
#163=VERTEX_POINT('',#162);
#164=CARTESIAN_POINT('',(-6.044288158416748,1.194931983947754,0.008434295654296875));
#165=VERTEX_POINT('',#164);
#166=CARTESIAN_POINT('',(-4.021341323852539,-1.2303211688995361,1.1188067197799683));
#167=VERTEX_POINT('',#166);
#168=CARTESIAN_POINT('',(-4.030076503753662,1.195314884185791,1.1188066005706787));
#169=VERTEX_POINT('',#168);
#170=CARTESIAN_POINT('',(-4.155867099761963,1.195314884185791,1.0559113025665283));
#171=VERTEX_POINT('',#170);
#172=CARTESIAN_POINT('',(-4.14713191986084,-1.2303211688995361,1.0559114217758179));
#173=VERTEX_POINT('',#172);
#174=CARTESIAN_POINT('',(-4.218762397766113,1.195314884185791,0.8881903290748596));
#175=VERTEX_POINT('',#174);
#176=CARTESIAN_POINT('',(-4.21002721786499,-1.2303211688995361,0.8881904482841492));
#177=VERTEX_POINT('',#176);
#178=CARTESIAN_POINT('',(-4.260692596435547,1.195314884185791,0.6575738787651062));
#179=VERTEX_POINT('',#178);
#180=CARTESIAN_POINT('',(-4.251957416534424,-1.2303211688995361,0.6575739979743958));
#181=VERTEX_POINT('',#180);
#182=CARTESIAN_POINT('',(-4.344553470611572,1.195314884185791,0.44792258739471436));
#183=VERTEX_POINT('',#182);
#184=CARTESIAN_POINT('',(-4.335818290710449,-1.2303211688995361,0.4479226768016815));
#185=VERTEX_POINT('',#184);
#186=CARTESIAN_POINT('',(-4.4284138679504395,1.195314884185791,0.2592364549636841));
#187=VERTEX_POINT('',#186);
#188=CARTESIAN_POINT('',(-4.419678688049316,-1.2303212881088257,0.25923657417297363));
#189=VERTEX_POINT('',#188);
#190=CARTESIAN_POINT('',(-4.575169563293457,1.195314884185791,0.09151541441679001));
#191=VERTEX_POINT('',#190);
#192=CARTESIAN_POINT('',(-4.566434383392334,-1.2303212881088257,0.09151551872491837));
#193=VERTEX_POINT('',#192);
#194=CARTESIAN_POINT('',(-4.763855934143066,1.195314884185791,-0.0342753604054451));
#195=VERTEX_POINT('',#194);
#196=CARTESIAN_POINT('',(-4.755120277404785,-1.2303212881088257,-0.03427525609731674));
#197=VERTEX_POINT('',#196);
#198=CARTESIAN_POINT('',(-4.994472503662109,1.195314884185791,-0.07620561867952347));
#199=VERTEX_POINT('',#198);
#200=CARTESIAN_POINT('',(-4.985736846923828,-1.2303211688995361,-0.07620551437139511));
#201=VERTEX_POINT('',#200);
#202=CARTESIAN_POINT('',(-5.937902927398682,1.195314884185791,-0.09717074781656265));
#203=VERTEX_POINT('',#202);
#204=CARTESIAN_POINT('',(-5.929167747497559,-1.2303211688995361,-0.0971706435084343));
#205=VERTEX_POINT('',#204);
#206=CARTESIAN_POINT('',(4.927446365356445,1.2321081161499023,0.008434206247329712));
#207=VERTEX_POINT('',#206);
#208=CARTESIAN_POINT('',(5.828947067260742,1.2321081161499023,0.008434206247329712));
#209=VERTEX_POINT('',#208);
#210=CARTESIAN_POINT('',(4.260930061340332,-1.2031172513961792,0.5325625538825989));
#211=VERTEX_POINT('',#210);
#212=CARTESIAN_POINT('',(4.386721611022949,-1.2031172513961792,0.28098100423812866));
#213=VERTEX_POINT('',#212);
#214=CARTESIAN_POINT('',(4.00498104095459,1.2321081161499023,1.203446626663208));
#215=VERTEX_POINT('',#214);
#216=CARTESIAN_POINT('',(4.088840484619141,1.2321081161499023,1.0357255935668945));
#217=VERTEX_POINT('',#216);
#218=CARTESIAN_POINT('',(4.931815147399902,-1.2031172513961792,0.008434310555458069));
#219=VERTEX_POINT('',#218);
#220=CARTESIAN_POINT('',(5.833315849304199,-1.2031172513961792,0.008434310555458069));
#221=VERTEX_POINT('',#220);
#222=CARTESIAN_POINT('',(4.382352828979492,1.2321081161499023,0.2809809148311615));
#223=VERTEX_POINT('',#222);
#224=CARTESIAN_POINT('',(4.550074577331543,1.2321081161499023,0.11325985938310623));
#225=VERTEX_POINT('',#224);
#226=CARTESIAN_POINT('',(4.0093488693237305,-1.2031171321868896,1.2034467458724976));
#227=VERTEX_POINT('',#226);
#228=CARTESIAN_POINT('',(4.093209266662598,-1.2031171321868896,1.035725712776184));
#229=VERTEX_POINT('',#228);
#230=CARTESIAN_POINT('',(4.554442405700684,-1.2031172513961792,0.11325997114181519));
#231=VERTEX_POINT('',#230);
#232=CARTESIAN_POINT('',(4.193667411804199,1.2321081161499023,0.8051091432571411));
#233=VERTEX_POINT('',#232);
#234=CARTESIAN_POINT('',(4.738759994506836,1.2321081161499023,0.05036447197198868));
#235=VERTEX_POINT('',#234);
#236=CARTESIAN_POINT('',(4.19803524017334,-1.2031171321868896,0.8051092624664307));
#237=VERTEX_POINT('',#236);
#238=CARTESIAN_POINT('',(4.743128776550293,-1.2031172513961792,0.05036458000540733));
#239=VERTEX_POINT('',#238);
#240=CARTESIAN_POINT('',(4.256562232971191,1.2321081161499023,0.5325624346733093));
#241=VERTEX_POINT('',#240);
#242=CARTESIAN_POINT('',(4.167923927307129,1.2319488525390625,0.42364880442619324));
#243=VERTEX_POINT('',#242);
#244=CARTESIAN_POINT('',(4.10502815246582,1.2319488525390625,0.6961955428123474));
#245=VERTEX_POINT('',#244);
#246=CARTESIAN_POINT('',(4.465804100036621,-1.20327627658844,0.004346318542957306));
#247=VERTEX_POINT('',#246);
#248=CARTESIAN_POINT('',(4.6544904708862305,-1.20327627658844,-0.058549053966999054));
#249=VERTEX_POINT('',#248);
#250=CARTESIAN_POINT('',(4.004570960998535,-1.2032761573791504,0.9268121123313904));
#251=VERTEX_POINT('',#250);
#252=CARTESIAN_POINT('',(4.109396934509277,-1.2032761573791504,0.696195662021637));
#253=VERTEX_POINT('',#252);
#254=CARTESIAN_POINT('',(4.650121688842773,1.2319488525390625,-0.05854915827512741));
#255=VERTEX_POINT('',#254);
#256=CARTESIAN_POINT('',(4.4614362716674805,1.2319488525390625,0.004346214234828949));
#257=VERTEX_POINT('',#256);
#258=CARTESIAN_POINT('',(4.000202178955078,1.2319488525390625,0.9268119931221008));
#259=VERTEX_POINT('',#258);
#260=CARTESIAN_POINT('',(4.298083305358887,-1.20327627658844,0.17206735908985138));
#261=VERTEX_POINT('',#260);
#262=CARTESIAN_POINT('',(5.74467658996582,-1.20327627658844,-0.10047932714223862));
#263=VERTEX_POINT('',#262);
#264=CARTESIAN_POINT('',(5.74030876159668,1.2319488525390625,-0.10047943145036697));
#265=VERTEX_POINT('',#264);
#266=CARTESIAN_POINT('',(3.920710563659668,-1.2032761573791504,1.094533085823059));
#267=VERTEX_POINT('',#266);
#268=CARTESIAN_POINT('',(4.29371452331543,1.2319488525390625,0.17206725478172302));
#269=VERTEX_POINT('',#268);
#270=CARTESIAN_POINT('',(3.9163427352905273,1.2319488525390625,1.0945329666137695));
#271=VERTEX_POINT('',#270);
#272=CARTESIAN_POINT('',(3.7110595703125,-1.2032761573791504,1.1154981851577759));
#273=VERTEX_POINT('',#272);
#274=CARTESIAN_POINT('',(3.7066917419433594,1.2319488525390625,1.1154980659484863));
#275=VERTEX_POINT('',#274);
#276=CARTESIAN_POINT('',(4.1722917556762695,-1.20327627658844,0.4236488938331604));
#277=VERTEX_POINT('',#276);
#278=CARTESIAN_POINT('',(4.838808059692383,1.2319488525390625,-0.10047943145036697));
#279=VERTEX_POINT('',#278);
#280=CARTESIAN_POINT('',(4.84317684173584,-1.20327627658844,-0.10047932714223862));
#281=VERTEX_POINT('',#280);
#282=FACE_SURFACE('',(#287),#283,.T.);
#283=PLANE('',#284);
#284=AXIS2_PLACEMENT_3D('',#34,#285,#286);
#285=DIRECTION('',(-1.2962149899903037E-09,-3.888659121175802E-08,-0.9999999999999993));
#286=DIRECTION('',(0.9994449110158576,-0.03331470913132044,0));
#287=FACE_BOUND('',#288,.T.);
#288=EDGE_LOOP('',(#289,#290,#291));
#289=ORIENTED_EDGE('',*,*,#292,.T.);
#290=ORIENTED_EDGE('',*,*,#293,.T.);
#291=ORIENTED_EDGE('',*,*,#294,.T.);
#292=EDGE_CURVE('',#35,#37,#295,.F.);
#293=EDGE_CURVE('',#37,#39,#296,.T.);
#294=EDGE_CURVE('',#39,#35,#297,.T.);
#295=LINE('',#34,#298);
#296=LINE('',#36,#299);
#297=LINE('',#38,#300);
#298=VECTOR('',#301,1.0);
#299=VECTOR('',#302,1.0);
#300=VECTOR('',#303,1.0);
#301=DIRECTION('',(0.9994449110158576,-0.03331470913132044,0));
#302=DIRECTION('',(0.09053535614945081,-0.9958932419124504,3.86095401030369E-08));
#303=DIRECTION('',(-0.812015166200257,0.5836363335680606,-2.164308128926219E-08));
#304=FACE_SURFACE('',(#309),#305,.T.);
#305=PLANE('',#306);
#306=AXIS2_PLACEMENT_3D('',#38,#307,#308);
#307=DIRECTION('',(6.396813988636058E-08,-1.7058209434030698E-07,-0.9999999999999833));
#308=DIRECTION('',(-0.7071055749817875,-0.7071079873892461,7.538773307875781E-08));
#309=FACE_BOUND('',#310,.T.);
#310=EDGE_LOOP('',(#311,#312,#313));
#311=ORIENTED_EDGE('',*,*,#314,.T.);
#312=ORIENTED_EDGE('',*,*,#315,.T.);
#313=ORIENTED_EDGE('',*,*,#316,.T.);
#314=EDGE_CURVE('',#39,#41,#317,.F.);
#315=EDGE_CURVE('',#41,#43,#318,.T.);
#316=EDGE_CURVE('',#43,#39,#319,.T.);
#317=LINE('',#38,#320);
#318=LINE('',#40,#321);
#319=LINE('',#42,#322);
#320=VECTOR('',#323,1.0);
#321=VECTOR('',#324,1.0);
#322=VECTOR('',#325,1.0);
#323=DIRECTION('',(-0.7071055749817875,-0.7071079873892461,7.538773307875781E-08));
#324=DIRECTION('',(-0.9363294401239118,-0.35112274144128247,0));
#325=DIRECTION('',(0.8637790434087976,0.5038707812205244,-3.06969944578035E-08));
#326=FACE_SURFACE('',(#331),#327,.T.);
#327=PLANE('',#328);
#328=AXIS2_PLACEMENT_3D('',#42,#329,#330);
#329=DIRECTION('',(0,0,-1));
#330=DIRECTION('',(-0.9999971512869932,-0.0023869264543307524,0));
#331=FACE_BOUND('',#332,.T.);
#332=EDGE_LOOP('',(#333,#334,#335));
#333=ORIENTED_EDGE('',*,*,#336,.T.);
#334=ORIENTED_EDGE('',*,*,#337,.T.);
#335=ORIENTED_EDGE('',*,*,#338,.T.);
#336=EDGE_CURVE('',#43,#45,#339,.F.);
#337=EDGE_CURVE('',#45,#47,#340,.T.);
#338=EDGE_CURVE('',#47,#43,#341,.T.);
#339=LINE('',#42,#342);
#340=LINE('',#44,#343);
#341=LINE('',#46,#344);
#342=VECTOR('',#345,1.0);
#343=VECTOR('',#346,1.0);
#344=VECTOR('',#347,1.0);
#345=DIRECTION('',(-0.9999971512869932,-0.0023869264543307524,0));
#346=DIRECTION('',(-0.9660566576639533,0.25833028119667134,0));
#347=DIRECTION('',(0.9999997165131527,0.0007529765031946648,0));
#348=FACE_SURFACE('',(#353),#349,.T.);
#349=PLANE('',#350);
#350=AXIS2_PLACEMENT_3D('',#46,#351,#352);
#351=DIRECTION('',(-1.395925978737529E-07,-2.2729502065804528E-07,-0.9999999999999645));
#352=DIRECTION('',(-0.8521286277298336,0.5233324008727827,0));
#353=FACE_BOUND('',#354,.T.);
#354=EDGE_LOOP('',(#355,#356,#357));
#355=ORIENTED_EDGE('',*,*,#358,.T.);
#356=ORIENTED_EDGE('',*,*,#359,.T.);
#357=ORIENTED_EDGE('',*,*,#360,.T.);
#358=EDGE_CURVE('',#47,#49,#361,.F.);
#359=EDGE_CURVE('',#49,#51,#362,.T.);
#360=EDGE_CURVE('',#51,#47,#363,.T.);
#361=LINE('',#46,#364);
#362=LINE('',#48,#365);
#363=LINE('',#50,#366);
#364=VECTOR('',#367,1.0);
#365=VECTOR('',#368,1.0);
#366=VECTOR('',#369,1.0);
#367=DIRECTION('',(-0.8521286277298336,0.5233324008727827,0));
#368=DIRECTION('',(-0.44199715928730315,0.897016449783355,-1.4218784076638554E-07));
#369=DIRECTION('',(0.6626870935950413,-0.7488963986978112,7.77142094404188E-08));
#370=FACE_SURFACE('',(#375),#371,.T.);
#371=PLANE('',#372);
#372=AXIS2_PLACEMENT_3D('',#50,#373,#374);
#373=DIRECTION('',(-1.7907533376234304E-07,-4.641516062946274E-08,-0.9999999999999829));
#374=DIRECTION('',(-0.25090250211599835,0.9680123627474658,0));
#375=FACE_BOUND('',#376,.T.);
#376=EDGE_LOOP('',(#377,#378,#379));
#377=ORIENTED_EDGE('',*,*,#380,.T.);
#378=ORIENTED_EDGE('',*,*,#381,.T.);
#379=ORIENTED_EDGE('',*,*,#382,.T.);
#380=EDGE_CURVE('',#51,#53,#383,.F.);
#381=EDGE_CURVE('',#53,#55,#384,.T.);
#382=EDGE_CURVE('',#55,#51,#385,.T.);
#383=LINE('',#50,#386);
#384=LINE('',#52,#387);
#385=LINE('',#54,#388);
#386=VECTOR('',#389,1.0);
#387=VECTOR('',#390,1.0);
#388=VECTOR('',#391,1.0);
#389=DIRECTION('',(-0.25090250211599835,0.9680123627474658,0));
#390=DIRECTION('',(-0.011553340247141513,0.9999332579373145,-4.434314452507643E-08));
#391=DIRECTION('',(0.023058472638367477,-0.9997341180731925,4.227361599335671E-08));
#392=FACE_SURFACE('',(#397),#393,.T.);
#393=PLANE('',#394);
#394=AXIS2_PLACEMENT_3D('',#56,#395,#396);
#395=DIRECTION('',(3.5907381605469524E-08,-4.488425763272317E-08,-0.9999999999999982));
#396=DIRECTION('',(-0.005284765173986694,0.9999860355310237,-4.507339292769765E-08));
#397=FACE_BOUND('',#398,.T.);
#398=EDGE_LOOP('',(#399,#400,#401));
#399=ORIENTED_EDGE('',*,*,#402,.T.);
#400=ORIENTED_EDGE('',*,*,#403,.T.);
#401=ORIENTED_EDGE('',*,*,#404,.T.);
#402=EDGE_CURVE('',#57,#59,#405,.F.);
#403=EDGE_CURVE('',#59,#61,#406,.T.);
#404=EDGE_CURVE('',#61,#57,#407,.T.);
#405=LINE('',#56,#408);
#406=LINE('',#58,#409);
#407=LINE('',#60,#410);
#408=VECTOR('',#411,1.0);
#409=VECTOR('',#412,1.0);
#410=VECTOR('',#413,1.0);
#411=DIRECTION('',(-0.005284765173986694,0.9999860355310237,-4.507339292769765E-08));
#412=DIRECTION('',(0.780869017369053,0.6246947876468074,0));
#413=DIRECTION('',(-0.09218700631350366,-0.9957417114226723,4.1382933496379183E-08));
#414=FACE_SURFACE('',(#419),#415,.T.);
#415=PLANE('',#416);
#416=AXIS2_PLACEMENT_3D('',#50,#417,#418);
#417=DIRECTION('',(-3.6864799143764287E-08,-4.3135130807424215E-08,-0.9999999999999983));
#418=DIRECTION('',(-0.023058472638367477,0.9997341180731925,-4.227361599335671E-08));
#419=FACE_BOUND('',#420,.T.);
#420=EDGE_LOOP('',(#421,#422,#423));
#421=ORIENTED_EDGE('',*,*,#424,.T.);
#422=ORIENTED_EDGE('',*,*,#425,.T.);
#423=ORIENTED_EDGE('',*,*,#426,.T.);
#424=EDGE_CURVE('',#51,#55,#427,.F.);
#425=EDGE_CURVE('',#55,#57,#428,.T.);
#426=EDGE_CURVE('',#57,#51,#429,.T.);
#427=LINE('',#50,#430);
#428=LINE('',#54,#431);
#429=LINE('',#56,#432);
#430=VECTOR('',#433,1.0);
#431=VECTOR('',#434,1.0);
#432=VECTOR('',#435,1.0);
#433=DIRECTION('',(-0.023058472638367477,0.9997341180731925,-4.227361599335671E-08));
#434=DIRECTION('',(-0.0036011674265703703,0.9999935157755595,-4.3002094795691276E-08));
#435=DIRECTION('',(0.011294734741140483,-0.9999362124491369,4.271600119545968E-08));
#436=FACE_SURFACE('',(#441),#437,.T.);
#437=PLANE('',#438);
#438=AXIS2_PLACEMENT_3D('',#42,#439,#440);
#439=DIRECTION('',(7.808560247934024E-11,-1.037025458454601E-07,-0.9999999999999946));
#440=DIRECTION('',(-0.9999997165131527,-0.0007529765031946648,0));
#441=FACE_BOUND('',#442,.T.);
#442=EDGE_LOOP('',(#443,#444,#445));
#443=ORIENTED_EDGE('',*,*,#446,.T.);
#444=ORIENTED_EDGE('',*,*,#447,.T.);
#445=ORIENTED_EDGE('',*,*,#448,.T.);
#446=EDGE_CURVE('',#43,#47,#449,.F.);
#447=EDGE_CURVE('',#47,#51,#450,.T.);
#448=EDGE_CURVE('',#51,#43,#451,.T.);
#449=LINE('',#42,#452);
#450=LINE('',#46,#453);
#451=LINE('',#50,#454);
#452=VECTOR('',#455,1.0);
#453=VECTOR('',#456,1.0);
#454=VECTOR('',#457,1.0);
#455=DIRECTION('',(-0.9999997165131527,-0.0007529765031946648,0));
#456=DIRECTION('',(-0.6626870935950413,0.7488963986978112,-7.77142094404188E-08));
#457=DIRECTION('',(0.9999630636777396,-0.008594840325972339,9.693895412229242E-10));
#458=FACE_SURFACE('',(#463),#459,.T.);
#459=PLANE('',#460);
#460=AXIS2_PLACEMENT_3D('',#34,#461,#462);
#461=DIRECTION('',(-7.676219525883563E-09,-4.776311267830171E-08,-0.9999999999999988));
#462=DIRECTION('',(0.812015166200257,-0.5836363335680606,2.164308128926219E-08));
#463=FACE_BOUND('',#464,.T.);
#464=EDGE_LOOP('',(#465,#466,#467));
#465=ORIENTED_EDGE('',*,*,#468,.T.);
#466=ORIENTED_EDGE('',*,*,#469,.T.);
#467=ORIENTED_EDGE('',*,*,#470,.T.);
#468=EDGE_CURVE('',#35,#39,#471,.F.);
#469=EDGE_CURVE('',#39,#43,#472,.T.);
#470=EDGE_CURVE('',#43,#35,#473,.T.);
#471=LINE('',#34,#474);
#472=LINE('',#38,#475);
#473=LINE('',#42,#476);
#474=VECTOR('',#477,1.0);
#475=VECTOR('',#478,1.0);
#476=VECTOR('',#479,1.0);
#477=DIRECTION('',(0.812015166200257,-0.5836363335680606,2.164308128926219E-08));
#478=DIRECTION('',(-0.8637790434087976,-0.5038707812205244,3.06969944578035E-08));
#479=DIRECTION('',(-0.5546996721635972,0.832050643712026,-3.54833321952076E-08));
#480=FACE_SURFACE('',(#485),#481,.T.);
#481=PLANE('',#482);
#482=AXIS2_PLACEMENT_3D('',#62,#483,#484);
#483=DIRECTION('',(2.843058399992393E-08,-2.3691943176781947E-08,-0.9999999999999992));
#484=DIRECTION('',(0.8574918931901504,-0.5144974762942676,3.6568440271557904E-08));
#485=FACE_BOUND('',#486,.T.);
#486=EDGE_LOOP('',(#487,#488,#489));
#487=ORIENTED_EDGE('',*,*,#490,.T.);
#488=ORIENTED_EDGE('',*,*,#491,.T.);
#489=ORIENTED_EDGE('',*,*,#492,.T.);
#490=EDGE_CURVE('',#63,#35,#493,.F.);
#491=EDGE_CURVE('',#35,#43,#494,.T.);
#492=EDGE_CURVE('',#43,#63,#495,.T.);
#493=LINE('',#62,#496);
#494=LINE('',#34,#497);
#495=LINE('',#42,#498);
#496=VECTOR('',#499,1.0);
#497=VECTOR('',#500,1.0);
#498=VECTOR('',#501,1.0);
#499=DIRECTION('',(0.8574918931901504,-0.5144974762942676,3.6568440271557904E-08));
#500=DIRECTION('',(0.5546996721635972,-0.832050643712026,3.54833321952076E-08));
#501=DIRECTION('',(-0.6401835117070396,0.7682220195610391,-3.6401463539546106E-08));
#502=FACE_SURFACE('',(#507),#503,.T.);
#503=PLANE('',#504);
#504=AXIS2_PLACEMENT_3D('',#42,#505,#506);
#505=DIRECTION('',(6.023096322149768E-10,-4.271192275687706E-08,-0.9999999999999991));
#506=DIRECTION('',(-0.9999630636777396,0.008594840325972339,-9.693895412229242E-10));
#507=FACE_BOUND('',#508,.T.);
#508=EDGE_LOOP('',(#509,#510,#511));
#509=ORIENTED_EDGE('',*,*,#512,.T.);
#510=ORIENTED_EDGE('',*,*,#513,.T.);
#511=ORIENTED_EDGE('',*,*,#514,.T.);
#512=EDGE_CURVE('',#43,#51,#515,.F.);
#513=EDGE_CURVE('',#51,#57,#516,.T.);
#514=EDGE_CURVE('',#57,#43,#517,.T.);
#515=LINE('',#42,#518);
#516=LINE('',#50,#519);
#517=LINE('',#56,#520);
#518=VECTOR('',#521,1.0);
#519=VECTOR('',#522,1.0);
#520=VECTOR('',#523,1.0);
#521=DIRECTION('',(-0.9999630636777396,0.008594840325972339,-9.693895412229242E-10));
#522=DIRECTION('',(-0.011294734741140483,0.9999362124491369,-4.271600119545968E-08));
#523=DIRECTION('',(0.8845118284485994,-0.4665177652935791,2.045862075001294E-08));
#524=FACE_SURFACE('',(#529),#525,.T.);
#525=PLANE('',#526);
#526=AXIS2_PLACEMENT_3D('',#56,#527,#528);
#527=DIRECTION('',(-8.789479383088319E-10,-4.147853348257418E-08,-0.9999999999999992));
#528=DIRECTION('',(0.09218700631350366,0.9957417114226723,-4.1382933496379183E-08));
#529=FACE_BOUND('',#530,.T.);
#530=EDGE_LOOP('',(#531,#532,#533));
#531=ORIENTED_EDGE('',*,*,#534,.T.);
#532=ORIENTED_EDGE('',*,*,#535,.T.);
#533=ORIENTED_EDGE('',*,*,#536,.T.);
#534=EDGE_CURVE('',#57,#61,#537,.F.);
#535=EDGE_CURVE('',#61,#65,#538,.T.);
#536=EDGE_CURVE('',#65,#57,#539,.T.);
#537=LINE('',#56,#540);
#538=LINE('',#60,#541);
#539=LINE('',#64,#542);
#540=VECTOR('',#543,1.0);
#541=VECTOR('',#544,1.0);
#542=VECTOR('',#545,1.0);
#543=DIRECTION('',(0.09218700631350366,0.9957417114226723,-4.1382933496379183E-08));
#544=DIRECTION('',(0.9999973938891307,0.00228302758345499,-9.736422837350352E-10));
#545=DIRECTION('',(-0.9742272337538643,-0.2255688298774749,1.0212559281250206E-08));
#546=FACE_SURFACE('',(#551),#547,.T.);
#547=PLANE('',#548);
#548=AXIS2_PLACEMENT_3D('',#64,#549,#550);
#549=DIRECTION('',(1.8533019016151347E-08,-4.503697176947124E-08,-0.9999999999999989));
#550=DIRECTION('',(0.6507899106838537,-0.7592578561675205,4.625577642418923E-08));
#551=FACE_BOUND('',#552,.T.);
#552=EDGE_LOOP('',(#553,#554,#555));
#553=ORIENTED_EDGE('',*,*,#556,.T.);
#554=ORIENTED_EDGE('',*,*,#557,.T.);
#555=ORIENTED_EDGE('',*,*,#558,.T.);
#556=EDGE_CURVE('',#65,#67,#559,.F.);
#557=EDGE_CURVE('',#67,#69,#560,.T.);
#558=EDGE_CURVE('',#69,#65,#561,.T.);
#559=LINE('',#64,#562);
#560=LINE('',#66,#563);
#561=LINE('',#68,#564);
#562=VECTOR('',#565,1.0);
#563=VECTOR('',#566,1.0);
#564=VECTOR('',#567,1.0);
#565=DIRECTION('',(0.6507899106838537,-0.7592578561675205,4.625577642418923E-08));
#566=DIRECTION('',(0.005291920054415222,-0.9999859976930355,4.5134416402968254E-08));
#567=DIRECTION('',(-0.06391807095251172,0.9979551493958572,-4.6129472714978334E-08));
#568=FACE_SURFACE('',(#573),#569,.T.);
#569=PLANE('',#570);
#570=AXIS2_PLACEMENT_3D('',#70,#571,#572);
#571=DIRECTION('',(1.126393374647339E-09,-3.829749771007477E-08,-0.9999999999999993));
#572=DIRECTION('',(0.022455787916752065,-0.9997478370014293,3.8313134548946386E-08));
#573=FACE_BOUND('',#574,.T.);
#574=EDGE_LOOP('',(#575,#576,#577));
#575=ORIENTED_EDGE('',*,*,#578,.T.);
#576=ORIENTED_EDGE('',*,*,#579,.T.);
#577=ORIENTED_EDGE('',*,*,#580,.T.);
#578=EDGE_CURVE('',#71,#73,#581,.F.);
#579=EDGE_CURVE('',#73,#75,#582,.T.);
#580=EDGE_CURVE('',#75,#71,#583,.T.);
#581=LINE('',#70,#584);
#582=LINE('',#72,#585);
#583=LINE('',#74,#586);
#584=VECTOR('',#587,1.0);
#585=VECTOR('',#588,1.0);
#586=VECTOR('',#589,1.0);
#587=DIRECTION('',(0.022455787916752065,-0.9997478370014293,3.8313134548946386E-08));
#588=DIRECTION('',(-0.9995677572384027,-0.02939895728404858,0));
#589=DIRECTION('',(0.9410827848636812,0.3381762736106989,-1.1891275650342252E-08));
#590=FACE_SURFACE('',(#595),#591,.T.);
#591=PLANE('',#592);
#592=AXIS2_PLACEMENT_3D('',#64,#593,#594);
#593=DIRECTION('',(5.4468245884880355E-08,-4.273535492618867E-08,-0.9999999999999978));
#594=DIRECTION('',(0.06391807095251172,-0.9979551493958572,4.6129472714978334E-08));
#595=FACE_BOUND('',#596,.T.);
#596=EDGE_LOOP('',(#597,#598,#599));
#597=ORIENTED_EDGE('',*,*,#600,.T.);
#598=ORIENTED_EDGE('',*,*,#601,.T.);
#599=ORIENTED_EDGE('',*,*,#602,.T.);
#600=EDGE_CURVE('',#65,#69,#603,.F.);
#601=EDGE_CURVE('',#69,#71,#604,.T.);
#602=EDGE_CURVE('',#71,#65,#605,.T.);
#603=LINE('',#64,#606);
#604=LINE('',#68,#607);
#605=LINE('',#70,#608);
#606=VECTOR('',#609,1.0);
#607=VECTOR('',#610,1.0);
#608=VECTOR('',#611,1.0);
#609=DIRECTION('',(0.06391807095251172,-0.9979551493958572,4.6129472714978334E-08));
#610=DIRECTION('',(0.0017936004616602179,-0.9999983914973974,4.283298045722409E-08));
#611=DIRECTION('',(-0.02801215778697493,0.9996075825123155,-4.424435792368035E-08));
#612=FACE_SURFACE('',(#617),#613,.T.);
#613=PLANE('',#614);
#614=AXIS2_PLACEMENT_3D('',#62,#615,#616);
#615=DIRECTION('',(-3.3220029013102433E-09,-5.0152370072420937E-08,-0.9999999999999987));
#616=DIRECTION('',(0.6401835117070396,-0.7682220195610391,3.6401463539546106E-08));
#617=FACE_BOUND('',#618,.T.);
#618=EDGE_LOOP('',(#619,#620,#621));
#619=ORIENTED_EDGE('',*,*,#622,.T.);
#620=ORIENTED_EDGE('',*,*,#623,.T.);
#621=ORIENTED_EDGE('',*,*,#624,.T.);
#622=EDGE_CURVE('',#63,#43,#625,.F.);
#623=EDGE_CURVE('',#43,#57,#626,.T.);
#624=EDGE_CURVE('',#57,#63,#627,.T.);
#625=LINE('',#62,#628);
#626=LINE('',#42,#629);
#627=LINE('',#56,#630);
#628=VECTOR('',#631,1.0);
#629=VECTOR('',#632,1.0);
#630=VECTOR('',#633,1.0);
#631=DIRECTION('',(0.6401835117070396,-0.7682220195610391,3.6401463539546106E-08));
#632=DIRECTION('',(-0.8845118284485994,0.4665177652935791,-2.045862075001294E-08));
#633=DIRECTION('',(0.9020448547440193,-0.43164230565346673,1.865128902747411E-08));
#634=FACE_SURFACE('',(#639),#635,.T.);
#635=PLANE('',#636);
#636=AXIS2_PLACEMENT_3D('',#76,#637,#638);
#637=DIRECTION('',(2.700791651255993E-10,-4.2645647252605316E-08,-0.9999999999999991));
#638=DIRECTION('',(0,-0.999999999999999,4.264564725260531E-08));
#639=FACE_BOUND('',#640,.T.);
#640=EDGE_LOOP('',(#641,#642,#643));
#641=ORIENTED_EDGE('',*,*,#644,.T.);
#642=ORIENTED_EDGE('',*,*,#645,.T.);
#643=ORIENTED_EDGE('',*,*,#646,.T.);
#644=EDGE_CURVE('',#77,#63,#647,.F.);
#645=EDGE_CURVE('',#63,#57,#648,.T.);
#646=EDGE_CURVE('',#57,#77,#649,.T.);
#647=LINE('',#76,#650);
#648=LINE('',#62,#651);
#649=LINE('',#56,#652);
#650=VECTOR('',#653,1.0);
#651=VECTOR('',#654,1.0);
#652=VECTOR('',#655,1.0);
#653=DIRECTION('',(0,-0.999999999999999,4.264564725260531E-08));
#654=DIRECTION('',(-0.9020448547440193,0.43164230565346673,-1.865128902747411E-08));
#655=DIRECTION('',(0.9343032089855444,-0.35647933134939774,1.545462764822802E-08));
#656=FACE_SURFACE('',(#661),#657,.T.);
#657=PLANE('',#658);
#658=AXIS2_PLACEMENT_3D('',#56,#659,#660);
#659=DIRECTION('',(-2.3302604683705836E-10,-4.426825712431767E-08,-0.9999999999999989));
#660=DIRECTION('',(0.9742272337538643,0.2255688298774749,-1.0212559281250206E-08));
#661=FACE_BOUND('',#662,.T.);
#662=EDGE_LOOP('',(#663,#664,#665));
#663=ORIENTED_EDGE('',*,*,#666,.T.);
#664=ORIENTED_EDGE('',*,*,#667,.T.);
#665=ORIENTED_EDGE('',*,*,#668,.T.);
#666=EDGE_CURVE('',#57,#65,#669,.F.);
#667=EDGE_CURVE('',#65,#71,#670,.T.);
#668=EDGE_CURVE('',#71,#57,#671,.T.);
#669=LINE('',#56,#672);
#670=LINE('',#64,#673);
#671=LINE('',#70,#674);
#672=VECTOR('',#675,1.0);
#673=VECTOR('',#676,1.0);
#674=VECTOR('',#677,1.0);
#675=DIRECTION('',(0.9742272337538643,0.2255688298774749,-1.0212559281250206E-08));
#676=DIRECTION('',(0.02801215778697493,-0.9996075825123155,4.424435792368035E-08));
#677=DIRECTION('',(-0.9572533393723126,0.2892508327741788,-1.258156527717487E-08));
#678=FACE_SURFACE('',(#683),#679,.T.);
#679=PLANE('',#680);
#680=AXIS2_PLACEMENT_3D('',#74,#681,#682);
#681=DIRECTION('',(-2.748902087458714E-09,-5.055815051465869E-08,-0.9999999999999988));
#682=DIRECTION('',(-0.707105273430921,-0.7071082889389582,3.769385046452598E-08));
#683=FACE_BOUND('',#684,.T.);
#684=EDGE_LOOP('',(#685,#686,#687));
#685=ORIENTED_EDGE('',*,*,#688,.T.);
#686=ORIENTED_EDGE('',*,*,#689,.T.);
#687=ORIENTED_EDGE('',*,*,#690,.T.);
#688=EDGE_CURVE('',#75,#77,#691,.F.);
#689=EDGE_CURVE('',#77,#57,#692,.T.);
#690=EDGE_CURVE('',#57,#75,#693,.T.);
#691=LINE('',#74,#694);
#692=LINE('',#76,#695);
#693=LINE('',#56,#696);
#694=VECTOR('',#697,1.0);
#695=VECTOR('',#698,1.0);
#696=VECTOR('',#699,1.0);
#697=DIRECTION('',(-0.707105273430921,-0.7071082889389582,3.769385046452598E-08));
#698=DIRECTION('',(-0.9343032089855444,0.35647933134939774,-1.545462764822802E-08));
#699=DIRECTION('',(0.94230202842054,-0.33476392761845686,1.4334749026470463E-08));
#700=FACE_SURFACE('',(#705),#701,.T.);
#701=PLANE('',#702);
#702=AXIS2_PLACEMENT_3D('',#56,#703,#704);
#703=DIRECTION('',(1.3679901516577704E-09,-3.896981740091388E-08,-0.9999999999999993));
#704=DIRECTION('',(0.9572533393723126,-0.2892508327741788,1.258156527717487E-08));
#705=FACE_BOUND('',#706,.T.);
#706=EDGE_LOOP('',(#707,#708,#709));
#707=ORIENTED_EDGE('',*,*,#710,.T.);
#708=ORIENTED_EDGE('',*,*,#711,.T.);
#709=ORIENTED_EDGE('',*,*,#712,.T.);
#710=EDGE_CURVE('',#57,#71,#713,.F.);
#711=EDGE_CURVE('',#71,#75,#714,.T.);
#712=EDGE_CURVE('',#75,#57,#715,.T.);
#713=LINE('',#56,#716);
#714=LINE('',#70,#717);
#715=LINE('',#74,#718);
#716=VECTOR('',#719,1.0);
#717=VECTOR('',#720,1.0);
#718=VECTOR('',#721,1.0);
#719=DIRECTION('',(0.9572533393723126,-0.2892508327741788,1.258156527717487E-08));
#720=DIRECTION('',(-0.9410827848636812,-0.3381762736106989,1.1891275650342252E-08));
#721=DIRECTION('',(-0.94230202842054,0.33476392761845686,-1.4334749026470463E-08));
#722=FACE_SURFACE('',(#727),#723,.T.);
#723=PLANE('',#724);
#724=AXIS2_PLACEMENT_3D('',#46,#725,#726);
#725=DIRECTION('',(NaN,NaN,NaN));
#726=DIRECTION('',(0.9660566576639533,-0.25833028119667134,0));
#727=FACE_BOUND('',#728,.T.);
#728=EDGE_LOOP('',(#729,#730,#731));
#729=ORIENTED_EDGE('',*,*,#732,.T.);
#730=ORIENTED_EDGE('',*,*,#733,.T.);
#731=ORIENTED_EDGE('',*,*,#734,.T.);
#732=EDGE_CURVE('',#47,#45,#735,.F.);
#733=EDGE_CURVE('',#45,#45,#736,.T.);
#734=EDGE_CURVE('',#45,#47,#737,.T.);
#735=LINE('',#46,#738);
#736=LINE('',#44,#739);
#737=LINE('',#44,#740);
#738=VECTOR('',#741,1.0);
#739=VECTOR('',#742,1.0);
#740=VECTOR('',#743,1.0);
#741=DIRECTION('',(0.9660566576639533,-0.25833028119667134,0));
#742=DIRECTION('',(NaN,NaN,NaN));
#743=DIRECTION('',(-0.9660566576639533,0.25833028119667134,0));
#744=FACE_SURFACE('',(#749),#745,.T.);
#745=PLANE('',#746);
#746=AXIS2_PLACEMENT_3D('',#46,#747,#748);
#747=DIRECTION('',(NaN,NaN,NaN));
#748=DIRECTION('',(0.9660566576639533,-0.25833028119667134,0));
#749=FACE_BOUND('',#750,.T.);
#750=EDGE_LOOP('',(#751,#752,#753));
#751=ORIENTED_EDGE('',*,*,#754,.T.);
#752=ORIENTED_EDGE('',*,*,#755,.T.);
#753=ORIENTED_EDGE('',*,*,#756,.T.);
#754=EDGE_CURVE('',#47,#45,#757,.F.);
#755=EDGE_CURVE('',#45,#47,#758,.T.);
#756=EDGE_CURVE('',#47,#47,#759,.T.);
#757=LINE('',#46,#760);
#758=LINE('',#44,#761);
#759=LINE('',#46,#762);
#760=VECTOR('',#763,1.0);
#761=VECTOR('',#764,1.0);
#762=VECTOR('',#765,1.0);
#763=DIRECTION('',(0.9660566576639533,-0.25833028119667134,0));
#764=DIRECTION('',(-0.9660566576639533,0.25833028119667134,0));
#765=DIRECTION('',(NaN,NaN,NaN));
#766=FACE_SURFACE('',(#771),#767,.T.);
#767=PLANE('',#768);
#768=AXIS2_PLACEMENT_3D('',#58,#769,#770);
#769=DIRECTION('',(NaN,NaN,NaN));
#770=DIRECTION('',(0.005284765173986694,-0.9999860355310237,4.507339292769765E-08));
#771=FACE_BOUND('',#772,.T.);
#772=EDGE_LOOP('',(#773,#774,#775));
#773=ORIENTED_EDGE('',*,*,#776,.T.);
#774=ORIENTED_EDGE('',*,*,#777,.T.);
#775=ORIENTED_EDGE('',*,*,#778,.T.);
#776=EDGE_CURVE('',#59,#57,#779,.F.);
#777=EDGE_CURVE('',#57,#57,#780,.T.);
#778=EDGE_CURVE('',#57,#59,#781,.T.);
#779=LINE('',#58,#782);
#780=LINE('',#56,#783);
#781=LINE('',#56,#784);
#782=VECTOR('',#785,1.0);
#783=VECTOR('',#786,1.0);
#784=VECTOR('',#787,1.0);
#785=DIRECTION('',(0.005284765173986694,-0.9999860355310237,4.507339292769765E-08));
#786=DIRECTION('',(NaN,NaN,NaN));
#787=DIRECTION('',(-0.005284765173986694,0.9999860355310237,-4.507339292769765E-08));
#788=FACE_SURFACE('',(#793),#789,.T.);
#789=PLANE('',#790);
#790=AXIS2_PLACEMENT_3D('',#58,#791,#792);
#791=DIRECTION('',(NaN,NaN,NaN));
#792=DIRECTION('',(0.005284765173986694,-0.9999860355310237,4.507339292769765E-08));
#793=FACE_BOUND('',#794,.T.);
#794=EDGE_LOOP('',(#795,#796,#797));
#795=ORIENTED_EDGE('',*,*,#798,.T.);
#796=ORIENTED_EDGE('',*,*,#799,.T.);
#797=ORIENTED_EDGE('',*,*,#800,.T.);
#798=EDGE_CURVE('',#59,#57,#801,.F.);
#799=EDGE_CURVE('',#57,#59,#802,.T.);
#800=EDGE_CURVE('',#59,#59,#803,.T.);
#801=LINE('',#58,#804);
#802=LINE('',#56,#805);
#803=LINE('',#58,#806);
#804=VECTOR('',#807,1.0);
#805=VECTOR('',#808,1.0);
#806=VECTOR('',#809,1.0);
#807=DIRECTION('',(0.005284765173986694,-0.9999860355310237,4.507339292769765E-08));
#808=DIRECTION('',(-0.005284765173986694,0.9999860355310237,-4.507339292769765E-08));
#809=DIRECTION('',(NaN,NaN,NaN));
#810=FACE_SURFACE('',(#815),#811,.T.);
#811=PLANE('',#812);
#812=AXIS2_PLACEMENT_3D('',#74,#813,#814);
#813=DIRECTION('',(NaN,NaN,NaN));
#814=DIRECTION('',(0.9995677572384027,0.02939895728404858,0));
#815=FACE_BOUND('',#816,.T.);
#816=EDGE_LOOP('',(#817,#818,#819));
#817=ORIENTED_EDGE('',*,*,#820,.T.);
#818=ORIENTED_EDGE('',*,*,#821,.T.);
#819=ORIENTED_EDGE('',*,*,#822,.T.);
#820=EDGE_CURVE('',#75,#73,#823,.F.);
#821=EDGE_CURVE('',#73,#73,#824,.T.);
#822=EDGE_CURVE('',#73,#75,#825,.T.);
#823=LINE('',#74,#826);
#824=LINE('',#72,#827);
#825=LINE('',#72,#828);
#826=VECTOR('',#829,1.0);
#827=VECTOR('',#830,1.0);
#828=VECTOR('',#831,1.0);
#829=DIRECTION('',(0.9995677572384027,0.02939895728404858,0));
#830=DIRECTION('',(NaN,NaN,NaN));
#831=DIRECTION('',(-0.9995677572384027,-0.02939895728404858,0));
#832=FACE_SURFACE('',(#837),#833,.T.);
#833=PLANE('',#834);
#834=AXIS2_PLACEMENT_3D('',#74,#835,#836);
#835=DIRECTION('',(NaN,NaN,NaN));
#836=DIRECTION('',(0.9995677572384027,0.02939895728404858,0));
#837=FACE_BOUND('',#838,.T.);
#838=EDGE_LOOP('',(#839,#840,#841));
#839=ORIENTED_EDGE('',*,*,#842,.T.);
#840=ORIENTED_EDGE('',*,*,#843,.T.);
#841=ORIENTED_EDGE('',*,*,#844,.T.);
#842=EDGE_CURVE('',#75,#73,#845,.F.);
#843=EDGE_CURVE('',#73,#75,#846,.T.);
#844=EDGE_CURVE('',#75,#75,#847,.T.);
#845=LINE('',#74,#848);
#846=LINE('',#72,#849);
#847=LINE('',#74,#850);
#848=VECTOR('',#851,1.0);
#849=VECTOR('',#852,1.0);
#850=VECTOR('',#853,1.0);
#851=DIRECTION('',(0.9995677572384027,0.02939895728404858,0));
#852=DIRECTION('',(-0.9995677572384027,-0.02939895728404858,0));
#853=DIRECTION('',(NaN,NaN,NaN));
#854=FACE_SURFACE('',(#859),#855,.T.);
#855=PLANE('',#856);
#856=AXIS2_PLACEMENT_3D('',#48,#857,#858);
#857=DIRECTION('',(NaN,NaN,NaN));
#858=DIRECTION('',(0.8521286277298336,-0.5233324008727827,0));
#859=FACE_BOUND('',#860,.T.);
#860=EDGE_LOOP('',(#861,#862,#863));
#861=ORIENTED_EDGE('',*,*,#864,.T.);
#862=ORIENTED_EDGE('',*,*,#865,.T.);
#863=ORIENTED_EDGE('',*,*,#866,.T.);
#864=EDGE_CURVE('',#49,#47,#867,.F.);
#865=EDGE_CURVE('',#47,#47,#868,.T.);
#866=EDGE_CURVE('',#47,#49,#869,.T.);
#867=LINE('',#48,#870);
#868=LINE('',#46,#871);
#869=LINE('',#46,#872);
#870=VECTOR('',#873,1.0);
#871=VECTOR('',#874,1.0);
#872=VECTOR('',#875,1.0);
#873=DIRECTION('',(0.8521286277298336,-0.5233324008727827,0));
#874=DIRECTION('',(NaN,NaN,NaN));
#875=DIRECTION('',(-0.8521286277298336,0.5233324008727827,0));
#876=FACE_SURFACE('',(#881),#877,.T.);
#877=PLANE('',#878);
#878=AXIS2_PLACEMENT_3D('',#48,#879,#880);
#879=DIRECTION('',(NaN,NaN,NaN));
#880=DIRECTION('',(0.8521286277298336,-0.5233324008727827,0));
#881=FACE_BOUND('',#882,.T.);
#882=EDGE_LOOP('',(#883,#884,#885));
#883=ORIENTED_EDGE('',*,*,#886,.T.);
#884=ORIENTED_EDGE('',*,*,#887,.T.);
#885=ORIENTED_EDGE('',*,*,#888,.T.);
#886=EDGE_CURVE('',#49,#47,#889,.F.);
#887=EDGE_CURVE('',#47,#49,#890,.T.);
#888=EDGE_CURVE('',#49,#49,#891,.T.);
#889=LINE('',#48,#892);
#890=LINE('',#46,#893);
#891=LINE('',#48,#894);
#892=VECTOR('',#895,1.0);
#893=VECTOR('',#896,1.0);
#894=VECTOR('',#897,1.0);
#895=DIRECTION('',(0.8521286277298336,-0.5233324008727827,0));
#896=DIRECTION('',(-0.8521286277298336,0.5233324008727827,0));
#897=DIRECTION('',(NaN,NaN,NaN));
#898=FACE_SURFACE('',(#903),#899,.T.);
#899=PLANE('',#900);
#900=AXIS2_PLACEMENT_3D('',#68,#901,#902);
#901=DIRECTION('',(NaN,NaN,NaN));
#902=DIRECTION('',(0.0017936004616602179,-0.9999983914973974,4.283298045722409E-08));
#903=FACE_BOUND('',#904,.T.);
#904=EDGE_LOOP('',(#905,#906,#907));
#905=ORIENTED_EDGE('',*,*,#908,.T.);
#906=ORIENTED_EDGE('',*,*,#909,.T.);
#907=ORIENTED_EDGE('',*,*,#910,.T.);
#908=EDGE_CURVE('',#69,#71,#911,.F.);
#909=EDGE_CURVE('',#71,#71,#912,.T.);
#910=EDGE_CURVE('',#71,#69,#913,.T.);
#911=LINE('',#68,#914);
#912=LINE('',#70,#915);
#913=LINE('',#70,#916);
#914=VECTOR('',#917,1.0);
#915=VECTOR('',#918,1.0);
#916=VECTOR('',#919,1.0);
#917=DIRECTION('',(0.0017936004616602179,-0.9999983914973974,4.283298045722409E-08));
#918=DIRECTION('',(NaN,NaN,NaN));
#919=DIRECTION('',(-0.0017936004616602179,0.9999983914973974,-4.283298045722409E-08));
#920=FACE_SURFACE('',(#925),#921,.T.);
#921=PLANE('',#922);
#922=AXIS2_PLACEMENT_3D('',#68,#923,#924);
#923=DIRECTION('',(NaN,NaN,NaN));
#924=DIRECTION('',(0.0017936004616602179,-0.9999983914973974,4.283298045722409E-08));
#925=FACE_BOUND('',#926,.T.);
#926=EDGE_LOOP('',(#927,#928,#929));
#927=ORIENTED_EDGE('',*,*,#930,.T.);
#928=ORIENTED_EDGE('',*,*,#931,.T.);
#929=ORIENTED_EDGE('',*,*,#932,.T.);
#930=EDGE_CURVE('',#69,#71,#933,.F.);
#931=EDGE_CURVE('',#71,#69,#934,.T.);
#932=EDGE_CURVE('',#69,#69,#935,.T.);
#933=LINE('',#68,#936);
#934=LINE('',#70,#937);
#935=LINE('',#68,#938);
#936=VECTOR('',#939,1.0);
#937=VECTOR('',#940,1.0);
#938=VECTOR('',#941,1.0);
#939=DIRECTION('',(0.0017936004616602179,-0.9999983914973974,4.283298045722409E-08));
#940=DIRECTION('',(-0.0017936004616602179,0.9999983914973974,-4.283298045722409E-08));
#941=DIRECTION('',(NaN,NaN,NaN));
#942=FACE_SURFACE('',(#947),#943,.T.);
#943=PLANE('',#944);
#944=AXIS2_PLACEMENT_3D('',#72,#945,#946);
#945=DIRECTION('',(NaN,NaN,NaN));
#946=DIRECTION('',(-0.022455787916752065,0.9997478370014293,-3.8313134548946386E-08));
#947=FACE_BOUND('',#948,.T.);
#948=EDGE_LOOP('',(#949,#950,#951));
#949=ORIENTED_EDGE('',*,*,#952,.T.);
#950=ORIENTED_EDGE('',*,*,#953,.T.);
#951=ORIENTED_EDGE('',*,*,#954,.T.);
#952=EDGE_CURVE('',#73,#71,#955,.F.);
#953=EDGE_CURVE('',#71,#71,#956,.T.);
#954=EDGE_CURVE('',#71,#73,#957,.T.);
#955=LINE('',#72,#958);
#956=LINE('',#70,#959);
#957=LINE('',#70,#960);
#958=VECTOR('',#961,1.0);
#959=VECTOR('',#962,1.0);
#960=VECTOR('',#963,1.0);
#961=DIRECTION('',(-0.022455787916752065,0.9997478370014293,-3.8313134548946386E-08));
#962=DIRECTION('',(NaN,NaN,NaN));
#963=DIRECTION('',(0.022455787916752065,-0.9997478370014293,3.8313134548946386E-08));
#964=FACE_SURFACE('',(#969),#965,.T.);
#965=PLANE('',#966);
#966=AXIS2_PLACEMENT_3D('',#72,#967,#968);
#967=DIRECTION('',(NaN,NaN,NaN));
#968=DIRECTION('',(-0.022455787916752065,0.9997478370014293,-3.8313134548946386E-08));
#969=FACE_BOUND('',#970,.T.);
#970=EDGE_LOOP('',(#971,#972,#973));
#971=ORIENTED_EDGE('',*,*,#974,.T.);
#972=ORIENTED_EDGE('',*,*,#975,.T.);
#973=ORIENTED_EDGE('',*,*,#976,.T.);
#974=EDGE_CURVE('',#73,#71,#977,.F.);
#975=EDGE_CURVE('',#71,#73,#978,.T.);
#976=EDGE_CURVE('',#73,#73,#979,.T.);
#977=LINE('',#72,#980);
#978=LINE('',#70,#981);
#979=LINE('',#72,#982);
#980=VECTOR('',#983,1.0);
#981=VECTOR('',#984,1.0);
#982=VECTOR('',#985,1.0);
#983=DIRECTION('',(-0.022455787916752065,0.9997478370014293,-3.8313134548946386E-08));
#984=DIRECTION('',(0.022455787916752065,-0.9997478370014293,3.8313134548946386E-08));
#985=DIRECTION('',(NaN,NaN,NaN));
#986=FACE_SURFACE('',(#991),#987,.T.);
#987=PLANE('',#988);
#988=AXIS2_PLACEMENT_3D('',#76,#989,#990);
#989=DIRECTION('',(NaN,NaN,NaN));
#990=DIRECTION('',(0.707105273430921,0.7071082889389582,-3.769385046452598E-08));
#991=FACE_BOUND('',#992,.T.);
#992=EDGE_LOOP('',(#993,#994,#995));
#993=ORIENTED_EDGE('',*,*,#996,.T.);
#994=ORIENTED_EDGE('',*,*,#997,.T.);
#995=ORIENTED_EDGE('',*,*,#998,.T.);
#996=EDGE_CURVE('',#77,#75,#999,.F.);
#997=EDGE_CURVE('',#75,#75,#1000,.T.);
#998=EDGE_CURVE('',#75,#77,#1001,.T.);
#999=LINE('',#76,#1002);
#1000=LINE('',#74,#1003);
#1001=LINE('',#74,#1004);
#1002=VECTOR('',#1005,1.0);
#1003=VECTOR('',#1006,1.0);
#1004=VECTOR('',#1007,1.0);
#1005=DIRECTION('',(0.707105273430921,0.7071082889389582,-3.769385046452598E-08));
#1006=DIRECTION('',(NaN,NaN,NaN));
#1007=DIRECTION('',(-0.707105273430921,-0.7071082889389582,3.769385046452598E-08));
#1008=FACE_SURFACE('',(#1013),#1009,.T.);
#1009=PLANE('',#1010);
#1010=AXIS2_PLACEMENT_3D('',#76,#1011,#1012);
#1011=DIRECTION('',(NaN,NaN,NaN));
#1012=DIRECTION('',(0.707105273430921,0.7071082889389582,-3.769385046452598E-08));
#1013=FACE_BOUND('',#1014,.T.);
#1014=EDGE_LOOP('',(#1015,#1016,#1017));
#1015=ORIENTED_EDGE('',*,*,#1018,.T.);
#1016=ORIENTED_EDGE('',*,*,#1019,.T.);
#1017=ORIENTED_EDGE('',*,*,#1020,.T.);
#1018=EDGE_CURVE('',#77,#75,#1021,.F.);
#1019=EDGE_CURVE('',#75,#77,#1022,.T.);
#1020=EDGE_CURVE('',#77,#77,#1023,.T.);
#1021=LINE('',#76,#1024);
#1022=LINE('',#74,#1025);
#1023=LINE('',#76,#1026);
#1024=VECTOR('',#1027,1.0);
#1025=VECTOR('',#1028,1.0);
#1026=VECTOR('',#1029,1.0);
#1027=DIRECTION('',(0.707105273430921,0.7071082889389582,-3.769385046452598E-08));
#1028=DIRECTION('',(-0.707105273430921,-0.7071082889389582,3.769385046452598E-08));
#1029=DIRECTION('',(NaN,NaN,NaN));
#1030=FACE_SURFACE('',(#1035),#1031,.T.);
#1031=PLANE('',#1032);
#1032=AXIS2_PLACEMENT_3D('',#52,#1033,#1034);
#1033=DIRECTION('',(NaN,NaN,NaN));
#1034=DIRECTION('',(0.25090250211599835,-0.9680123627474658,0));
#1035=FACE_BOUND('',#1036,.T.);
#1036=EDGE_LOOP('',(#1037,#1038,#1039));
#1037=ORIENTED_EDGE('',*,*,#1040,.T.);
#1038=ORIENTED_EDGE('',*,*,#1041,.T.);
#1039=ORIENTED_EDGE('',*,*,#1042,.T.);
#1040=EDGE_CURVE('',#53,#51,#1043,.F.);
#1041=EDGE_CURVE('',#51,#51,#1044,.T.);
#1042=EDGE_CURVE('',#51,#53,#1045,.T.);
#1043=LINE('',#52,#1046);
#1044=LINE('',#50,#1047);
#1045=LINE('',#50,#1048);
#1046=VECTOR('',#1049,1.0);
#1047=VECTOR('',#1050,1.0);
#1048=VECTOR('',#1051,1.0);
#1049=DIRECTION('',(0.25090250211599835,-0.9680123627474658,0));
#1050=DIRECTION('',(NaN,NaN,NaN));
#1051=DIRECTION('',(-0.25090250211599835,0.9680123627474658,0));
#1052=FACE_SURFACE('',(#1057),#1053,.T.);
#1053=PLANE('',#1054);
#1054=AXIS2_PLACEMENT_3D('',#52,#1055,#1056);
#1055=DIRECTION('',(NaN,NaN,NaN));
#1056=DIRECTION('',(0.25090250211599835,-0.9680123627474658,0));
#1057=FACE_BOUND('',#1058,.T.);
#1058=EDGE_LOOP('',(#1059,#1060,#1061));
#1059=ORIENTED_EDGE('',*,*,#1062,.T.);
#1060=ORIENTED_EDGE('',*,*,#1063,.T.);
#1061=ORIENTED_EDGE('',*,*,#1064,.T.);
#1062=EDGE_CURVE('',#53,#51,#1065,.F.);
#1063=EDGE_CURVE('',#51,#53,#1066,.T.);
#1064=EDGE_CURVE('',#53,#53,#1067,.T.);
#1065=LINE('',#52,#1068);
#1066=LINE('',#50,#1069);
#1067=LINE('',#52,#1070);
#1068=VECTOR('',#1071,1.0);
#1069=VECTOR('',#1072,1.0);
#1070=VECTOR('',#1073,1.0);
#1071=DIRECTION('',(0.25090250211599835,-0.9680123627474658,0));
#1072=DIRECTION('',(-0.25090250211599835,0.9680123627474658,0));
#1073=DIRECTION('',(NaN,NaN,NaN));
#1074=FACE_SURFACE('',(#1079),#1075,.T.);
#1075=PLANE('',#1076);
#1076=AXIS2_PLACEMENT_3D('',#66,#1077,#1078);
#1077=DIRECTION('',(NaN,NaN,NaN));
#1078=DIRECTION('',(-0.6507899106838537,0.7592578561675205,-4.625577642418923E-08));
#1079=FACE_BOUND('',#1080,.T.);
#1080=EDGE_LOOP('',(#1081,#1082,#1083));
#1081=ORIENTED_EDGE('',*,*,#1084,.T.);
#1082=ORIENTED_EDGE('',*,*,#1085,.T.);
#1083=ORIENTED_EDGE('',*,*,#1086,.T.);
#1084=EDGE_CURVE('',#67,#65,#1087,.F.);
#1085=EDGE_CURVE('',#65,#65,#1088,.T.);
#1086=EDGE_CURVE('',#65,#67,#1089,.T.);
#1087=LINE('',#66,#1090);
#1088=LINE('',#64,#1091);
#1089=LINE('',#64,#1092);
#1090=VECTOR('',#1093,1.0);
#1091=VECTOR('',#1094,1.0);
#1092=VECTOR('',#1095,1.0);
#1093=DIRECTION('',(-0.6507899106838537,0.7592578561675205,-4.625577642418923E-08));
#1094=DIRECTION('',(NaN,NaN,NaN));
#1095=DIRECTION('',(0.6507899106838537,-0.7592578561675205,4.625577642418923E-08));
#1096=FACE_SURFACE('',(#1101),#1097,.T.);
#1097=PLANE('',#1098);
#1098=AXIS2_PLACEMENT_3D('',#66,#1099,#1100);
#1099=DIRECTION('',(NaN,NaN,NaN));
#1100=DIRECTION('',(-0.6507899106838537,0.7592578561675205,-4.625577642418923E-08));
#1101=FACE_BOUND('',#1102,.T.);
#1102=EDGE_LOOP('',(#1103,#1104,#1105));
#1103=ORIENTED_EDGE('',*,*,#1106,.T.);
#1104=ORIENTED_EDGE('',*,*,#1107,.T.);
#1105=ORIENTED_EDGE('',*,*,#1108,.T.);
#1106=EDGE_CURVE('',#67,#65,#1109,.F.);
#1107=EDGE_CURVE('',#65,#67,#1110,.T.);
#1108=EDGE_CURVE('',#67,#67,#1111,.T.);
#1109=LINE('',#66,#1112);
#1110=LINE('',#64,#1113);
#1111=LINE('',#66,#1114);
#1112=VECTOR('',#1115,1.0);
#1113=VECTOR('',#1116,1.0);
#1114=VECTOR('',#1117,1.0);
#1115=DIRECTION('',(-0.6507899106838537,0.7592578561675205,-4.625577642418923E-08));
#1116=DIRECTION('',(0.6507899106838537,-0.7592578561675205,4.625577642418923E-08));
#1117=DIRECTION('',(NaN,NaN,NaN));
#1118=FACE_SURFACE('',(#1123),#1119,.T.);
#1119=PLANE('',#1120);
#1120=AXIS2_PLACEMENT_3D('',#34,#1121,#1122);
#1121=DIRECTION('',(NaN,NaN,NaN));
#1122=DIRECTION('',(-0.8574918931901504,0.5144974762942676,-3.6568440271557904E-08));
#1123=FACE_BOUND('',#1124,.T.);
#1124=EDGE_LOOP('',(#1125,#1126,#1127));
#1125=ORIENTED_EDGE('',*,*,#1128,.T.);
#1126=ORIENTED_EDGE('',*,*,#1129,.T.);
#1127=ORIENTED_EDGE('',*,*,#1130,.T.);
#1128=EDGE_CURVE('',#35,#63,#1131,.F.);
#1129=EDGE_CURVE('',#63,#63,#1132,.T.);
#1130=EDGE_CURVE('',#63,#35,#1133,.T.);
#1131=LINE('',#34,#1134);
#1132=LINE('',#62,#1135);
#1133=LINE('',#62,#1136);
#1134=VECTOR('',#1137,1.0);
#1135=VECTOR('',#1138,1.0);
#1136=VECTOR('',#1139,1.0);
#1137=DIRECTION('',(-0.8574918931901504,0.5144974762942676,-3.6568440271557904E-08));
#1138=DIRECTION('',(NaN,NaN,NaN));
#1139=DIRECTION('',(0.8574918931901504,-0.5144974762942676,3.6568440271557904E-08));
#1140=FACE_SURFACE('',(#1145),#1141,.T.);
#1141=PLANE('',#1142);
#1142=AXIS2_PLACEMENT_3D('',#34,#1143,#1144);
#1143=DIRECTION('',(NaN,NaN,NaN));
#1144=DIRECTION('',(-0.8574918931901504,0.5144974762942676,-3.6568440271557904E-08));
#1145=FACE_BOUND('',#1146,.T.);
#1146=EDGE_LOOP('',(#1147,#1148,#1149));
#1147=ORIENTED_EDGE('',*,*,#1150,.T.);
#1148=ORIENTED_EDGE('',*,*,#1151,.T.);
#1149=ORIENTED_EDGE('',*,*,#1152,.T.);
#1150=EDGE_CURVE('',#35,#63,#1153,.F.);
#1151=EDGE_CURVE('',#63,#35,#1154,.T.);
#1152=EDGE_CURVE('',#35,#35,#1155,.T.);
#1153=LINE('',#34,#1156);
#1154=LINE('',#62,#1157);
#1155=LINE('',#34,#1158);
#1156=VECTOR('',#1159,1.0);
#1157=VECTOR('',#1160,1.0);
#1158=VECTOR('',#1161,1.0);
#1159=DIRECTION('',(-0.8574918931901504,0.5144974762942676,-3.6568440271557904E-08));
#1160=DIRECTION('',(0.8574918931901504,-0.5144974762942676,3.6568440271557904E-08));
#1161=DIRECTION('',(NaN,NaN,NaN));
#1162=FACE_SURFACE('',(#1167),#1163,.T.);
#1163=PLANE('',#1164);
#1164=AXIS2_PLACEMENT_3D('',#50,#1165,#1166);
#1165=DIRECTION('',(NaN,NaN,NaN));
#1166=DIRECTION('',(0.44199715928730315,-0.897016449783355,1.4218784076638554E-07));
#1167=FACE_BOUND('',#1168,.T.);
#1168=EDGE_LOOP('',(#1169,#1170,#1171));
#1169=ORIENTED_EDGE('',*,*,#1172,.T.);
#1170=ORIENTED_EDGE('',*,*,#1173,.T.);
#1171=ORIENTED_EDGE('',*,*,#1174,.T.);
#1172=EDGE_CURVE('',#51,#49,#1175,.F.);
#1173=EDGE_CURVE('',#49,#49,#1176,.T.);
#1174=EDGE_CURVE('',#49,#51,#1177,.T.);
#1175=LINE('',#50,#1178);
#1176=LINE('',#48,#1179);
#1177=LINE('',#48,#1180);
#1178=VECTOR('',#1181,1.0);
#1179=VECTOR('',#1182,1.0);
#1180=VECTOR('',#1183,1.0);
#1181=DIRECTION('',(0.44199715928730315,-0.897016449783355,1.4218784076638554E-07));
#1182=DIRECTION('',(NaN,NaN,NaN));
#1183=DIRECTION('',(-0.44199715928730315,0.897016449783355,-1.4218784076638554E-07));
#1184=FACE_SURFACE('',(#1189),#1185,.T.);
#1185=PLANE('',#1186);
#1186=AXIS2_PLACEMENT_3D('',#50,#1187,#1188);
#1187=DIRECTION('',(NaN,NaN,NaN));
#1188=DIRECTION('',(0.44199715928730315,-0.897016449783355,1.4218784076638554E-07));
#1189=FACE_BOUND('',#1190,.T.);
#1190=EDGE_LOOP('',(#1191,#1192,#1193));
#1191=ORIENTED_EDGE('',*,*,#1194,.T.);
#1192=ORIENTED_EDGE('',*,*,#1195,.T.);
#1193=ORIENTED_EDGE('',*,*,#1196,.T.);
#1194=EDGE_CURVE('',#51,#49,#1197,.F.);
#1195=EDGE_CURVE('',#49,#51,#1198,.T.);
#1196=EDGE_CURVE('',#51,#51,#1199,.T.);
#1197=LINE('',#50,#1200);
#1198=LINE('',#48,#1201);
#1199=LINE('',#50,#1202);
#1200=VECTOR('',#1203,1.0);
#1201=VECTOR('',#1204,1.0);
#1202=VECTOR('',#1205,1.0);
#1203=DIRECTION('',(0.44199715928730315,-0.897016449783355,1.4218784076638554E-07));
#1204=DIRECTION('',(-0.44199715928730315,0.897016449783355,-1.4218784076638554E-07));
#1205=DIRECTION('',(NaN,NaN,NaN));
#1206=FACE_SURFACE('',(#1211),#1207,.T.);
#1207=PLANE('',#1208);
#1208=AXIS2_PLACEMENT_3D('',#64,#1209,#1210);
#1209=DIRECTION('',(NaN,NaN,NaN));
#1210=DIRECTION('',(-0.9999973938891307,-0.00228302758345499,9.736422837350352E-10));
#1211=FACE_BOUND('',#1212,.T.);
#1212=EDGE_LOOP('',(#1213,#1214,#1215));
#1213=ORIENTED_EDGE('',*,*,#1216,.T.);
#1214=ORIENTED_EDGE('',*,*,#1217,.T.);
#1215=ORIENTED_EDGE('',*,*,#1218,.T.);
#1216=EDGE_CURVE('',#65,#61,#1219,.F.);
#1217=EDGE_CURVE('',#61,#61,#1220,.T.);
#1218=EDGE_CURVE('',#61,#65,#1221,.T.);
#1219=LINE('',#64,#1222);
#1220=LINE('',#60,#1223);
#1221=LINE('',#60,#1224);
#1222=VECTOR('',#1225,1.0);
#1223=VECTOR('',#1226,1.0);
#1224=VECTOR('',#1227,1.0);
#1225=DIRECTION('',(-0.9999973938891307,-0.00228302758345499,9.736422837350352E-10));
#1226=DIRECTION('',(NaN,NaN,NaN));
#1227=DIRECTION('',(0.9999973938891307,0.00228302758345499,-9.736422837350352E-10));
#1228=FACE_SURFACE('',(#1233),#1229,.T.);
#1229=PLANE('',#1230);
#1230=AXIS2_PLACEMENT_3D('',#64,#1231,#1232);
#1231=DIRECTION('',(NaN,NaN,NaN));
#1232=DIRECTION('',(-0.9999973938891307,-0.00228302758345499,9.736422837350352E-10));
#1233=FACE_BOUND('',#1234,.T.);
#1234=EDGE_LOOP('',(#1235,#1236,#1237));
#1235=ORIENTED_EDGE('',*,*,#1238,.T.);
#1236=ORIENTED_EDGE('',*,*,#1239,.T.);
#1237=ORIENTED_EDGE('',*,*,#1240,.T.);
#1238=EDGE_CURVE('',#65,#61,#1241,.F.);
#1239=EDGE_CURVE('',#61,#65,#1242,.T.);
#1240=EDGE_CURVE('',#65,#65,#1243,.T.);
#1241=LINE('',#64,#1244);
#1242=LINE('',#60,#1245);
#1243=LINE('',#64,#1246);
#1244=VECTOR('',#1247,1.0);
#1245=VECTOR('',#1248,1.0);
#1246=VECTOR('',#1249,1.0);
#1247=DIRECTION('',(-0.9999973938891307,-0.00228302758345499,9.736422837350352E-10));
#1248=DIRECTION('',(0.9999973938891307,0.00228302758345499,-9.736422837350352E-10));
#1249=DIRECTION('',(NaN,NaN,NaN));
#1250=FACE_SURFACE('',(#1255),#1251,.T.);
#1251=PLANE('',#1252);
#1252=AXIS2_PLACEMENT_3D('',#38,#1253,#1254);
#1253=DIRECTION('',(NaN,NaN,NaN));
#1254=DIRECTION('',(-0.09053535614945081,0.9958932419124504,-3.86095401030369E-08));
#1255=FACE_BOUND('',#1256,.T.);
#1256=EDGE_LOOP('',(#1257,#1258,#1259));
#1257=ORIENTED_EDGE('',*,*,#1260,.T.);
#1258=ORIENTED_EDGE('',*,*,#1261,.T.);
#1259=ORIENTED_EDGE('',*,*,#1262,.T.);
#1260=EDGE_CURVE('',#39,#37,#1263,.F.);
#1261=EDGE_CURVE('',#37,#37,#1264,.T.);
#1262=EDGE_CURVE('',#37,#39,#1265,.T.);
#1263=LINE('',#38,#1266);
#1264=LINE('',#36,#1267);
#1265=LINE('',#36,#1268);
#1266=VECTOR('',#1269,1.0);
#1267=VECTOR('',#1270,1.0);
#1268=VECTOR('',#1271,1.0);
#1269=DIRECTION('',(-0.09053535614945081,0.9958932419124504,-3.86095401030369E-08));
#1270=DIRECTION('',(NaN,NaN,NaN));
#1271=DIRECTION('',(0.09053535614945081,-0.9958932419124504,3.86095401030369E-08));
#1272=FACE_SURFACE('',(#1277),#1273,.T.);
#1273=PLANE('',#1274);
#1274=AXIS2_PLACEMENT_3D('',#38,#1275,#1276);
#1275=DIRECTION('',(NaN,NaN,NaN));
#1276=DIRECTION('',(-0.09053535614945081,0.9958932419124504,-3.86095401030369E-08));
#1277=FACE_BOUND('',#1278,.T.);
#1278=EDGE_LOOP('',(#1279,#1280,#1281));
#1279=ORIENTED_EDGE('',*,*,#1282,.T.);
#1280=ORIENTED_EDGE('',*,*,#1283,.T.);
#1281=ORIENTED_EDGE('',*,*,#1284,.T.);
#1282=EDGE_CURVE('',#39,#37,#1285,.F.);
#1283=EDGE_CURVE('',#37,#39,#1286,.T.);
#1284=EDGE_CURVE('',#39,#39,#1287,.T.);
#1285=LINE('',#38,#1288);
#1286=LINE('',#36,#1289);
#1287=LINE('',#38,#1290);
#1288=VECTOR('',#1291,1.0);
#1289=VECTOR('',#1292,1.0);
#1290=VECTOR('',#1293,1.0);
#1291=DIRECTION('',(-0.09053535614945081,0.9958932419124504,-3.86095401030369E-08));
#1292=DIRECTION('',(0.09053535614945081,-0.9958932419124504,3.86095401030369E-08));
#1293=DIRECTION('',(NaN,NaN,NaN));
#1294=FACE_SURFACE('',(#1299),#1295,.T.);
#1295=PLANE('',#1296);
#1296=AXIS2_PLACEMENT_3D('',#54,#1297,#1298);
#1297=DIRECTION('',(NaN,NaN,NaN));
#1298=DIRECTION('',(0.011553340247141513,-0.9999332579373145,4.434314452507643E-08));
#1299=FACE_BOUND('',#1300,.T.);
#1300=EDGE_LOOP('',(#1301,#1302,#1303));
#1301=ORIENTED_EDGE('',*,*,#1304,.T.);
#1302=ORIENTED_EDGE('',*,*,#1305,.T.);
#1303=ORIENTED_EDGE('',*,*,#1306,.T.);
#1304=EDGE_CURVE('',#55,#53,#1307,.F.);
#1305=EDGE_CURVE('',#53,#53,#1308,.T.);
#1306=EDGE_CURVE('',#53,#55,#1309,.T.);
#1307=LINE('',#54,#1310);
#1308=LINE('',#52,#1311);
#1309=LINE('',#52,#1312);
#1310=VECTOR('',#1313,1.0);
#1311=VECTOR('',#1314,1.0);
#1312=VECTOR('',#1315,1.0);
#1313=DIRECTION('',(0.011553340247141513,-0.9999332579373145,4.434314452507643E-08));
#1314=DIRECTION('',(NaN,NaN,NaN));
#1315=DIRECTION('',(-0.011553340247141513,0.9999332579373145,-4.434314452507643E-08));
#1316=FACE_SURFACE('',(#1321),#1317,.T.);
#1317=PLANE('',#1318);
#1318=AXIS2_PLACEMENT_3D('',#54,#1319,#1320);
#1319=DIRECTION('',(NaN,NaN,NaN));
#1320=DIRECTION('',(0.011553340247141513,-0.9999332579373145,4.434314452507643E-08));
#1321=FACE_BOUND('',#1322,.T.);
#1322=EDGE_LOOP('',(#1323,#1324,#1325));
#1323=ORIENTED_EDGE('',*,*,#1326,.T.);
#1324=ORIENTED_EDGE('',*,*,#1327,.T.);
#1325=ORIENTED_EDGE('',*,*,#1328,.T.);
#1326=EDGE_CURVE('',#55,#53,#1329,.F.);
#1327=EDGE_CURVE('',#53,#55,#1330,.T.);
#1328=EDGE_CURVE('',#55,#55,#1331,.T.);
#1329=LINE('',#54,#1332);
#1330=LINE('',#52,#1333);
#1331=LINE('',#54,#1334);
#1332=VECTOR('',#1335,1.0);
#1333=VECTOR('',#1336,1.0);
#1334=VECTOR('',#1337,1.0);
#1335=DIRECTION('',(0.011553340247141513,-0.9999332579373145,4.434314452507643E-08));
#1336=DIRECTION('',(-0.011553340247141513,0.9999332579373145,-4.434314452507643E-08));
#1337=DIRECTION('',(NaN,NaN,NaN));
#1338=FACE_SURFACE('',(#1343),#1339,.T.);
#1339=PLANE('',#1340);
#1340=AXIS2_PLACEMENT_3D('',#60,#1341,#1342);
#1341=DIRECTION('',(NaN,NaN,NaN));
#1342=DIRECTION('',(-0.780869017369053,-0.6246947876468074,0));
#1343=FACE_BOUND('',#1344,.T.);
#1344=EDGE_LOOP('',(#1345,#1346,#1347));
#1345=ORIENTED_EDGE('',*,*,#1348,.T.);
#1346=ORIENTED_EDGE('',*,*,#1349,.T.);
#1347=ORIENTED_EDGE('',*,*,#1350,.T.);
#1348=EDGE_CURVE('',#61,#59,#1351,.F.);
#1349=EDGE_CURVE('',#59,#59,#1352,.T.);
#1350=EDGE_CURVE('',#59,#61,#1353,.T.);
#1351=LINE('',#60,#1354);
#1352=LINE('',#58,#1355);
#1353=LINE('',#58,#1356);
#1354=VECTOR('',#1357,1.0);
#1355=VECTOR('',#1358,1.0);
#1356=VECTOR('',#1359,1.0);
#1357=DIRECTION('',(-0.780869017369053,-0.6246947876468074,0));
#1358=DIRECTION('',(NaN,NaN,NaN));
#1359=DIRECTION('',(0.780869017369053,0.6246947876468074,0));
#1360=FACE_SURFACE('',(#1365),#1361,.T.);
#1361=PLANE('',#1362);
#1362=AXIS2_PLACEMENT_3D('',#60,#1363,#1364);
#1363=DIRECTION('',(NaN,NaN,NaN));
#1364=DIRECTION('',(-0.780869017369053,-0.6246947876468074,0));
#1365=FACE_BOUND('',#1366,.T.);
#1366=EDGE_LOOP('',(#1367,#1368,#1369));
#1367=ORIENTED_EDGE('',*,*,#1370,.T.);
#1368=ORIENTED_EDGE('',*,*,#1371,.T.);
#1369=ORIENTED_EDGE('',*,*,#1372,.T.);
#1370=EDGE_CURVE('',#61,#59,#1373,.F.);
#1371=EDGE_CURVE('',#59,#61,#1374,.T.);
#1372=EDGE_CURVE('',#61,#61,#1375,.T.);
#1373=LINE('',#60,#1376);
#1374=LINE('',#58,#1377);
#1375=LINE('',#60,#1378);
#1376=VECTOR('',#1379,1.0);
#1377=VECTOR('',#1380,1.0);
#1378=VECTOR('',#1381,1.0);
#1379=DIRECTION('',(-0.780869017369053,-0.6246947876468074,0));
#1380=DIRECTION('',(0.780869017369053,0.6246947876468074,0));
#1381=DIRECTION('',(NaN,NaN,NaN));
#1382=FACE_SURFACE('',(#1387),#1383,.T.);
#1383=PLANE('',#1384);
#1384=AXIS2_PLACEMENT_3D('',#36,#1385,#1386);
#1385=DIRECTION('',(NaN,NaN,NaN));
#1386=DIRECTION('',(-0.9994449110158576,0.03331470913132044,0));
#1387=FACE_BOUND('',#1388,.T.);
#1388=EDGE_LOOP('',(#1389,#1390,#1391));
#1389=ORIENTED_EDGE('',*,*,#1392,.T.);
#1390=ORIENTED_EDGE('',*,*,#1393,.T.);
#1391=ORIENTED_EDGE('',*,*,#1394,.T.);
#1392=EDGE_CURVE('',#37,#35,#1395,.F.);
#1393=EDGE_CURVE('',#35,#35,#1396,.T.);
#1394=EDGE_CURVE('',#35,#37,#1397,.T.);
#1395=LINE('',#36,#1398);
#1396=LINE('',#34,#1399);
#1397=LINE('',#34,#1400);
#1398=VECTOR('',#1401,1.0);
#1399=VECTOR('',#1402,1.0);
#1400=VECTOR('',#1403,1.0);
#1401=DIRECTION('',(-0.9994449110158576,0.03331470913132044,0));
#1402=DIRECTION('',(NaN,NaN,NaN));
#1403=DIRECTION('',(0.9994449110158576,-0.03331470913132044,0));
#1404=FACE_SURFACE('',(#1409),#1405,.T.);
#1405=PLANE('',#1406);
#1406=AXIS2_PLACEMENT_3D('',#36,#1407,#1408);
#1407=DIRECTION('',(NaN,NaN,NaN));
#1408=DIRECTION('',(-0.9994449110158576,0.03331470913132044,0));
#1409=FACE_BOUND('',#1410,.T.);
#1410=EDGE_LOOP('',(#1411,#1412,#1413));
#1411=ORIENTED_EDGE('',*,*,#1414,.T.);
#1412=ORIENTED_EDGE('',*,*,#1415,.T.);
#1413=ORIENTED_EDGE('',*,*,#1416,.T.);
#1414=EDGE_CURVE('',#37,#35,#1417,.F.);
#1415=EDGE_CURVE('',#35,#37,#1418,.T.);
#1416=EDGE_CURVE('',#37,#37,#1419,.T.);
#1417=LINE('',#36,#1420);
#1418=LINE('',#34,#1421);
#1419=LINE('',#36,#1422);
#1420=VECTOR('',#1423,1.0);
#1421=VECTOR('',#1424,1.0);
#1422=VECTOR('',#1425,1.0);
#1423=DIRECTION('',(-0.9994449110158576,0.03331470913132044,0));
#1424=DIRECTION('',(0.9994449110158576,-0.03331470913132044,0));
#1425=DIRECTION('',(NaN,NaN,NaN));
#1426=FACE_SURFACE('',(#1431),#1427,.T.);
#1427=PLANE('',#1428);
#1428=AXIS2_PLACEMENT_3D('',#40,#1429,#1430);
#1429=DIRECTION('',(NaN,NaN,NaN));
#1430=DIRECTION('',(0.7071055749817875,0.7071079873892461,-7.538773307875781E-08));
#1431=FACE_BOUND('',#1432,.T.);
#1432=EDGE_LOOP('',(#1433,#1434,#1435));
#1433=ORIENTED_EDGE('',*,*,#1436,.T.);
#1434=ORIENTED_EDGE('',*,*,#1437,.T.);
#1435=ORIENTED_EDGE('',*,*,#1438,.T.);
#1436=EDGE_CURVE('',#41,#39,#1439,.F.);
#1437=EDGE_CURVE('',#39,#39,#1440,.T.);
#1438=EDGE_CURVE('',#39,#41,#1441,.T.);
#1439=LINE('',#40,#1442);
#1440=LINE('',#38,#1443);
#1441=LINE('',#38,#1444);
#1442=VECTOR('',#1445,1.0);
#1443=VECTOR('',#1446,1.0);
#1444=VECTOR('',#1447,1.0);
#1445=DIRECTION('',(0.7071055749817875,0.7071079873892461,-7.538773307875781E-08));
#1446=DIRECTION('',(NaN,NaN,NaN));
#1447=DIRECTION('',(-0.7071055749817875,-0.7071079873892461,7.538773307875781E-08));
#1448=FACE_SURFACE('',(#1453),#1449,.T.);
#1449=PLANE('',#1450);
#1450=AXIS2_PLACEMENT_3D('',#40,#1451,#1452);
#1451=DIRECTION('',(NaN,NaN,NaN));
#1452=DIRECTION('',(0.7071055749817875,0.7071079873892461,-7.538773307875781E-08));
#1453=FACE_BOUND('',#1454,.T.);
#1454=EDGE_LOOP('',(#1455,#1456,#1457));
#1455=ORIENTED_EDGE('',*,*,#1458,.T.);
#1456=ORIENTED_EDGE('',*,*,#1459,.T.);
#1457=ORIENTED_EDGE('',*,*,#1460,.T.);
#1458=EDGE_CURVE('',#41,#39,#1461,.F.);
#1459=EDGE_CURVE('',#39,#41,#1462,.T.);
#1460=EDGE_CURVE('',#41,#41,#1463,.T.);
#1461=LINE('',#40,#1464);
#1462=LINE('',#38,#1465);
#1463=LINE('',#40,#1466);
#1464=VECTOR('',#1467,1.0);
#1465=VECTOR('',#1468,1.0);
#1466=VECTOR('',#1469,1.0);
#1467=DIRECTION('',(0.7071055749817875,0.7071079873892461,-7.538773307875781E-08));
#1468=DIRECTION('',(-0.7071055749817875,-0.7071079873892461,7.538773307875781E-08));
#1469=DIRECTION('',(NaN,NaN,NaN));
#1470=FACE_SURFACE('',(#1475),#1471,.T.);
#1471=PLANE('',#1472);
#1472=AXIS2_PLACEMENT_3D('',#42,#1473,#1474);
#1473=DIRECTION('',(NaN,NaN,NaN));
#1474=DIRECTION('',(0.9363294401239118,0.35112274144128247,0));
#1475=FACE_BOUND('',#1476,.T.);
#1476=EDGE_LOOP('',(#1477,#1478,#1479));
#1477=ORIENTED_EDGE('',*,*,#1480,.T.);
#1478=ORIENTED_EDGE('',*,*,#1481,.T.);
#1479=ORIENTED_EDGE('',*,*,#1482,.T.);
#1480=EDGE_CURVE('',#43,#41,#1483,.F.);
#1481=EDGE_CURVE('',#41,#41,#1484,.T.);
#1482=EDGE_CURVE('',#41,#43,#1485,.T.);
#1483=LINE('',#42,#1486);
#1484=LINE('',#40,#1487);
#1485=LINE('',#40,#1488);
#1486=VECTOR('',#1489,1.0);
#1487=VECTOR('',#1490,1.0);
#1488=VECTOR('',#1491,1.0);
#1489=DIRECTION('',(0.9363294401239118,0.35112274144128247,0));
#1490=DIRECTION('',(NaN,NaN,NaN));
#1491=DIRECTION('',(-0.9363294401239118,-0.35112274144128247,0));
#1492=FACE_SURFACE('',(#1497),#1493,.T.);
#1493=PLANE('',#1494);
#1494=AXIS2_PLACEMENT_3D('',#42,#1495,#1496);
#1495=DIRECTION('',(NaN,NaN,NaN));
#1496=DIRECTION('',(0.9363294401239118,0.35112274144128247,0));
#1497=FACE_BOUND('',#1498,.T.);
#1498=EDGE_LOOP('',(#1499,#1500,#1501));
#1499=ORIENTED_EDGE('',*,*,#1502,.T.);
#1500=ORIENTED_EDGE('',*,*,#1503,.T.);
#1501=ORIENTED_EDGE('',*,*,#1504,.T.);
#1502=EDGE_CURVE('',#43,#41,#1505,.F.);
#1503=EDGE_CURVE('',#41,#43,#1506,.T.);
#1504=EDGE_CURVE('',#43,#43,#1507,.T.);
#1505=LINE('',#42,#1508);
#1506=LINE('',#40,#1509);
#1507=LINE('',#42,#1510);
#1508=VECTOR('',#1511,1.0);
#1509=VECTOR('',#1512,1.0);
#1510=VECTOR('',#1513,1.0);
#1511=DIRECTION('',(0.9363294401239118,0.35112274144128247,0));
#1512=DIRECTION('',(-0.9363294401239118,-0.35112274144128247,0));
#1513=DIRECTION('',(NaN,NaN,NaN));
#1514=FACE_SURFACE('',(#1519),#1515,.T.);
#1515=PLANE('',#1516);
#1516=AXIS2_PLACEMENT_3D('',#54,#1517,#1518);
#1517=DIRECTION('',(NaN,NaN,NaN));
#1518=DIRECTION('',(-0.0036011674265703703,0.9999935157755595,-4.3002094795691276E-08));
#1519=FACE_BOUND('',#1520,.T.);
#1520=EDGE_LOOP('',(#1521,#1522,#1523));
#1521=ORIENTED_EDGE('',*,*,#1524,.T.);
#1522=ORIENTED_EDGE('',*,*,#1525,.T.);
#1523=ORIENTED_EDGE('',*,*,#1526,.T.);
#1524=EDGE_CURVE('',#55,#57,#1527,.F.);
#1525=EDGE_CURVE('',#57,#57,#1528,.T.);
#1526=EDGE_CURVE('',#57,#55,#1529,.T.);
#1527=LINE('',#54,#1530);
#1528=LINE('',#56,#1531);
#1529=LINE('',#56,#1532);
#1530=VECTOR('',#1533,1.0);
#1531=VECTOR('',#1534,1.0);
#1532=VECTOR('',#1535,1.0);
#1533=DIRECTION('',(-0.0036011674265703703,0.9999935157755595,-4.3002094795691276E-08));
#1534=DIRECTION('',(NaN,NaN,NaN));
#1535=DIRECTION('',(0.0036011674265703703,-0.9999935157755595,4.3002094795691276E-08));
#1536=FACE_SURFACE('',(#1541),#1537,.T.);
#1537=PLANE('',#1538);
#1538=AXIS2_PLACEMENT_3D('',#54,#1539,#1540);
#1539=DIRECTION('',(NaN,NaN,NaN));
#1540=DIRECTION('',(-0.0036011674265703703,0.9999935157755595,-4.3002094795691276E-08));
#1541=FACE_BOUND('',#1542,.T.);
#1542=EDGE_LOOP('',(#1543,#1544,#1545));
#1543=ORIENTED_EDGE('',*,*,#1546,.T.);
#1544=ORIENTED_EDGE('',*,*,#1547,.T.);
#1545=ORIENTED_EDGE('',*,*,#1548,.T.);
#1546=EDGE_CURVE('',#55,#57,#1549,.F.);
#1547=EDGE_CURVE('',#57,#55,#1550,.T.);
#1548=EDGE_CURVE('',#55,#55,#1551,.T.);
#1549=LINE('',#54,#1552);
#1550=LINE('',#56,#1553);
#1551=LINE('',#54,#1554);
#1552=VECTOR('',#1555,1.0);
#1553=VECTOR('',#1556,1.0);
#1554=VECTOR('',#1557,1.0);
#1555=DIRECTION('',(-0.0036011674265703703,0.9999935157755595,-4.3002094795691276E-08));
#1556=DIRECTION('',(0.0036011674265703703,-0.9999935157755595,4.3002094795691276E-08));
#1557=DIRECTION('',(NaN,NaN,NaN));
#1558=FACE_SURFACE('',(#1563),#1559,.T.);
#1559=PLANE('',#1560);
#1560=AXIS2_PLACEMENT_3D('',#62,#1561,#1562);
#1561=DIRECTION('',(NaN,NaN,NaN));
#1562=DIRECTION('',(0,0.999999999999999,-4.264564725260531E-08));
#1563=FACE_BOUND('',#1564,.T.);
#1564=EDGE_LOOP('',(#1565,#1566,#1567));
#1565=ORIENTED_EDGE('',*,*,#1568,.T.);
#1566=ORIENTED_EDGE('',*,*,#1569,.T.);
#1567=ORIENTED_EDGE('',*,*,#1570,.T.);
#1568=EDGE_CURVE('',#63,#77,#1571,.F.);
#1569=EDGE_CURVE('',#77,#77,#1572,.T.);
#1570=EDGE_CURVE('',#77,#63,#1573,.T.);
#1571=LINE('',#62,#1574);
#1572=LINE('',#76,#1575);
#1573=LINE('',#76,#1576);
#1574=VECTOR('',#1577,1.0);
#1575=VECTOR('',#1578,1.0);
#1576=VECTOR('',#1579,1.0);
#1577=DIRECTION('',(0,0.999999999999999,-4.264564725260531E-08));
#1578=DIRECTION('',(NaN,NaN,NaN));
#1579=DIRECTION('',(0,-0.999999999999999,4.264564725260531E-08));
#1580=FACE_SURFACE('',(#1585),#1581,.T.);
#1581=PLANE('',#1582);
#1582=AXIS2_PLACEMENT_3D('',#62,#1583,#1584);
#1583=DIRECTION('',(NaN,NaN,NaN));
#1584=DIRECTION('',(0,0.999999999999999,-4.264564725260531E-08));
#1585=FACE_BOUND('',#1586,.T.);
#1586=EDGE_LOOP('',(#1587,#1588,#1589));
#1587=ORIENTED_EDGE('',*,*,#1590,.T.);
#1588=ORIENTED_EDGE('',*,*,#1591,.T.);
#1589=ORIENTED_EDGE('',*,*,#1592,.T.);
#1590=EDGE_CURVE('',#63,#77,#1593,.F.);
#1591=EDGE_CURVE('',#77,#63,#1594,.T.);
#1592=EDGE_CURVE('',#63,#63,#1595,.T.);
#1593=LINE('',#62,#1596);
#1594=LINE('',#76,#1597);
#1595=LINE('',#62,#1598);
#1596=VECTOR('',#1599,1.0);
#1597=VECTOR('',#1600,1.0);
#1598=VECTOR('',#1601,1.0);
#1599=DIRECTION('',(0,0.999999999999999,-4.264564725260531E-08));
#1600=DIRECTION('',(0,-0.999999999999999,4.264564725260531E-08));
#1601=DIRECTION('',(NaN,NaN,NaN));
#1602=FACE_SURFACE('',(#1607),#1603,.T.);
#1603=PLANE('',#1604);
#1604=AXIS2_PLACEMENT_3D('',#44,#1605,#1606);
#1605=DIRECTION('',(NaN,NaN,NaN));
#1606=DIRECTION('',(0.9999971512869932,0.0023869264543307524,0));
#1607=FACE_BOUND('',#1608,.T.);
#1608=EDGE_LOOP('',(#1609,#1610,#1611));
#1609=ORIENTED_EDGE('',*,*,#1612,.T.);
#1610=ORIENTED_EDGE('',*,*,#1613,.T.);
#1611=ORIENTED_EDGE('',*,*,#1614,.T.);
#1612=EDGE_CURVE('',#45,#43,#1615,.F.);
#1613=EDGE_CURVE('',#43,#43,#1616,.T.);
#1614=EDGE_CURVE('',#43,#45,#1617,.T.);
#1615=LINE('',#44,#1618);
#1616=LINE('',#42,#1619);
#1617=LINE('',#42,#1620);
#1618=VECTOR('',#1621,1.0);
#1619=VECTOR('',#1622,1.0);
#1620=VECTOR('',#1623,1.0);
#1621=DIRECTION('',(0.9999971512869932,0.0023869264543307524,0));
#1622=DIRECTION('',(NaN,NaN,NaN));
#1623=DIRECTION('',(-0.9999971512869932,-0.0023869264543307524,0));
#1624=FACE_SURFACE('',(#1629),#1625,.T.);
#1625=PLANE('',#1626);
#1626=AXIS2_PLACEMENT_3D('',#44,#1627,#1628);
#1627=DIRECTION('',(NaN,NaN,NaN));
#1628=DIRECTION('',(0.9999971512869932,0.0023869264543307524,0));
#1629=FACE_BOUND('',#1630,.T.);
#1630=EDGE_LOOP('',(#1631,#1632,#1633));
#1631=ORIENTED_EDGE('',*,*,#1634,.T.);
#1632=ORIENTED_EDGE('',*,*,#1635,.T.);
#1633=ORIENTED_EDGE('',*,*,#1636,.T.);
#1634=EDGE_CURVE('',#45,#43,#1637,.F.);
#1635=EDGE_CURVE('',#43,#45,#1638,.T.);
#1636=EDGE_CURVE('',#45,#45,#1639,.T.);
#1637=LINE('',#44,#1640);
#1638=LINE('',#42,#1641);
#1639=LINE('',#44,#1642);
#1640=VECTOR('',#1643,1.0);
#1641=VECTOR('',#1644,1.0);
#1642=VECTOR('',#1645,1.0);
#1643=DIRECTION('',(0.9999971512869932,0.0023869264543307524,0));
#1644=DIRECTION('',(-0.9999971512869932,-0.0023869264543307524,0));
#1645=DIRECTION('',(NaN,NaN,NaN));
#1646=FACE_SURFACE('',(#1651),#1647,.T.);
#1647=PLANE('',#1648);
#1648=AXIS2_PLACEMENT_3D('',#60,#1649,#1650);
#1649=DIRECTION('',(NaN,NaN,NaN));
#1650=DIRECTION('',(-0.780869017369053,-0.6246947876468074,0));
#1651=FACE_BOUND('',#1652,.T.);
#1652=EDGE_LOOP('',(#1653,#1654,#1655));
#1653=ORIENTED_EDGE('',*,*,#1656,.T.);
#1654=ORIENTED_EDGE('',*,*,#1657,.T.);
#1655=ORIENTED_EDGE('',*,*,#1658,.T.);
#1656=EDGE_CURVE('',#61,#59,#1659,.F.);
#1657=EDGE_CURVE('',#59,#59,#1660,.T.);
#1658=EDGE_CURVE('',#59,#61,#1661,.T.);
#1659=LINE('',#60,#1662);
#1660=LINE('',#58,#1663);
#1661=LINE('',#58,#1664);
#1662=VECTOR('',#1665,1.0);
#1663=VECTOR('',#1666,1.0);
#1664=VECTOR('',#1667,1.0);
#1665=DIRECTION('',(-0.780869017369053,-0.6246947876468074,0));
#1666=DIRECTION('',(NaN,NaN,NaN));
#1667=DIRECTION('',(0.780869017369053,0.6246947876468074,0));
#1668=FACE_SURFACE('',(#1673),#1669,.T.);
#1669=PLANE('',#1670);
#1670=AXIS2_PLACEMENT_3D('',#60,#1671,#1672);
#1671=DIRECTION('',(NaN,NaN,NaN));
#1672=DIRECTION('',(-0.780869017369053,-0.6246947876468074,0));
#1673=FACE_BOUND('',#1674,.T.);
#1674=EDGE_LOOP('',(#1675,#1676,#1677));
#1675=ORIENTED_EDGE('',*,*,#1678,.T.);
#1676=ORIENTED_EDGE('',*,*,#1679,.T.);
#1677=ORIENTED_EDGE('',*,*,#1680,.T.);
#1678=EDGE_CURVE('',#61,#59,#1681,.F.);
#1679=EDGE_CURVE('',#59,#61,#1682,.T.);
#1680=EDGE_CURVE('',#61,#61,#1683,.T.);
#1681=LINE('',#60,#1684);
#1682=LINE('',#58,#1685);
#1683=LINE('',#60,#1686);
#1684=VECTOR('',#1687,1.0);
#1685=VECTOR('',#1688,1.0);
#1686=VECTOR('',#1689,1.0);
#1687=DIRECTION('',(-0.780869017369053,-0.6246947876468074,0));
#1688=DIRECTION('',(0.780869017369053,0.6246947876468074,0));
#1689=DIRECTION('',(NaN,NaN,NaN));
#1690=FACE_SURFACE('',(#1695),#1691,.T.);
#1691=PLANE('',#1692);
#1692=AXIS2_PLACEMENT_3D('',#36,#1693,#1694);
#1693=DIRECTION('',(NaN,NaN,NaN));
#1694=DIRECTION('',(-0.9994449110158576,0.03331470913132044,0));
#1695=FACE_BOUND('',#1696,.T.);
#1696=EDGE_LOOP('',(#1697,#1698,#1699));
#1697=ORIENTED_EDGE('',*,*,#1700,.T.);
#1698=ORIENTED_EDGE('',*,*,#1701,.T.);
#1699=ORIENTED_EDGE('',*,*,#1702,.T.);
#1700=EDGE_CURVE('',#37,#35,#1703,.F.);
#1701=EDGE_CURVE('',#35,#35,#1704,.T.);
#1702=EDGE_CURVE('',#35,#37,#1705,.T.);
#1703=LINE('',#36,#1706);
#1704=LINE('',#34,#1707);
#1705=LINE('',#34,#1708);
#1706=VECTOR('',#1709,1.0);
#1707=VECTOR('',#1710,1.0);
#1708=VECTOR('',#1711,1.0);
#1709=DIRECTION('',(-0.9994449110158576,0.03331470913132044,0));
#1710=DIRECTION('',(NaN,NaN,NaN));
#1711=DIRECTION('',(0.9994449110158576,-0.03331470913132044,0));
#1712=FACE_SURFACE('',(#1717),#1713,.T.);
#1713=PLANE('',#1714);
#1714=AXIS2_PLACEMENT_3D('',#36,#1715,#1716);
#1715=DIRECTION('',(NaN,NaN,NaN));
#1716=DIRECTION('',(-0.9994449110158576,0.03331470913132044,0));
#1717=FACE_BOUND('',#1718,.T.);
#1718=EDGE_LOOP('',(#1719,#1720,#1721));
#1719=ORIENTED_EDGE('',*,*,#1722,.T.);
#1720=ORIENTED_EDGE('',*,*,#1723,.T.);
#1721=ORIENTED_EDGE('',*,*,#1724,.T.);
#1722=EDGE_CURVE('',#37,#35,#1725,.F.);
#1723=EDGE_CURVE('',#35,#37,#1726,.T.);
#1724=EDGE_CURVE('',#37,#37,#1727,.T.);
#1725=LINE('',#36,#1728);
#1726=LINE('',#34,#1729);
#1727=LINE('',#36,#1730);
#1728=VECTOR('',#1731,1.0);
#1729=VECTOR('',#1732,1.0);
#1730=VECTOR('',#1733,1.0);
#1731=DIRECTION('',(-0.9994449110158576,0.03331470913132044,0));
#1732=DIRECTION('',(0.9994449110158576,-0.03331470913132044,0));
#1733=DIRECTION('',(NaN,NaN,NaN));
#1734=FACE_SURFACE('',(#1739),#1735,.T.);
#1735=PLANE('',#1736);
#1736=AXIS2_PLACEMENT_3D('',#68,#1737,#1738);
#1737=DIRECTION('',(NaN,NaN,NaN));
#1738=DIRECTION('',(0.0017936004616602179,-0.9999983914973974,4.283298045722409E-08));
#1739=FACE_BOUND('',#1740,.T.);
#1740=EDGE_LOOP('',(#1741,#1742,#1743));
#1741=ORIENTED_EDGE('',*,*,#1744,.T.);
#1742=ORIENTED_EDGE('',*,*,#1745,.T.);
#1743=ORIENTED_EDGE('',*,*,#1746,.T.);
#1744=EDGE_CURVE('',#69,#71,#1747,.F.);
#1745=EDGE_CURVE('',#71,#71,#1748,.T.);
#1746=EDGE_CURVE('',#71,#69,#1749,.T.);
#1747=LINE('',#68,#1750);
#1748=LINE('',#70,#1751);
#1749=LINE('',#70,#1752);
#1750=VECTOR('',#1753,1.0);
#1751=VECTOR('',#1754,1.0);
#1752=VECTOR('',#1755,1.0);
#1753=DIRECTION('',(0.0017936004616602179,-0.9999983914973974,4.283298045722409E-08));
#1754=DIRECTION('',(NaN,NaN,NaN));
#1755=DIRECTION('',(-0.0017936004616602179,0.9999983914973974,-4.283298045722409E-08));
#1756=FACE_SURFACE('',(#1761),#1757,.T.);
#1757=PLANE('',#1758);
#1758=AXIS2_PLACEMENT_3D('',#68,#1759,#1760);
#1759=DIRECTION('',(NaN,NaN,NaN));
#1760=DIRECTION('',(0.0017936004616602179,-0.9999983914973974,4.283298045722409E-08));
#1761=FACE_BOUND('',#1762,.T.);
#1762=EDGE_LOOP('',(#1763,#1764,#1765));
#1763=ORIENTED_EDGE('',*,*,#1766,.T.);
#1764=ORIENTED_EDGE('',*,*,#1767,.T.);
#1765=ORIENTED_EDGE('',*,*,#1768,.T.);
#1766=EDGE_CURVE('',#69,#71,#1769,.F.);
#1767=EDGE_CURVE('',#71,#69,#1770,.T.);
#1768=EDGE_CURVE('',#69,#69,#1771,.T.);
#1769=LINE('',#68,#1772);
#1770=LINE('',#70,#1773);
#1771=LINE('',#68,#1774);
#1772=VECTOR('',#1775,1.0);
#1773=VECTOR('',#1776,1.0);
#1774=VECTOR('',#1777,1.0);
#1775=DIRECTION('',(0.0017936004616602179,-0.9999983914973974,4.283298045722409E-08));
#1776=DIRECTION('',(-0.0017936004616602179,0.9999983914973974,-4.283298045722409E-08));
#1777=DIRECTION('',(NaN,NaN,NaN));
#1778=FACE_SURFACE('',(#1783),#1779,.T.);
#1779=PLANE('',#1780);
#1780=AXIS2_PLACEMENT_3D('',#44,#1781,#1782);
#1781=DIRECTION('',(NaN,NaN,NaN));
#1782=DIRECTION('',(0.9999971512869932,0.0023869264543307524,0));
#1783=FACE_BOUND('',#1784,.T.);
#1784=EDGE_LOOP('',(#1785,#1786,#1787));
#1785=ORIENTED_EDGE('',*,*,#1788,.T.);
#1786=ORIENTED_EDGE('',*,*,#1789,.T.);
#1787=ORIENTED_EDGE('',*,*,#1790,.T.);
#1788=EDGE_CURVE('',#45,#43,#1791,.F.);
#1789=EDGE_CURVE('',#43,#43,#1792,.T.);
#1790=EDGE_CURVE('',#43,#45,#1793,.T.);
#1791=LINE('',#44,#1794);
#1792=LINE('',#42,#1795);
#1793=LINE('',#42,#1796);
#1794=VECTOR('',#1797,1.0);
#1795=VECTOR('',#1798,1.0);
#1796=VECTOR('',#1799,1.0);
#1797=DIRECTION('',(0.9999971512869932,0.0023869264543307524,0));
#1798=DIRECTION('',(NaN,NaN,NaN));
#1799=DIRECTION('',(-0.9999971512869932,-0.0023869264543307524,0));
#1800=FACE_SURFACE('',(#1805),#1801,.T.);
#1801=PLANE('',#1802);
#1802=AXIS2_PLACEMENT_3D('',#44,#1803,#1804);
#1803=DIRECTION('',(NaN,NaN,NaN));
#1804=DIRECTION('',(0.9999971512869932,0.0023869264543307524,0));
#1805=FACE_BOUND('',#1806,.T.);
#1806=EDGE_LOOP('',(#1807,#1808,#1809));
#1807=ORIENTED_EDGE('',*,*,#1810,.T.);
#1808=ORIENTED_EDGE('',*,*,#1811,.T.);
#1809=ORIENTED_EDGE('',*,*,#1812,.T.);
#1810=EDGE_CURVE('',#45,#43,#1813,.F.);
#1811=EDGE_CURVE('',#43,#45,#1814,.T.);
#1812=EDGE_CURVE('',#45,#45,#1815,.T.);
#1813=LINE('',#44,#1816);
#1814=LINE('',#42,#1817);
#1815=LINE('',#44,#1818);
#1816=VECTOR('',#1819,1.0);
#1817=VECTOR('',#1820,1.0);
#1818=VECTOR('',#1821,1.0);
#1819=DIRECTION('',(0.9999971512869932,0.0023869264543307524,0));
#1820=DIRECTION('',(-0.9999971512869932,-0.0023869264543307524,0));
#1821=DIRECTION('',(NaN,NaN,NaN));
#1822=FACE_SURFACE('',(#1827),#1823,.T.);
#1823=PLANE('',#1824);
#1824=AXIS2_PLACEMENT_3D('',#40,#1825,#1826);
#1825=DIRECTION('',(NaN,NaN,NaN));
#1826=DIRECTION('',(0.7071055749817875,0.7071079873892461,-7.538773307875781E-08));
#1827=FACE_BOUND('',#1828,.T.);
#1828=EDGE_LOOP('',(#1829,#1830,#1831));
#1829=ORIENTED_EDGE('',*,*,#1832,.T.);
#1830=ORIENTED_EDGE('',*,*,#1833,.T.);
#1831=ORIENTED_EDGE('',*,*,#1834,.T.);
#1832=EDGE_CURVE('',#41,#39,#1835,.F.);
#1833=EDGE_CURVE('',#39,#39,#1836,.T.);
#1834=EDGE_CURVE('',#39,#41,#1837,.T.);
#1835=LINE('',#40,#1838);
#1836=LINE('',#38,#1839);
#1837=LINE('',#38,#1840);
#1838=VECTOR('',#1841,1.0);
#1839=VECTOR('',#1842,1.0);
#1840=VECTOR('',#1843,1.0);
#1841=DIRECTION('',(0.7071055749817875,0.7071079873892461,-7.538773307875781E-08));
#1842=DIRECTION('',(NaN,NaN,NaN));
#1843=DIRECTION('',(-0.7071055749817875,-0.7071079873892461,7.538773307875781E-08));
#1844=FACE_SURFACE('',(#1849),#1845,.T.);
#1845=PLANE('',#1846);
#1846=AXIS2_PLACEMENT_3D('',#40,#1847,#1848);
#1847=DIRECTION('',(NaN,NaN,NaN));
#1848=DIRECTION('',(0.7071055749817875,0.7071079873892461,-7.538773307875781E-08));
#1849=FACE_BOUND('',#1850,.T.);
#1850=EDGE_LOOP('',(#1851,#1852,#1853));
#1851=ORIENTED_EDGE('',*,*,#1854,.T.);
#1852=ORIENTED_EDGE('',*,*,#1855,.T.);
#1853=ORIENTED_EDGE('',*,*,#1856,.T.);
#1854=EDGE_CURVE('',#41,#39,#1857,.F.);
#1855=EDGE_CURVE('',#39,#41,#1858,.T.);
#1856=EDGE_CURVE('',#41,#41,#1859,.T.);
#1857=LINE('',#40,#1860);
#1858=LINE('',#38,#1861);
#1859=LINE('',#40,#1862);
#1860=VECTOR('',#1863,1.0);
#1861=VECTOR('',#1864,1.0);
#1862=VECTOR('',#1865,1.0);
#1863=DIRECTION('',(0.7071055749817875,0.7071079873892461,-7.538773307875781E-08));
#1864=DIRECTION('',(-0.7071055749817875,-0.7071079873892461,7.538773307875781E-08));
#1865=DIRECTION('',(NaN,NaN,NaN));
#1866=FACE_SURFACE('',(#1871),#1867,.T.);
#1867=PLANE('',#1868);
#1868=AXIS2_PLACEMENT_3D('',#48,#1869,#1870);
#1869=DIRECTION('',(NaN,NaN,NaN));
#1870=DIRECTION('',(0.8521286277298336,-0.5233324008727827,0));
#1871=FACE_BOUND('',#1872,.T.);
#1872=EDGE_LOOP('',(#1873,#1874,#1875));
#1873=ORIENTED_EDGE('',*,*,#1876,.T.);
#1874=ORIENTED_EDGE('',*,*,#1877,.T.);
#1875=ORIENTED_EDGE('',*,*,#1878,.T.);
#1876=EDGE_CURVE('',#49,#47,#1879,.F.);
#1877=EDGE_CURVE('',#47,#47,#1880,.T.);
#1878=EDGE_CURVE('',#47,#49,#1881,.T.);
#1879=LINE('',#48,#1882);
#1880=LINE('',#46,#1883);
#1881=LINE('',#46,#1884);
#1882=VECTOR('',#1885,1.0);
#1883=VECTOR('',#1886,1.0);
#1884=VECTOR('',#1887,1.0);
#1885=DIRECTION('',(0.8521286277298336,-0.5233324008727827,0));
#1886=DIRECTION('',(NaN,NaN,NaN));
#1887=DIRECTION('',(-0.8521286277298336,0.5233324008727827,0));
#1888=FACE_SURFACE('',(#1893),#1889,.T.);
#1889=PLANE('',#1890);
#1890=AXIS2_PLACEMENT_3D('',#48,#1891,#1892);
#1891=DIRECTION('',(NaN,NaN,NaN));
#1892=DIRECTION('',(0.8521286277298336,-0.5233324008727827,0));
#1893=FACE_BOUND('',#1894,.T.);
#1894=EDGE_LOOP('',(#1895,#1896,#1897));
#1895=ORIENTED_EDGE('',*,*,#1898,.T.);
#1896=ORIENTED_EDGE('',*,*,#1899,.T.);
#1897=ORIENTED_EDGE('',*,*,#1900,.T.);
#1898=EDGE_CURVE('',#49,#47,#1901,.F.);
#1899=EDGE_CURVE('',#47,#49,#1902,.T.);
#1900=EDGE_CURVE('',#49,#49,#1903,.T.);
#1901=LINE('',#48,#1904);
#1902=LINE('',#46,#1905);
#1903=LINE('',#48,#1906);
#1904=VECTOR('',#1907,1.0);
#1905=VECTOR('',#1908,1.0);
#1906=VECTOR('',#1909,1.0);
#1907=DIRECTION('',(0.8521286277298336,-0.5233324008727827,0));
#1908=DIRECTION('',(-0.8521286277298336,0.5233324008727827,0));
#1909=DIRECTION('',(NaN,NaN,NaN));
#1910=FACE_SURFACE('',(#1915),#1911,.T.);
#1911=PLANE('',#1912);
#1912=AXIS2_PLACEMENT_3D('',#42,#1913,#1914);
#1913=DIRECTION('',(NaN,NaN,NaN));
#1914=DIRECTION('',(0.9363294401239118,0.35112274144128247,0));
#1915=FACE_BOUND('',#1916,.T.);
#1916=EDGE_LOOP('',(#1917,#1918,#1919));
#1917=ORIENTED_EDGE('',*,*,#1920,.T.);
#1918=ORIENTED_EDGE('',*,*,#1921,.T.);
#1919=ORIENTED_EDGE('',*,*,#1922,.T.);
#1920=EDGE_CURVE('',#43,#41,#1923,.F.);
#1921=EDGE_CURVE('',#41,#41,#1924,.T.);
#1922=EDGE_CURVE('',#41,#43,#1925,.T.);
#1923=LINE('',#42,#1926);
#1924=LINE('',#40,#1927);
#1925=LINE('',#40,#1928);
#1926=VECTOR('',#1929,1.0);
#1927=VECTOR('',#1930,1.0);
#1928=VECTOR('',#1931,1.0);
#1929=DIRECTION('',(0.9363294401239118,0.35112274144128247,0));
#1930=DIRECTION('',(NaN,NaN,NaN));
#1931=DIRECTION('',(-0.9363294401239118,-0.35112274144128247,0));
#1932=FACE_SURFACE('',(#1937),#1933,.T.);
#1933=PLANE('',#1934);
#1934=AXIS2_PLACEMENT_3D('',#42,#1935,#1936);
#1935=DIRECTION('',(NaN,NaN,NaN));
#1936=DIRECTION('',(0.9363294401239118,0.35112274144128247,0));
#1937=FACE_BOUND('',#1938,.T.);
#1938=EDGE_LOOP('',(#1939,#1940,#1941));
#1939=ORIENTED_EDGE('',*,*,#1942,.T.);
#1940=ORIENTED_EDGE('',*,*,#1943,.T.);
#1941=ORIENTED_EDGE('',*,*,#1944,.T.);
#1942=EDGE_CURVE('',#43,#41,#1945,.F.);
#1943=EDGE_CURVE('',#41,#43,#1946,.T.);
#1944=EDGE_CURVE('',#43,#43,#1947,.T.);
#1945=LINE('',#42,#1948);
#1946=LINE('',#40,#1949);
#1947=LINE('',#42,#1950);
#1948=VECTOR('',#1951,1.0);
#1949=VECTOR('',#1952,1.0);
#1950=VECTOR('',#1953,1.0);
#1951=DIRECTION('',(0.9363294401239118,0.35112274144128247,0));
#1952=DIRECTION('',(-0.9363294401239118,-0.35112274144128247,0));
#1953=DIRECTION('',(NaN,NaN,NaN));
#1954=FACE_SURFACE('',(#1959),#1955,.T.);
#1955=PLANE('',#1956);
#1956=AXIS2_PLACEMENT_3D('',#62,#1957,#1958);
#1957=DIRECTION('',(NaN,NaN,NaN));
#1958=DIRECTION('',(0,0.999999999999999,-4.264564725260531E-08));
#1959=FACE_BOUND('',#1960,.T.);
#1960=EDGE_LOOP('',(#1961,#1962,#1963));
#1961=ORIENTED_EDGE('',*,*,#1964,.T.);
#1962=ORIENTED_EDGE('',*,*,#1965,.T.);
#1963=ORIENTED_EDGE('',*,*,#1966,.T.);
#1964=EDGE_CURVE('',#63,#77,#1967,.F.);
#1965=EDGE_CURVE('',#77,#77,#1968,.T.);
#1966=EDGE_CURVE('',#77,#63,#1969,.T.);
#1967=LINE('',#62,#1970);
#1968=LINE('',#76,#1971);
#1969=LINE('',#76,#1972);
#1970=VECTOR('',#1973,1.0);
#1971=VECTOR('',#1974,1.0);
#1972=VECTOR('',#1975,1.0);
#1973=DIRECTION('',(0,0.999999999999999,-4.264564725260531E-08));
#1974=DIRECTION('',(NaN,NaN,NaN));
#1975=DIRECTION('',(0,-0.999999999999999,4.264564725260531E-08));
#1976=FACE_SURFACE('',(#1981),#1977,.T.);
#1977=PLANE('',#1978);
#1978=AXIS2_PLACEMENT_3D('',#62,#1979,#1980);
#1979=DIRECTION('',(NaN,NaN,NaN));
#1980=DIRECTION('',(0,0.999999999999999,-4.264564725260531E-08));
#1981=FACE_BOUND('',#1982,.T.);
#1982=EDGE_LOOP('',(#1983,#1984,#1985));
#1983=ORIENTED_EDGE('',*,*,#1986,.T.);
#1984=ORIENTED_EDGE('',*,*,#1987,.T.);
#1985=ORIENTED_EDGE('',*,*,#1988,.T.);
#1986=EDGE_CURVE('',#63,#77,#1989,.F.);
#1987=EDGE_CURVE('',#77,#63,#1990,.T.);
#1988=EDGE_CURVE('',#63,#63,#1991,.T.);
#1989=LINE('',#62,#1992);
#1990=LINE('',#76,#1993);
#1991=LINE('',#62,#1994);
#1992=VECTOR('',#1995,1.0);
#1993=VECTOR('',#1996,1.0);
#1994=VECTOR('',#1997,1.0);
#1995=DIRECTION('',(0,0.999999999999999,-4.264564725260531E-08));
#1996=DIRECTION('',(0,-0.999999999999999,4.264564725260531E-08));
#1997=DIRECTION('',(NaN,NaN,NaN));
#1998=FACE_SURFACE('',(#2003),#1999,.T.);
#1999=PLANE('',#2000);
#2000=AXIS2_PLACEMENT_3D('',#52,#2001,#2002);
#2001=DIRECTION('',(NaN,NaN,NaN));
#2002=DIRECTION('',(0.25090250211599835,-0.9680123627474658,0));
#2003=FACE_BOUND('',#2004,.T.);
#2004=EDGE_LOOP('',(#2005,#2006,#2007));
#2005=ORIENTED_EDGE('',*,*,#2008,.T.);
#2006=ORIENTED_EDGE('',*,*,#2009,.T.);
#2007=ORIENTED_EDGE('',*,*,#2010,.T.);
#2008=EDGE_CURVE('',#53,#51,#2011,.F.);
#2009=EDGE_CURVE('',#51,#51,#2012,.T.);
#2010=EDGE_CURVE('',#51,#53,#2013,.T.);
#2011=LINE('',#52,#2014);
#2012=LINE('',#50,#2015);
#2013=LINE('',#50,#2016);
#2014=VECTOR('',#2017,1.0);
#2015=VECTOR('',#2018,1.0);
#2016=VECTOR('',#2019,1.0);
#2017=DIRECTION('',(0.25090250211599835,-0.9680123627474658,0));
#2018=DIRECTION('',(NaN,NaN,NaN));
#2019=DIRECTION('',(-0.25090250211599835,0.9680123627474658,0));
#2020=FACE_SURFACE('',(#2025),#2021,.T.);
#2021=PLANE('',#2022);
#2022=AXIS2_PLACEMENT_3D('',#52,#2023,#2024);
#2023=DIRECTION('',(NaN,NaN,NaN));
#2024=DIRECTION('',(0.25090250211599835,-0.9680123627474658,0));
#2025=FACE_BOUND('',#2026,.T.);
#2026=EDGE_LOOP('',(#2027,#2028,#2029));
#2027=ORIENTED_EDGE('',*,*,#2030,.T.);
#2028=ORIENTED_EDGE('',*,*,#2031,.T.);
#2029=ORIENTED_EDGE('',*,*,#2032,.T.);
#2030=EDGE_CURVE('',#53,#51,#2033,.F.);
#2031=EDGE_CURVE('',#51,#53,#2034,.T.);
#2032=EDGE_CURVE('',#53,#53,#2035,.T.);
#2033=LINE('',#52,#2036);
#2034=LINE('',#50,#2037);
#2035=LINE('',#52,#2038);
#2036=VECTOR('',#2039,1.0);
#2037=VECTOR('',#2040,1.0);
#2038=VECTOR('',#2041,1.0);
#2039=DIRECTION('',(0.25090250211599835,-0.9680123627474658,0));
#2040=DIRECTION('',(-0.25090250211599835,0.9680123627474658,0));
#2041=DIRECTION('',(NaN,NaN,NaN));
#2042=FACE_SURFACE('',(#2047),#2043,.T.);
#2043=PLANE('',#2044);
#2044=AXIS2_PLACEMENT_3D('',#46,#2045,#2046);
#2045=DIRECTION('',(NaN,NaN,NaN));
#2046=DIRECTION('',(0.9660566576639533,-0.25833028119667134,0));
#2047=FACE_BOUND('',#2048,.T.);
#2048=EDGE_LOOP('',(#2049,#2050,#2051));
#2049=ORIENTED_EDGE('',*,*,#2052,.T.);
#2050=ORIENTED_EDGE('',*,*,#2053,.T.);
#2051=ORIENTED_EDGE('',*,*,#2054,.T.);
#2052=EDGE_CURVE('',#47,#45,#2055,.F.);
#2053=EDGE_CURVE('',#45,#45,#2056,.T.);
#2054=EDGE_CURVE('',#45,#47,#2057,.T.);
#2055=LINE('',#46,#2058);
#2056=LINE('',#44,#2059);
#2057=LINE('',#44,#2060);
#2058=VECTOR('',#2061,1.0);
#2059=VECTOR('',#2062,1.0);
#2060=VECTOR('',#2063,1.0);
#2061=DIRECTION('',(0.9660566576639533,-0.25833028119667134,0));
#2062=DIRECTION('',(NaN,NaN,NaN));
#2063=DIRECTION('',(-0.9660566576639533,0.25833028119667134,0));
#2064=FACE_SURFACE('',(#2069),#2065,.T.);
#2065=PLANE('',#2066);
#2066=AXIS2_PLACEMENT_3D('',#46,#2067,#2068);
#2067=DIRECTION('',(NaN,NaN,NaN));
#2068=DIRECTION('',(0.9660566576639533,-0.25833028119667134,0));
#2069=FACE_BOUND('',#2070,.T.);
#2070=EDGE_LOOP('',(#2071,#2072,#2073));
#2071=ORIENTED_EDGE('',*,*,#2074,.T.);
#2072=ORIENTED_EDGE('',*,*,#2075,.T.);
#2073=ORIENTED_EDGE('',*,*,#2076,.T.);
#2074=EDGE_CURVE('',#47,#45,#2077,.F.);
#2075=EDGE_CURVE('',#45,#47,#2078,.T.);
#2076=EDGE_CURVE('',#47,#47,#2079,.T.);
#2077=LINE('',#46,#2080);
#2078=LINE('',#44,#2081);
#2079=LINE('',#46,#2082);
#2080=VECTOR('',#2083,1.0);
#2081=VECTOR('',#2084,1.0);
#2082=VECTOR('',#2085,1.0);
#2083=DIRECTION('',(0.9660566576639533,-0.25833028119667134,0));
#2084=DIRECTION('',(-0.9660566576639533,0.25833028119667134,0));
#2085=DIRECTION('',(NaN,NaN,NaN));
#2086=FACE_SURFACE('',(#2091),#2087,.T.);
#2087=PLANE('',#2088);
#2088=AXIS2_PLACEMENT_3D('',#74,#2089,#2090);
#2089=DIRECTION('',(NaN,NaN,NaN));
#2090=DIRECTION('',(0.9995677572384027,0.02939895728404858,0));
#2091=FACE_BOUND('',#2092,.T.);
#2092=EDGE_LOOP('',(#2093,#2094,#2095));
#2093=ORIENTED_EDGE('',*,*,#2096,.T.);
#2094=ORIENTED_EDGE('',*,*,#2097,.T.);
#2095=ORIENTED_EDGE('',*,*,#2098,.T.);
#2096=EDGE_CURVE('',#75,#73,#2099,.F.);
#2097=EDGE_CURVE('',#73,#73,#2100,.T.);
#2098=EDGE_CURVE('',#73,#75,#2101,.T.);
#2099=LINE('',#74,#2102);
#2100=LINE('',#72,#2103);
#2101=LINE('',#72,#2104);
#2102=VECTOR('',#2105,1.0);
#2103=VECTOR('',#2106,1.0);
#2104=VECTOR('',#2107,1.0);
#2105=DIRECTION('',(0.9995677572384027,0.02939895728404858,0));
#2106=DIRECTION('',(NaN,NaN,NaN));
#2107=DIRECTION('',(-0.9995677572384027,-0.02939895728404858,0));
#2108=FACE_SURFACE('',(#2113),#2109,.T.);
#2109=PLANE('',#2110);
#2110=AXIS2_PLACEMENT_3D('',#74,#2111,#2112);
#2111=DIRECTION('',(NaN,NaN,NaN));
#2112=DIRECTION('',(0.9995677572384027,0.02939895728404858,0));
#2113=FACE_BOUND('',#2114,.T.);
#2114=EDGE_LOOP('',(#2115,#2116,#2117));
#2115=ORIENTED_EDGE('',*,*,#2118,.T.);
#2116=ORIENTED_EDGE('',*,*,#2119,.T.);
#2117=ORIENTED_EDGE('',*,*,#2120,.T.);
#2118=EDGE_CURVE('',#75,#73,#2121,.F.);
#2119=EDGE_CURVE('',#73,#75,#2122,.T.);
#2120=EDGE_CURVE('',#75,#75,#2123,.T.);
#2121=LINE('',#74,#2124);
#2122=LINE('',#72,#2125);
#2123=LINE('',#74,#2126);
#2124=VECTOR('',#2127,1.0);
#2125=VECTOR('',#2128,1.0);
#2126=VECTOR('',#2129,1.0);
#2127=DIRECTION('',(0.9995677572384027,0.02939895728404858,0));
#2128=DIRECTION('',(-0.9995677572384027,-0.02939895728404858,0));
#2129=DIRECTION('',(NaN,NaN,NaN));
#2130=FACE_SURFACE('',(#2135),#2131,.T.);
#2131=PLANE('',#2132);
#2132=AXIS2_PLACEMENT_3D('',#50,#2133,#2134);
#2133=DIRECTION('',(NaN,NaN,NaN));
#2134=DIRECTION('',(0.44199715928730315,-0.897016449783355,1.4218784076638554E-07));
#2135=FACE_BOUND('',#2136,.T.);
#2136=EDGE_LOOP('',(#2137,#2138,#2139));
#2137=ORIENTED_EDGE('',*,*,#2140,.T.);
#2138=ORIENTED_EDGE('',*,*,#2141,.T.);
#2139=ORIENTED_EDGE('',*,*,#2142,.T.);
#2140=EDGE_CURVE('',#51,#49,#2143,.F.);
#2141=EDGE_CURVE('',#49,#49,#2144,.T.);
#2142=EDGE_CURVE('',#49,#51,#2145,.T.);
#2143=LINE('',#50,#2146);
#2144=LINE('',#48,#2147);
#2145=LINE('',#48,#2148);
#2146=VECTOR('',#2149,1.0);
#2147=VECTOR('',#2150,1.0);
#2148=VECTOR('',#2151,1.0);
#2149=DIRECTION('',(0.44199715928730315,-0.897016449783355,1.4218784076638554E-07));
#2150=DIRECTION('',(NaN,NaN,NaN));
#2151=DIRECTION('',(-0.44199715928730315,0.897016449783355,-1.4218784076638554E-07));
#2152=FACE_SURFACE('',(#2157),#2153,.T.);
#2153=PLANE('',#2154);
#2154=AXIS2_PLACEMENT_3D('',#50,#2155,#2156);
#2155=DIRECTION('',(NaN,NaN,NaN));
#2156=DIRECTION('',(0.44199715928730315,-0.897016449783355,1.4218784076638554E-07));
#2157=FACE_BOUND('',#2158,.T.);
#2158=EDGE_LOOP('',(#2159,#2160,#2161));
#2159=ORIENTED_EDGE('',*,*,#2162,.T.);
#2160=ORIENTED_EDGE('',*,*,#2163,.T.);
#2161=ORIENTED_EDGE('',*,*,#2164,.T.);
#2162=EDGE_CURVE('',#51,#49,#2165,.F.);
#2163=EDGE_CURVE('',#49,#51,#2166,.T.);
#2164=EDGE_CURVE('',#51,#51,#2167,.T.);
#2165=LINE('',#50,#2168);
#2166=LINE('',#48,#2169);
#2167=LINE('',#50,#2170);
#2168=VECTOR('',#2171,1.0);
#2169=VECTOR('',#2172,1.0);
#2170=VECTOR('',#2173,1.0);
#2171=DIRECTION('',(0.44199715928730315,-0.897016449783355,1.4218784076638554E-07));
#2172=DIRECTION('',(-0.44199715928730315,0.897016449783355,-1.4218784076638554E-07));
#2173=DIRECTION('',(NaN,NaN,NaN));
#2174=FACE_SURFACE('',(#2179),#2175,.T.);
#2175=PLANE('',#2176);
#2176=AXIS2_PLACEMENT_3D('',#72,#2177,#2178);
#2177=DIRECTION('',(NaN,NaN,NaN));
#2178=DIRECTION('',(-0.022455787916752065,0.9997478370014293,-3.8313134548946386E-08));
#2179=FACE_BOUND('',#2180,.T.);
#2180=EDGE_LOOP('',(#2181,#2182,#2183));
#2181=ORIENTED_EDGE('',*,*,#2184,.T.);
#2182=ORIENTED_EDGE('',*,*,#2185,.T.);
#2183=ORIENTED_EDGE('',*,*,#2186,.T.);
#2184=EDGE_CURVE('',#73,#71,#2187,.F.);
#2185=EDGE_CURVE('',#71,#71,#2188,.T.);
#2186=EDGE_CURVE('',#71,#73,#2189,.T.);
#2187=LINE('',#72,#2190);
#2188=LINE('',#70,#2191);
#2189=LINE('',#70,#2192);
#2190=VECTOR('',#2193,1.0);
#2191=VECTOR('',#2194,1.0);
#2192=VECTOR('',#2195,1.0);
#2193=DIRECTION('',(-0.022455787916752065,0.9997478370014293,-3.8313134548946386E-08));
#2194=DIRECTION('',(NaN,NaN,NaN));
#2195=DIRECTION('',(0.022455787916752065,-0.9997478370014293,3.8313134548946386E-08));
#2196=FACE_SURFACE('',(#2201),#2197,.T.);
#2197=PLANE('',#2198);
#2198=AXIS2_PLACEMENT_3D('',#72,#2199,#2200);
#2199=DIRECTION('',(NaN,NaN,NaN));
#2200=DIRECTION('',(-0.022455787916752065,0.9997478370014293,-3.8313134548946386E-08));
#2201=FACE_BOUND('',#2202,.T.);
#2202=EDGE_LOOP('',(#2203,#2204,#2205));
#2203=ORIENTED_EDGE('',*,*,#2206,.T.);
#2204=ORIENTED_EDGE('',*,*,#2207,.T.);
#2205=ORIENTED_EDGE('',*,*,#2208,.T.);
#2206=EDGE_CURVE('',#73,#71,#2209,.F.);
#2207=EDGE_CURVE('',#71,#73,#2210,.T.);
#2208=EDGE_CURVE('',#73,#73,#2211,.T.);
#2209=LINE('',#72,#2212);
#2210=LINE('',#70,#2213);
#2211=LINE('',#72,#2214);
#2212=VECTOR('',#2215,1.0);
#2213=VECTOR('',#2216,1.0);
#2214=VECTOR('',#2217,1.0);
#2215=DIRECTION('',(-0.022455787916752065,0.9997478370014293,-3.8313134548946386E-08));
#2216=DIRECTION('',(0.022455787916752065,-0.9997478370014293,3.8313134548946386E-08));
#2217=DIRECTION('',(NaN,NaN,NaN));
#2218=FACE_SURFACE('',(#2223),#2219,.T.);
#2219=PLANE('',#2220);
#2220=AXIS2_PLACEMENT_3D('',#76,#2221,#2222);
#2221=DIRECTION('',(NaN,NaN,NaN));
#2222=DIRECTION('',(0.707105273430921,0.7071082889389582,-3.769385046452598E-08));
#2223=FACE_BOUND('',#2224,.T.);
#2224=EDGE_LOOP('',(#2225,#2226,#2227));
#2225=ORIENTED_EDGE('',*,*,#2228,.T.);
#2226=ORIENTED_EDGE('',*,*,#2229,.T.);
#2227=ORIENTED_EDGE('',*,*,#2230,.T.);
#2228=EDGE_CURVE('',#77,#75,#2231,.F.);
#2229=EDGE_CURVE('',#75,#75,#2232,.T.);
#2230=EDGE_CURVE('',#75,#77,#2233,.T.);
#2231=LINE('',#76,#2234);
#2232=LINE('',#74,#2235);
#2233=LINE('',#74,#2236);
#2234=VECTOR('',#2237,1.0);
#2235=VECTOR('',#2238,1.0);
#2236=VECTOR('',#2239,1.0);
#2237=DIRECTION('',(0.707105273430921,0.7071082889389582,-3.769385046452598E-08));
#2238=DIRECTION('',(NaN,NaN,NaN));
#2239=DIRECTION('',(-0.707105273430921,-0.7071082889389582,3.769385046452598E-08));
#2240=FACE_SURFACE('',(#2245),#2241,.T.);
#2241=PLANE('',#2242);
#2242=AXIS2_PLACEMENT_3D('',#76,#2243,#2244);
#2243=DIRECTION('',(NaN,NaN,NaN));
#2244=DIRECTION('',(0.707105273430921,0.7071082889389582,-3.769385046452598E-08));
#2245=FACE_BOUND('',#2246,.T.);
#2246=EDGE_LOOP('',(#2247,#2248,#2249));
#2247=ORIENTED_EDGE('',*,*,#2250,.T.);
#2248=ORIENTED_EDGE('',*,*,#2251,.T.);
#2249=ORIENTED_EDGE('',*,*,#2252,.T.);
#2250=EDGE_CURVE('',#77,#75,#2253,.F.);
#2251=EDGE_CURVE('',#75,#77,#2254,.T.);
#2252=EDGE_CURVE('',#77,#77,#2255,.T.);
#2253=LINE('',#76,#2256);
#2254=LINE('',#74,#2257);
#2255=LINE('',#76,#2258);
#2256=VECTOR('',#2259,1.0);
#2257=VECTOR('',#2260,1.0);
#2258=VECTOR('',#2261,1.0);
#2259=DIRECTION('',(0.707105273430921,0.7071082889389582,-3.769385046452598E-08));
#2260=DIRECTION('',(-0.707105273430921,-0.7071082889389582,3.769385046452598E-08));
#2261=DIRECTION('',(NaN,NaN,NaN));
#2262=FACE_SURFACE('',(#2267),#2263,.T.);
#2263=PLANE('',#2264);
#2264=AXIS2_PLACEMENT_3D('',#54,#2265,#2266);
#2265=DIRECTION('',(NaN,NaN,NaN));
#2266=DIRECTION('',(0.011553340247141513,-0.9999332579373145,4.434314452507643E-08));
#2267=FACE_BOUND('',#2268,.T.);
#2268=EDGE_LOOP('',(#2269,#2270,#2271));
#2269=ORIENTED_EDGE('',*,*,#2272,.T.);
#2270=ORIENTED_EDGE('',*,*,#2273,.T.);
#2271=ORIENTED_EDGE('',*,*,#2274,.T.);
#2272=EDGE_CURVE('',#55,#53,#2275,.F.);
#2273=EDGE_CURVE('',#53,#53,#2276,.T.);
#2274=EDGE_CURVE('',#53,#55,#2277,.T.);
#2275=LINE('',#54,#2278);
#2276=LINE('',#52,#2279);
#2277=LINE('',#52,#2280);
#2278=VECTOR('',#2281,1.0);
#2279=VECTOR('',#2282,1.0);
#2280=VECTOR('',#2283,1.0);
#2281=DIRECTION('',(0.011553340247141513,-0.9999332579373145,4.434314452507643E-08));
#2282=DIRECTION('',(NaN,NaN,NaN));
#2283=DIRECTION('',(-0.011553340247141513,0.9999332579373145,-4.434314452507643E-08));
#2284=FACE_SURFACE('',(#2289),#2285,.T.);
#2285=PLANE('',#2286);
#2286=AXIS2_PLACEMENT_3D('',#54,#2287,#2288);
#2287=DIRECTION('',(NaN,NaN,NaN));
#2288=DIRECTION('',(0.011553340247141513,-0.9999332579373145,4.434314452507643E-08));
#2289=FACE_BOUND('',#2290,.T.);
#2290=EDGE_LOOP('',(#2291,#2292,#2293));
#2291=ORIENTED_EDGE('',*,*,#2294,.T.);
#2292=ORIENTED_EDGE('',*,*,#2295,.T.);
#2293=ORIENTED_EDGE('',*,*,#2296,.T.);
#2294=EDGE_CURVE('',#55,#53,#2297,.F.);
#2295=EDGE_CURVE('',#53,#55,#2298,.T.);
#2296=EDGE_CURVE('',#55,#55,#2299,.T.);
#2297=LINE('',#54,#2300);
#2298=LINE('',#52,#2301);
#2299=LINE('',#54,#2302);
#2300=VECTOR('',#2303,1.0);
#2301=VECTOR('',#2304,1.0);
#2302=VECTOR('',#2305,1.0);
#2303=DIRECTION('',(0.011553340247141513,-0.9999332579373145,4.434314452507643E-08));
#2304=DIRECTION('',(-0.011553340247141513,0.9999332579373145,-4.434314452507643E-08));
#2305=DIRECTION('',(NaN,NaN,NaN));
#2306=FACE_SURFACE('',(#2311),#2307,.T.);
#2307=PLANE('',#2308);
#2308=AXIS2_PLACEMENT_3D('',#66,#2309,#2310);
#2309=DIRECTION('',(NaN,NaN,NaN));
#2310=DIRECTION('',(-0.6507899106838537,0.7592578561675205,-4.625577642418923E-08));
#2311=FACE_BOUND('',#2312,.T.);
#2312=EDGE_LOOP('',(#2313,#2314,#2315));
#2313=ORIENTED_EDGE('',*,*,#2316,.T.);
#2314=ORIENTED_EDGE('',*,*,#2317,.T.);
#2315=ORIENTED_EDGE('',*,*,#2318,.T.);
#2316=EDGE_CURVE('',#67,#65,#2319,.F.);
#2317=EDGE_CURVE('',#65,#65,#2320,.T.);
#2318=EDGE_CURVE('',#65,#67,#2321,.T.);
#2319=LINE('',#66,#2322);
#2320=LINE('',#64,#2323);
#2321=LINE('',#64,#2324);
#2322=VECTOR('',#2325,1.0);
#2323=VECTOR('',#2326,1.0);
#2324=VECTOR('',#2327,1.0);
#2325=DIRECTION('',(-0.6507899106838537,0.7592578561675205,-4.625577642418923E-08));
#2326=DIRECTION('',(NaN,NaN,NaN));
#2327=DIRECTION('',(0.6507899106838537,-0.7592578561675205,4.625577642418923E-08));
#2328=FACE_SURFACE('',(#2333),#2329,.T.);
#2329=PLANE('',#2330);
#2330=AXIS2_PLACEMENT_3D('',#66,#2331,#2332);
#2331=DIRECTION('',(NaN,NaN,NaN));
#2332=DIRECTION('',(-0.6507899106838537,0.7592578561675205,-4.625577642418923E-08));
#2333=FACE_BOUND('',#2334,.T.);
#2334=EDGE_LOOP('',(#2335,#2336,#2337));
#2335=ORIENTED_EDGE('',*,*,#2338,.T.);
#2336=ORIENTED_EDGE('',*,*,#2339,.T.);
#2337=ORIENTED_EDGE('',*,*,#2340,.T.);
#2338=EDGE_CURVE('',#67,#65,#2341,.F.);
#2339=EDGE_CURVE('',#65,#67,#2342,.T.);
#2340=EDGE_CURVE('',#67,#67,#2343,.T.);
#2341=LINE('',#66,#2344);
#2342=LINE('',#64,#2345);
#2343=LINE('',#66,#2346);
#2344=VECTOR('',#2347,1.0);
#2345=VECTOR('',#2348,1.0);
#2346=VECTOR('',#2349,1.0);
#2347=DIRECTION('',(-0.6507899106838537,0.7592578561675205,-4.625577642418923E-08));
#2348=DIRECTION('',(0.6507899106838537,-0.7592578561675205,4.625577642418923E-08));
#2349=DIRECTION('',(NaN,NaN,NaN));
#2350=FACE_SURFACE('',(#2355),#2351,.T.);
#2351=PLANE('',#2352);
#2352=AXIS2_PLACEMENT_3D('',#34,#2353,#2354);
#2353=DIRECTION('',(NaN,NaN,NaN));
#2354=DIRECTION('',(-0.8574918931901504,0.5144974762942676,-3.6568440271557904E-08));
#2355=FACE_BOUND('',#2356,.T.);
#2356=EDGE_LOOP('',(#2357,#2358,#2359));
#2357=ORIENTED_EDGE('',*,*,#2360,.T.);
#2358=ORIENTED_EDGE('',*,*,#2361,.T.);
#2359=ORIENTED_EDGE('',*,*,#2362,.T.);
#2360=EDGE_CURVE('',#35,#63,#2363,.F.);
#2361=EDGE_CURVE('',#63,#63,#2364,.T.);
#2362=EDGE_CURVE('',#63,#35,#2365,.T.);
#2363=LINE('',#34,#2366);
#2364=LINE('',#62,#2367);
#2365=LINE('',#62,#2368);
#2366=VECTOR('',#2369,1.0);
#2367=VECTOR('',#2370,1.0);
#2368=VECTOR('',#2371,1.0);
#2369=DIRECTION('',(-0.8574918931901504,0.5144974762942676,-3.6568440271557904E-08));
#2370=DIRECTION('',(NaN,NaN,NaN));
#2371=DIRECTION('',(0.8574918931901504,-0.5144974762942676,3.6568440271557904E-08));
#2372=FACE_SURFACE('',(#2377),#2373,.T.);
#2373=PLANE('',#2374);
#2374=AXIS2_PLACEMENT_3D('',#34,#2375,#2376);
#2375=DIRECTION('',(NaN,NaN,NaN));
#2376=DIRECTION('',(-0.8574918931901504,0.5144974762942676,-3.6568440271557904E-08));
#2377=FACE_BOUND('',#2378,.T.);
#2378=EDGE_LOOP('',(#2379,#2380,#2381));
#2379=ORIENTED_EDGE('',*,*,#2382,.T.);
#2380=ORIENTED_EDGE('',*,*,#2383,.T.);
#2381=ORIENTED_EDGE('',*,*,#2384,.T.);
#2382=EDGE_CURVE('',#35,#63,#2385,.F.);
#2383=EDGE_CURVE('',#63,#35,#2386,.T.);
#2384=EDGE_CURVE('',#35,#35,#2387,.T.);
#2385=LINE('',#34,#2388);
#2386=LINE('',#62,#2389);
#2387=LINE('',#34,#2390);
#2388=VECTOR('',#2391,1.0);
#2389=VECTOR('',#2392,1.0);
#2390=VECTOR('',#2393,1.0);
#2391=DIRECTION('',(-0.8574918931901504,0.5144974762942676,-3.6568440271557904E-08));
#2392=DIRECTION('',(0.8574918931901504,-0.5144974762942676,3.6568440271557904E-08));
#2393=DIRECTION('',(NaN,NaN,NaN));
#2394=FACE_SURFACE('',(#2399),#2395,.T.);
#2395=PLANE('',#2396);
#2396=AXIS2_PLACEMENT_3D('',#54,#2397,#2398);
#2397=DIRECTION('',(NaN,NaN,NaN));
#2398=DIRECTION('',(-0.0036011674265703703,0.9999935157755595,-4.3002094795691276E-08));
#2399=FACE_BOUND('',#2400,.T.);
#2400=EDGE_LOOP('',(#2401,#2402,#2403));
#2401=ORIENTED_EDGE('',*,*,#2404,.T.);
#2402=ORIENTED_EDGE('',*,*,#2405,.T.);
#2403=ORIENTED_EDGE('',*,*,#2406,.T.);
#2404=EDGE_CURVE('',#55,#57,#2407,.F.);
#2405=EDGE_CURVE('',#57,#57,#2408,.T.);
#2406=EDGE_CURVE('',#57,#55,#2409,.T.);
#2407=LINE('',#54,#2410);
#2408=LINE('',#56,#2411);
#2409=LINE('',#56,#2412);
#2410=VECTOR('',#2413,1.0);
#2411=VECTOR('',#2414,1.0);
#2412=VECTOR('',#2415,1.0);
#2413=DIRECTION('',(-0.0036011674265703703,0.9999935157755595,-4.3002094795691276E-08));
#2414=DIRECTION('',(NaN,NaN,NaN));
#2415=DIRECTION('',(0.0036011674265703703,-0.9999935157755595,4.3002094795691276E-08));
#2416=FACE_SURFACE('',(#2421),#2417,.T.);
#2417=PLANE('',#2418);
#2418=AXIS2_PLACEMENT_3D('',#54,#2419,#2420);
#2419=DIRECTION('',(NaN,NaN,NaN));
#2420=DIRECTION('',(-0.0036011674265703703,0.9999935157755595,-4.3002094795691276E-08));
#2421=FACE_BOUND('',#2422,.T.);
#2422=EDGE_LOOP('',(#2423,#2424,#2425));
#2423=ORIENTED_EDGE('',*,*,#2426,.T.);
#2424=ORIENTED_EDGE('',*,*,#2427,.T.);
#2425=ORIENTED_EDGE('',*,*,#2428,.T.);
#2426=EDGE_CURVE('',#55,#57,#2429,.F.);
#2427=EDGE_CURVE('',#57,#55,#2430,.T.);
#2428=EDGE_CURVE('',#55,#55,#2431,.T.);
#2429=LINE('',#54,#2432);
#2430=LINE('',#56,#2433);
#2431=LINE('',#54,#2434);
#2432=VECTOR('',#2435,1.0);
#2433=VECTOR('',#2436,1.0);
#2434=VECTOR('',#2437,1.0);
#2435=DIRECTION('',(-0.0036011674265703703,0.9999935157755595,-4.3002094795691276E-08));
#2436=DIRECTION('',(0.0036011674265703703,-0.9999935157755595,4.3002094795691276E-08));
#2437=DIRECTION('',(NaN,NaN,NaN));
#2438=FACE_SURFACE('',(#2443),#2439,.T.);
#2439=PLANE('',#2440);
#2440=AXIS2_PLACEMENT_3D('',#64,#2441,#2442);
#2441=DIRECTION('',(NaN,NaN,NaN));
#2442=DIRECTION('',(-0.9999973938891307,-0.00228302758345499,9.736422837350352E-10));
#2443=FACE_BOUND('',#2444,.T.);
#2444=EDGE_LOOP('',(#2445,#2446,#2447));
#2445=ORIENTED_EDGE('',*,*,#2448,.T.);
#2446=ORIENTED_EDGE('',*,*,#2449,.T.);
#2447=ORIENTED_EDGE('',*,*,#2450,.T.);
#2448=EDGE_CURVE('',#65,#61,#2451,.F.);
#2449=EDGE_CURVE('',#61,#61,#2452,.T.);
#2450=EDGE_CURVE('',#61,#65,#2453,.T.);
#2451=LINE('',#64,#2454);
#2452=LINE('',#60,#2455);
#2453=LINE('',#60,#2456);
#2454=VECTOR('',#2457,1.0);
#2455=VECTOR('',#2458,1.0);
#2456=VECTOR('',#2459,1.0);
#2457=DIRECTION('',(-0.9999973938891307,-0.00228302758345499,9.736422837350352E-10));
#2458=DIRECTION('',(NaN,NaN,NaN));
#2459=DIRECTION('',(0.9999973938891307,0.00228302758345499,-9.736422837350352E-10));
#2460=FACE_SURFACE('',(#2465),#2461,.T.);
#2461=PLANE('',#2462);
#2462=AXIS2_PLACEMENT_3D('',#64,#2463,#2464);
#2463=DIRECTION('',(NaN,NaN,NaN));
#2464=DIRECTION('',(-0.9999973938891307,-0.00228302758345499,9.736422837350352E-10));
#2465=FACE_BOUND('',#2466,.T.);
#2466=EDGE_LOOP('',(#2467,#2468,#2469));
#2467=ORIENTED_EDGE('',*,*,#2470,.T.);
#2468=ORIENTED_EDGE('',*,*,#2471,.T.);
#2469=ORIENTED_EDGE('',*,*,#2472,.T.);
#2470=EDGE_CURVE('',#65,#61,#2473,.F.);
#2471=EDGE_CURVE('',#61,#65,#2474,.T.);
#2472=EDGE_CURVE('',#65,#65,#2475,.T.);
#2473=LINE('',#64,#2476);
#2474=LINE('',#60,#2477);
#2475=LINE('',#64,#2478);
#2476=VECTOR('',#2479,1.0);
#2477=VECTOR('',#2480,1.0);
#2478=VECTOR('',#2481,1.0);
#2479=DIRECTION('',(-0.9999973938891307,-0.00228302758345499,9.736422837350352E-10));
#2480=DIRECTION('',(0.9999973938891307,0.00228302758345499,-9.736422837350352E-10));
#2481=DIRECTION('',(NaN,NaN,NaN));
#2482=FACE_SURFACE('',(#2487),#2483,.T.);
#2483=PLANE('',#2484);
#2484=AXIS2_PLACEMENT_3D('',#38,#2485,#2486);
#2485=DIRECTION('',(NaN,NaN,NaN));
#2486=DIRECTION('',(-0.09053535614945081,0.9958932419124504,-3.86095401030369E-08));
#2487=FACE_BOUND('',#2488,.T.);
#2488=EDGE_LOOP('',(#2489,#2490,#2491));
#2489=ORIENTED_EDGE('',*,*,#2492,.T.);
#2490=ORIENTED_EDGE('',*,*,#2493,.T.);
#2491=ORIENTED_EDGE('',*,*,#2494,.T.);
#2492=EDGE_CURVE('',#39,#37,#2495,.F.);
#2493=EDGE_CURVE('',#37,#37,#2496,.T.);
#2494=EDGE_CURVE('',#37,#39,#2497,.T.);
#2495=LINE('',#38,#2498);
#2496=LINE('',#36,#2499);
#2497=LINE('',#36,#2500);
#2498=VECTOR('',#2501,1.0);
#2499=VECTOR('',#2502,1.0);
#2500=VECTOR('',#2503,1.0);
#2501=DIRECTION('',(-0.09053535614945081,0.9958932419124504,-3.86095401030369E-08));
#2502=DIRECTION('',(NaN,NaN,NaN));
#2503=DIRECTION('',(0.09053535614945081,-0.9958932419124504,3.86095401030369E-08));
#2504=FACE_SURFACE('',(#2509),#2505,.T.);
#2505=PLANE('',#2506);
#2506=AXIS2_PLACEMENT_3D('',#38,#2507,#2508);
#2507=DIRECTION('',(NaN,NaN,NaN));
#2508=DIRECTION('',(-0.09053535614945081,0.9958932419124504,-3.86095401030369E-08));
#2509=FACE_BOUND('',#2510,.T.);
#2510=EDGE_LOOP('',(#2511,#2512,#2513));
#2511=ORIENTED_EDGE('',*,*,#2514,.T.);
#2512=ORIENTED_EDGE('',*,*,#2515,.T.);
#2513=ORIENTED_EDGE('',*,*,#2516,.T.);
#2514=EDGE_CURVE('',#39,#37,#2517,.F.);
#2515=EDGE_CURVE('',#37,#39,#2518,.T.);
#2516=EDGE_CURVE('',#39,#39,#2519,.T.);
#2517=LINE('',#38,#2520);
#2518=LINE('',#36,#2521);
#2519=LINE('',#38,#2522);
#2520=VECTOR('',#2523,1.0);
#2521=VECTOR('',#2524,1.0);
#2522=VECTOR('',#2525,1.0);
#2523=DIRECTION('',(-0.09053535614945081,0.9958932419124504,-3.86095401030369E-08));
#2524=DIRECTION('',(0.09053535614945081,-0.9958932419124504,3.86095401030369E-08));
#2525=DIRECTION('',(NaN,NaN,NaN));
#2526=FACE_SURFACE('',(#2531),#2527,.T.);
#2527=PLANE('',#2528);
#2528=AXIS2_PLACEMENT_3D('',#58,#2529,#2530);
#2529=DIRECTION('',(NaN,NaN,NaN));
#2530=DIRECTION('',(0.005284765173986694,-0.9999860355310237,4.507339292769765E-08));
#2531=FACE_BOUND('',#2532,.T.);
#2532=EDGE_LOOP('',(#2533,#2534,#2535));
#2533=ORIENTED_EDGE('',*,*,#2536,.T.);
#2534=ORIENTED_EDGE('',*,*,#2537,.T.);
#2535=ORIENTED_EDGE('',*,*,#2538,.T.);
#2536=EDGE_CURVE('',#59,#57,#2539,.F.);
#2537=EDGE_CURVE('',#57,#57,#2540,.T.);
#2538=EDGE_CURVE('',#57,#59,#2541,.T.);
#2539=LINE('',#58,#2542);
#2540=LINE('',#56,#2543);
#2541=LINE('',#56,#2544);
#2542=VECTOR('',#2545,1.0);
#2543=VECTOR('',#2546,1.0);
#2544=VECTOR('',#2547,1.0);
#2545=DIRECTION('',(0.005284765173986694,-0.9999860355310237,4.507339292769765E-08));
#2546=DIRECTION('',(NaN,NaN,NaN));
#2547=DIRECTION('',(-0.005284765173986694,0.9999860355310237,-4.507339292769765E-08));
#2548=FACE_SURFACE('',(#2553),#2549,.T.);
#2549=PLANE('',#2550);
#2550=AXIS2_PLACEMENT_3D('',#58,#2551,#2552);
#2551=DIRECTION('',(NaN,NaN,NaN));
#2552=DIRECTION('',(0.005284765173986694,-0.9999860355310237,4.507339292769765E-08));
#2553=FACE_BOUND('',#2554,.T.);
#2554=EDGE_LOOP('',(#2555,#2556,#2557));
#2555=ORIENTED_EDGE('',*,*,#2558,.T.);
#2556=ORIENTED_EDGE('',*,*,#2559,.T.);
#2557=ORIENTED_EDGE('',*,*,#2560,.T.);
#2558=EDGE_CURVE('',#59,#57,#2561,.F.);
#2559=EDGE_CURVE('',#57,#59,#2562,.T.);
#2560=EDGE_CURVE('',#59,#59,#2563,.T.);
#2561=LINE('',#58,#2564);
#2562=LINE('',#56,#2565);
#2563=LINE('',#58,#2566);
#2564=VECTOR('',#2567,1.0);
#2565=VECTOR('',#2568,1.0);
#2566=VECTOR('',#2569,1.0);
#2567=DIRECTION('',(0.005284765173986694,-0.9999860355310237,4.507339292769765E-08));
#2568=DIRECTION('',(-0.005284765173986694,0.9999860355310237,-4.507339292769765E-08));
#2569=DIRECTION('',(NaN,NaN,NaN));
#2570=FACE_SURFACE('',(#2575),#2571,.T.);
#2571=PLANE('',#2572);
#2572=AXIS2_PLACEMENT_3D('',#40,#2573,#2574);
#2573=DIRECTION('',(NaN,NaN,NaN));
#2574=DIRECTION('',(0.7071055749817875,0.7071079873892461,-7.538773307875781E-08));
#2575=FACE_BOUND('',#2576,.T.);
#2576=EDGE_LOOP('',(#2577,#2578,#2579));
#2577=ORIENTED_EDGE('',*,*,#2580,.T.);
#2578=ORIENTED_EDGE('',*,*,#2581,.T.);
#2579=ORIENTED_EDGE('',*,*,#2582,.T.);
#2580=EDGE_CURVE('',#41,#39,#2583,.F.);
#2581=EDGE_CURVE('',#39,#39,#2584,.T.);
#2582=EDGE_CURVE('',#39,#41,#2585,.T.);
#2583=LINE('',#40,#2586);
#2584=LINE('',#38,#2587);
#2585=LINE('',#38,#2588);
#2586=VECTOR('',#2589,1.0);
#2587=VECTOR('',#2590,1.0);
#2588=VECTOR('',#2591,1.0);
#2589=DIRECTION('',(0.7071055749817875,0.7071079873892461,-7.538773307875781E-08));
#2590=DIRECTION('',(NaN,NaN,NaN));
#2591=DIRECTION('',(-0.7071055749817875,-0.7071079873892461,7.538773307875781E-08));
#2592=FACE_SURFACE('',(#2597),#2593,.T.);
#2593=PLANE('',#2594);
#2594=AXIS2_PLACEMENT_3D('',#40,#2595,#2596);
#2595=DIRECTION('',(NaN,NaN,NaN));
#2596=DIRECTION('',(0.7071055749817875,0.7071079873892461,-7.538773307875781E-08));
#2597=FACE_BOUND('',#2598,.T.);
#2598=EDGE_LOOP('',(#2599,#2600,#2601));
#2599=ORIENTED_EDGE('',*,*,#2602,.T.);
#2600=ORIENTED_EDGE('',*,*,#2603,.T.);
#2601=ORIENTED_EDGE('',*,*,#2604,.T.);
#2602=EDGE_CURVE('',#41,#39,#2605,.F.);
#2603=EDGE_CURVE('',#39,#41,#2606,.T.);
#2604=EDGE_CURVE('',#41,#41,#2607,.T.);
#2605=LINE('',#40,#2608);
#2606=LINE('',#38,#2609);
#2607=LINE('',#40,#2610);
#2608=VECTOR('',#2611,1.0);
#2609=VECTOR('',#2612,1.0);
#2610=VECTOR('',#2613,1.0);
#2611=DIRECTION('',(0.7071055749817875,0.7071079873892461,-7.538773307875781E-08));
#2612=DIRECTION('',(-0.7071055749817875,-0.7071079873892461,7.538773307875781E-08));
#2613=DIRECTION('',(NaN,NaN,NaN));
#2614=FACE_SURFACE('',(#2619),#2615,.T.);
#2615=PLANE('',#2616);
#2616=AXIS2_PLACEMENT_3D('',#48,#2617,#2618);
#2617=DIRECTION('',(NaN,NaN,NaN));
#2618=DIRECTION('',(0.8521286277298336,-0.5233324008727827,0));
#2619=FACE_BOUND('',#2620,.T.);
#2620=EDGE_LOOP('',(#2621,#2622,#2623));
#2621=ORIENTED_EDGE('',*,*,#2624,.T.);
#2622=ORIENTED_EDGE('',*,*,#2625,.T.);
#2623=ORIENTED_EDGE('',*,*,#2626,.T.);
#2624=EDGE_CURVE('',#49,#47,#2627,.F.);
#2625=EDGE_CURVE('',#47,#47,#2628,.T.);
#2626=EDGE_CURVE('',#47,#49,#2629,.T.);
#2627=LINE('',#48,#2630);
#2628=LINE('',#46,#2631);
#2629=LINE('',#46,#2632);
#2630=VECTOR('',#2633,1.0);
#2631=VECTOR('',#2634,1.0);
#2632=VECTOR('',#2635,1.0);
#2633=DIRECTION('',(0.8521286277298336,-0.5233324008727827,0));
#2634=DIRECTION('',(NaN,NaN,NaN));
#2635=DIRECTION('',(-0.8521286277298336,0.5233324008727827,0));
#2636=FACE_SURFACE('',(#2641),#2637,.T.);
#2637=PLANE('',#2638);
#2638=AXIS2_PLACEMENT_3D('',#48,#2639,#2640);
#2639=DIRECTION('',(NaN,NaN,NaN));
#2640=DIRECTION('',(0.8521286277298336,-0.5233324008727827,0));
#2641=FACE_BOUND('',#2642,.T.);
#2642=EDGE_LOOP('',(#2643,#2644,#2645));
#2643=ORIENTED_EDGE('',*,*,#2646,.T.);
#2644=ORIENTED_EDGE('',*,*,#2647,.T.);
#2645=ORIENTED_EDGE('',*,*,#2648,.T.);
#2646=EDGE_CURVE('',#49,#47,#2649,.F.);
#2647=EDGE_CURVE('',#47,#49,#2650,.T.);
#2648=EDGE_CURVE('',#49,#49,#2651,.T.);
#2649=LINE('',#48,#2652);
#2650=LINE('',#46,#2653);
#2651=LINE('',#48,#2654);
#2652=VECTOR('',#2655,1.0);
#2653=VECTOR('',#2656,1.0);
#2654=VECTOR('',#2657,1.0);
#2655=DIRECTION('',(0.8521286277298336,-0.5233324008727827,0));
#2656=DIRECTION('',(-0.8521286277298336,0.5233324008727827,0));
#2657=DIRECTION('',(NaN,NaN,NaN));
#2658=FACE_SURFACE('',(#2663),#2659,.T.);
#2659=PLANE('',#2660);
#2660=AXIS2_PLACEMENT_3D('',#42,#2661,#2662);
#2661=DIRECTION('',(NaN,NaN,NaN));
#2662=DIRECTION('',(0.9363294401239118,0.35112274144128247,0));
#2663=FACE_BOUND('',#2664,.T.);
#2664=EDGE_LOOP('',(#2665,#2666,#2667));
#2665=ORIENTED_EDGE('',*,*,#2668,.T.);
#2666=ORIENTED_EDGE('',*,*,#2669,.T.);
#2667=ORIENTED_EDGE('',*,*,#2670,.T.);
#2668=EDGE_CURVE('',#43,#41,#2671,.F.);
#2669=EDGE_CURVE('',#41,#41,#2672,.T.);
#2670=EDGE_CURVE('',#41,#43,#2673,.T.);
#2671=LINE('',#42,#2674);
#2672=LINE('',#40,#2675);
#2673=LINE('',#40,#2676);
#2674=VECTOR('',#2677,1.0);
#2675=VECTOR('',#2678,1.0);
#2676=VECTOR('',#2679,1.0);
#2677=DIRECTION('',(0.9363294401239118,0.35112274144128247,0));
#2678=DIRECTION('',(NaN,NaN,NaN));
#2679=DIRECTION('',(-0.9363294401239118,-0.35112274144128247,0));
#2680=FACE_SURFACE('',(#2685),#2681,.T.);
#2681=PLANE('',#2682);
#2682=AXIS2_PLACEMENT_3D('',#42,#2683,#2684);
#2683=DIRECTION('',(NaN,NaN,NaN));
#2684=DIRECTION('',(0.9363294401239118,0.35112274144128247,0));
#2685=FACE_BOUND('',#2686,.T.);
#2686=EDGE_LOOP('',(#2687,#2688,#2689));
#2687=ORIENTED_EDGE('',*,*,#2690,.T.);
#2688=ORIENTED_EDGE('',*,*,#2691,.T.);
#2689=ORIENTED_EDGE('',*,*,#2692,.T.);
#2690=EDGE_CURVE('',#43,#41,#2693,.F.);
#2691=EDGE_CURVE('',#41,#43,#2694,.T.);
#2692=EDGE_CURVE('',#43,#43,#2695,.T.);
#2693=LINE('',#42,#2696);
#2694=LINE('',#40,#2697);
#2695=LINE('',#42,#2698);
#2696=VECTOR('',#2699,1.0);
#2697=VECTOR('',#2700,1.0);
#2698=VECTOR('',#2701,1.0);
#2699=DIRECTION('',(0.9363294401239118,0.35112274144128247,0));
#2700=DIRECTION('',(-0.9363294401239118,-0.35112274144128247,0));
#2701=DIRECTION('',(NaN,NaN,NaN));
#2702=FACE_SURFACE('',(#2707),#2703,.T.);
#2703=PLANE('',#2704);
#2704=AXIS2_PLACEMENT_3D('',#62,#2705,#2706);
#2705=DIRECTION('',(NaN,NaN,NaN));
#2706=DIRECTION('',(0,0.999999999999999,-4.264564725260531E-08));
#2707=FACE_BOUND('',#2708,.T.);
#2708=EDGE_LOOP('',(#2709,#2710,#2711));
#2709=ORIENTED_EDGE('',*,*,#2712,.T.);
#2710=ORIENTED_EDGE('',*,*,#2713,.T.);
#2711=ORIENTED_EDGE('',*,*,#2714,.T.);
#2712=EDGE_CURVE('',#63,#77,#2715,.F.);
#2713=EDGE_CURVE('',#77,#77,#2716,.T.);
#2714=EDGE_CURVE('',#77,#63,#2717,.T.);
#2715=LINE('',#62,#2718);
#2716=LINE('',#76,#2719);
#2717=LINE('',#76,#2720);
#2718=VECTOR('',#2721,1.0);
#2719=VECTOR('',#2722,1.0);
#2720=VECTOR('',#2723,1.0);
#2721=DIRECTION('',(0,0.999999999999999,-4.264564725260531E-08));
#2722=DIRECTION('',(NaN,NaN,NaN));
#2723=DIRECTION('',(0,-0.999999999999999,4.264564725260531E-08));
#2724=FACE_SURFACE('',(#2729),#2725,.T.);
#2725=PLANE('',#2726);
#2726=AXIS2_PLACEMENT_3D('',#62,#2727,#2728);
#2727=DIRECTION('',(NaN,NaN,NaN));
#2728=DIRECTION('',(0,0.999999999999999,-4.264564725260531E-08));
#2729=FACE_BOUND('',#2730,.T.);
#2730=EDGE_LOOP('',(#2731,#2732,#2733));
#2731=ORIENTED_EDGE('',*,*,#2734,.T.);
#2732=ORIENTED_EDGE('',*,*,#2735,.T.);
#2733=ORIENTED_EDGE('',*,*,#2736,.T.);
#2734=EDGE_CURVE('',#63,#77,#2737,.F.);
#2735=EDGE_CURVE('',#77,#63,#2738,.T.);
#2736=EDGE_CURVE('',#63,#63,#2739,.T.);
#2737=LINE('',#62,#2740);
#2738=LINE('',#76,#2741);
#2739=LINE('',#62,#2742);
#2740=VECTOR('',#2743,1.0);
#2741=VECTOR('',#2744,1.0);
#2742=VECTOR('',#2745,1.0);
#2743=DIRECTION('',(0,0.999999999999999,-4.264564725260531E-08));
#2744=DIRECTION('',(0,-0.999999999999999,4.264564725260531E-08));
#2745=DIRECTION('',(NaN,NaN,NaN));
#2746=FACE_SURFACE('',(#2751),#2747,.T.);
#2747=PLANE('',#2748);
#2748=AXIS2_PLACEMENT_3D('',#52,#2749,#2750);
#2749=DIRECTION('',(NaN,NaN,NaN));
#2750=DIRECTION('',(0.25090250211599835,-0.9680123627474658,0));
#2751=FACE_BOUND('',#2752,.T.);
#2752=EDGE_LOOP('',(#2753,#2754,#2755));
#2753=ORIENTED_EDGE('',*,*,#2756,.T.);
#2754=ORIENTED_EDGE('',*,*,#2757,.T.);
#2755=ORIENTED_EDGE('',*,*,#2758,.T.);
#2756=EDGE_CURVE('',#53,#51,#2759,.F.);
#2757=EDGE_CURVE('',#51,#51,#2760,.T.);
#2758=EDGE_CURVE('',#51,#53,#2761,.T.);
#2759=LINE('',#52,#2762);
#2760=LINE('',#50,#2763);
#2761=LINE('',#50,#2764);
#2762=VECTOR('',#2765,1.0);
#2763=VECTOR('',#2766,1.0);
#2764=VECTOR('',#2767,1.0);
#2765=DIRECTION('',(0.25090250211599835,-0.9680123627474658,0));
#2766=DIRECTION('',(NaN,NaN,NaN));
#2767=DIRECTION('',(-0.25090250211599835,0.9680123627474658,0));
#2768=FACE_SURFACE('',(#2773),#2769,.T.);
#2769=PLANE('',#2770);
#2770=AXIS2_PLACEMENT_3D('',#52,#2771,#2772);
#2771=DIRECTION('',(NaN,NaN,NaN));
#2772=DIRECTION('',(0.25090250211599835,-0.9680123627474658,0));
#2773=FACE_BOUND('',#2774,.T.);
#2774=EDGE_LOOP('',(#2775,#2776,#2777));
#2775=ORIENTED_EDGE('',*,*,#2778,.T.);
#2776=ORIENTED_EDGE('',*,*,#2779,.T.);
#2777=ORIENTED_EDGE('',*,*,#2780,.T.);
#2778=EDGE_CURVE('',#53,#51,#2781,.F.);
#2779=EDGE_CURVE('',#51,#53,#2782,.T.);
#2780=EDGE_CURVE('',#53,#53,#2783,.T.);
#2781=LINE('',#52,#2784);
#2782=LINE('',#50,#2785);
#2783=LINE('',#52,#2786);
#2784=VECTOR('',#2787,1.0);
#2785=VECTOR('',#2788,1.0);
#2786=VECTOR('',#2789,1.0);
#2787=DIRECTION('',(0.25090250211599835,-0.9680123627474658,0));
#2788=DIRECTION('',(-0.25090250211599835,0.9680123627474658,0));
#2789=DIRECTION('',(NaN,NaN,NaN));
#2790=FACE_SURFACE('',(#2795),#2791,.T.);
#2791=PLANE('',#2792);
#2792=AXIS2_PLACEMENT_3D('',#46,#2793,#2794);
#2793=DIRECTION('',(NaN,NaN,NaN));
#2794=DIRECTION('',(0.9660566576639533,-0.25833028119667134,0));
#2795=FACE_BOUND('',#2796,.T.);
#2796=EDGE_LOOP('',(#2797,#2798,#2799));
#2797=ORIENTED_EDGE('',*,*,#2800,.T.);
#2798=ORIENTED_EDGE('',*,*,#2801,.T.);
#2799=ORIENTED_EDGE('',*,*,#2802,.T.);
#2800=EDGE_CURVE('',#47,#45,#2803,.F.);
#2801=EDGE_CURVE('',#45,#45,#2804,.T.);
#2802=EDGE_CURVE('',#45,#47,#2805,.T.);
#2803=LINE('',#46,#2806);
#2804=LINE('',#44,#2807);
#2805=LINE('',#44,#2808);
#2806=VECTOR('',#2809,1.0);
#2807=VECTOR('',#2810,1.0);
#2808=VECTOR('',#2811,1.0);
#2809=DIRECTION('',(0.9660566576639533,-0.25833028119667134,0));
#2810=DIRECTION('',(NaN,NaN,NaN));
#2811=DIRECTION('',(-0.9660566576639533,0.25833028119667134,0));
#2812=FACE_SURFACE('',(#2817),#2813,.T.);
#2813=PLANE('',#2814);
#2814=AXIS2_PLACEMENT_3D('',#46,#2815,#2816);
#2815=DIRECTION('',(NaN,NaN,NaN));
#2816=DIRECTION('',(0.9660566576639533,-0.25833028119667134,0));
#2817=FACE_BOUND('',#2818,.T.);
#2818=EDGE_LOOP('',(#2819,#2820,#2821));
#2819=ORIENTED_EDGE('',*,*,#2822,.T.);
#2820=ORIENTED_EDGE('',*,*,#2823,.T.);
#2821=ORIENTED_EDGE('',*,*,#2824,.T.);
#2822=EDGE_CURVE('',#47,#45,#2825,.F.);
#2823=EDGE_CURVE('',#45,#47,#2826,.T.);
#2824=EDGE_CURVE('',#47,#47,#2827,.T.);
#2825=LINE('',#46,#2828);
#2826=LINE('',#44,#2829);
#2827=LINE('',#46,#2830);
#2828=VECTOR('',#2831,1.0);
#2829=VECTOR('',#2832,1.0);
#2830=VECTOR('',#2833,1.0);
#2831=DIRECTION('',(0.9660566576639533,-0.25833028119667134,0));
#2832=DIRECTION('',(-0.9660566576639533,0.25833028119667134,0));
#2833=DIRECTION('',(NaN,NaN,NaN));
#2834=FACE_SURFACE('',(#2839),#2835,.T.);
#2835=PLANE('',#2836);
#2836=AXIS2_PLACEMENT_3D('',#74,#2837,#2838);
#2837=DIRECTION('',(NaN,NaN,NaN));
#2838=DIRECTION('',(0.9995677572384027,0.02939895728404858,0));
#2839=FACE_BOUND('',#2840,.T.);
#2840=EDGE_LOOP('',(#2841,#2842,#2843));
#2841=ORIENTED_EDGE('',*,*,#2844,.T.);
#2842=ORIENTED_EDGE('',*,*,#2845,.T.);
#2843=ORIENTED_EDGE('',*,*,#2846,.T.);
#2844=EDGE_CURVE('',#75,#73,#2847,.F.);
#2845=EDGE_CURVE('',#73,#73,#2848,.T.);
#2846=EDGE_CURVE('',#73,#75,#2849,.T.);
#2847=LINE('',#74,#2850);
#2848=LINE('',#72,#2851);
#2849=LINE('',#72,#2852);
#2850=VECTOR('',#2853,1.0);
#2851=VECTOR('',#2854,1.0);
#2852=VECTOR('',#2855,1.0);
#2853=DIRECTION('',(0.9995677572384027,0.02939895728404858,0));
#2854=DIRECTION('',(NaN,NaN,NaN));
#2855=DIRECTION('',(-0.9995677572384027,-0.02939895728404858,0));
#2856=FACE_SURFACE('',(#2861),#2857,.T.);
#2857=PLANE('',#2858);
#2858=AXIS2_PLACEMENT_3D('',#74,#2859,#2860);
#2859=DIRECTION('',(NaN,NaN,NaN));
#2860=DIRECTION('',(0.9995677572384027,0.02939895728404858,0));
#2861=FACE_BOUND('',#2862,.T.);
#2862=EDGE_LOOP('',(#2863,#2864,#2865));
#2863=ORIENTED_EDGE('',*,*,#2866,.T.);
#2864=ORIENTED_EDGE('',*,*,#2867,.T.);
#2865=ORIENTED_EDGE('',*,*,#2868,.T.);
#2866=EDGE_CURVE('',#75,#73,#2869,.F.);
#2867=EDGE_CURVE('',#73,#75,#2870,.T.);
#2868=EDGE_CURVE('',#75,#75,#2871,.T.);
#2869=LINE('',#74,#2872);
#2870=LINE('',#72,#2873);
#2871=LINE('',#74,#2874);
#2872=VECTOR('',#2875,1.0);
#2873=VECTOR('',#2876,1.0);
#2874=VECTOR('',#2877,1.0);
#2875=DIRECTION('',(0.9995677572384027,0.02939895728404858,0));
#2876=DIRECTION('',(-0.9995677572384027,-0.02939895728404858,0));
#2877=DIRECTION('',(NaN,NaN,NaN));
#2878=FACE_SURFACE('',(#2883),#2879,.T.);
#2879=PLANE('',#2880);
#2880=AXIS2_PLACEMENT_3D('',#50,#2881,#2882);
#2881=DIRECTION('',(NaN,NaN,NaN));
#2882=DIRECTION('',(0.44199715928730315,-0.897016449783355,1.4218784076638554E-07));
#2883=FACE_BOUND('',#2884,.T.);
#2884=EDGE_LOOP('',(#2885,#2886,#2887));
#2885=ORIENTED_EDGE('',*,*,#2888,.T.);
#2886=ORIENTED_EDGE('',*,*,#2889,.T.);
#2887=ORIENTED_EDGE('',*,*,#2890,.T.);
#2888=EDGE_CURVE('',#51,#49,#2891,.F.);
#2889=EDGE_CURVE('',#49,#49,#2892,.T.);
#2890=EDGE_CURVE('',#49,#51,#2893,.T.);
#2891=LINE('',#50,#2894);
#2892=LINE('',#48,#2895);
#2893=LINE('',#48,#2896);
#2894=VECTOR('',#2897,1.0);
#2895=VECTOR('',#2898,1.0);
#2896=VECTOR('',#2899,1.0);
#2897=DIRECTION('',(0.44199715928730315,-0.897016449783355,1.4218784076638554E-07));
#2898=DIRECTION('',(NaN,NaN,NaN));
#2899=DIRECTION('',(-0.44199715928730315,0.897016449783355,-1.4218784076638554E-07));
#2900=FACE_SURFACE('',(#2905),#2901,.T.);
#2901=PLANE('',#2902);
#2902=AXIS2_PLACEMENT_3D('',#50,#2903,#2904);
#2903=DIRECTION('',(NaN,NaN,NaN));
#2904=DIRECTION('',(0.44199715928730315,-0.897016449783355,1.4218784076638554E-07));
#2905=FACE_BOUND('',#2906,.T.);
#2906=EDGE_LOOP('',(#2907,#2908,#2909));
#2907=ORIENTED_EDGE('',*,*,#2910,.T.);
#2908=ORIENTED_EDGE('',*,*,#2911,.T.);
#2909=ORIENTED_EDGE('',*,*,#2912,.T.);
#2910=EDGE_CURVE('',#51,#49,#2913,.F.);
#2911=EDGE_CURVE('',#49,#51,#2914,.T.);
#2912=EDGE_CURVE('',#51,#51,#2915,.T.);
#2913=LINE('',#50,#2916);
#2914=LINE('',#48,#2917);
#2915=LINE('',#50,#2918);
#2916=VECTOR('',#2919,1.0);
#2917=VECTOR('',#2920,1.0);
#2918=VECTOR('',#2921,1.0);
#2919=DIRECTION('',(0.44199715928730315,-0.897016449783355,1.4218784076638554E-07));
#2920=DIRECTION('',(-0.44199715928730315,0.897016449783355,-1.4218784076638554E-07));
#2921=DIRECTION('',(NaN,NaN,NaN));
#2922=FACE_SURFACE('',(#2927),#2923,.T.);
#2923=PLANE('',#2924);
#2924=AXIS2_PLACEMENT_3D('',#72,#2925,#2926);
#2925=DIRECTION('',(NaN,NaN,NaN));
#2926=DIRECTION('',(-0.022455787916752065,0.9997478370014293,-3.8313134548946386E-08));
#2927=FACE_BOUND('',#2928,.T.);
#2928=EDGE_LOOP('',(#2929,#2930,#2931));
#2929=ORIENTED_EDGE('',*,*,#2932,.T.);
#2930=ORIENTED_EDGE('',*,*,#2933,.T.);
#2931=ORIENTED_EDGE('',*,*,#2934,.T.);
#2932=EDGE_CURVE('',#73,#71,#2935,.F.);
#2933=EDGE_CURVE('',#71,#71,#2936,.T.);
#2934=EDGE_CURVE('',#71,#73,#2937,.T.);
#2935=LINE('',#72,#2938);
#2936=LINE('',#70,#2939);
#2937=LINE('',#70,#2940);
#2938=VECTOR('',#2941,1.0);
#2939=VECTOR('',#2942,1.0);
#2940=VECTOR('',#2943,1.0);
#2941=DIRECTION('',(-0.022455787916752065,0.9997478370014293,-3.8313134548946386E-08));
#2942=DIRECTION('',(NaN,NaN,NaN));
#2943=DIRECTION('',(0.022455787916752065,-0.9997478370014293,3.8313134548946386E-08));
#2944=FACE_SURFACE('',(#2949),#2945,.T.);
#2945=PLANE('',#2946);
#2946=AXIS2_PLACEMENT_3D('',#72,#2947,#2948);
#2947=DIRECTION('',(NaN,NaN,NaN));
#2948=DIRECTION('',(-0.022455787916752065,0.9997478370014293,-3.8313134548946386E-08));
#2949=FACE_BOUND('',#2950,.T.);
#2950=EDGE_LOOP('',(#2951,#2952,#2953));
#2951=ORIENTED_EDGE('',*,*,#2954,.T.);
#2952=ORIENTED_EDGE('',*,*,#2955,.T.);
#2953=ORIENTED_EDGE('',*,*,#2956,.T.);
#2954=EDGE_CURVE('',#73,#71,#2957,.F.);
#2955=EDGE_CURVE('',#71,#73,#2958,.T.);
#2956=EDGE_CURVE('',#73,#73,#2959,.T.);
#2957=LINE('',#72,#2960);
#2958=LINE('',#70,#2961);
#2959=LINE('',#72,#2962);
#2960=VECTOR('',#2963,1.0);
#2961=VECTOR('',#2964,1.0);
#2962=VECTOR('',#2965,1.0);
#2963=DIRECTION('',(-0.022455787916752065,0.9997478370014293,-3.8313134548946386E-08));
#2964=DIRECTION('',(0.022455787916752065,-0.9997478370014293,3.8313134548946386E-08));
#2965=DIRECTION('',(NaN,NaN,NaN));
#2966=FACE_SURFACE('',(#2971),#2967,.T.);
#2967=PLANE('',#2968);
#2968=AXIS2_PLACEMENT_3D('',#76,#2969,#2970);
#2969=DIRECTION('',(NaN,NaN,NaN));
#2970=DIRECTION('',(0.707105273430921,0.7071082889389582,-3.769385046452598E-08));
#2971=FACE_BOUND('',#2972,.T.);
#2972=EDGE_LOOP('',(#2973,#2974,#2975));
#2973=ORIENTED_EDGE('',*,*,#2976,.T.);
#2974=ORIENTED_EDGE('',*,*,#2977,.T.);
#2975=ORIENTED_EDGE('',*,*,#2978,.T.);
#2976=EDGE_CURVE('',#77,#75,#2979,.F.);
#2977=EDGE_CURVE('',#75,#75,#2980,.T.);
#2978=EDGE_CURVE('',#75,#77,#2981,.T.);
#2979=LINE('',#76,#2982);
#2980=LINE('',#74,#2983);
#2981=LINE('',#74,#2984);
#2982=VECTOR('',#2985,1.0);
#2983=VECTOR('',#2986,1.0);
#2984=VECTOR('',#2987,1.0);
#2985=DIRECTION('',(0.707105273430921,0.7071082889389582,-3.769385046452598E-08));
#2986=DIRECTION('',(NaN,NaN,NaN));
#2987=DIRECTION('',(-0.707105273430921,-0.7071082889389582,3.769385046452598E-08));
#2988=FACE_SURFACE('',(#2993),#2989,.T.);
#2989=PLANE('',#2990);
#2990=AXIS2_PLACEMENT_3D('',#76,#2991,#2992);
#2991=DIRECTION('',(NaN,NaN,NaN));
#2992=DIRECTION('',(0.707105273430921,0.7071082889389582,-3.769385046452598E-08));
#2993=FACE_BOUND('',#2994,.T.);
#2994=EDGE_LOOP('',(#2995,#2996,#2997));
#2995=ORIENTED_EDGE('',*,*,#2998,.T.);
#2996=ORIENTED_EDGE('',*,*,#2999,.T.);
#2997=ORIENTED_EDGE('',*,*,#3000,.T.);
#2998=EDGE_CURVE('',#77,#75,#3001,.F.);
#2999=EDGE_CURVE('',#75,#77,#3002,.T.);
#3000=EDGE_CURVE('',#77,#77,#3003,.T.);
#3001=LINE('',#76,#3004);
#3002=LINE('',#74,#3005);
#3003=LINE('',#76,#3006);
#3004=VECTOR('',#3007,1.0);
#3005=VECTOR('',#3008,1.0);
#3006=VECTOR('',#3009,1.0);
#3007=DIRECTION('',(0.707105273430921,0.7071082889389582,-3.769385046452598E-08));
#3008=DIRECTION('',(-0.707105273430921,-0.7071082889389582,3.769385046452598E-08));
#3009=DIRECTION('',(NaN,NaN,NaN));
#3010=FACE_SURFACE('',(#3015),#3011,.T.);
#3011=PLANE('',#3012);
#3012=AXIS2_PLACEMENT_3D('',#54,#3013,#3014);
#3013=DIRECTION('',(NaN,NaN,NaN));
#3014=DIRECTION('',(0.011553340247141513,-0.9999332579373145,4.434314452507643E-08));
#3015=FACE_BOUND('',#3016,.T.);
#3016=EDGE_LOOP('',(#3017,#3018,#3019));
#3017=ORIENTED_EDGE('',*,*,#3020,.T.);
#3018=ORIENTED_EDGE('',*,*,#3021,.T.);
#3019=ORIENTED_EDGE('',*,*,#3022,.T.);
#3020=EDGE_CURVE('',#55,#53,#3023,.F.);
#3021=EDGE_CURVE('',#53,#53,#3024,.T.);
#3022=EDGE_CURVE('',#53,#55,#3025,.T.);
#3023=LINE('',#54,#3026);
#3024=LINE('',#52,#3027);
#3025=LINE('',#52,#3028);
#3026=VECTOR('',#3029,1.0);
#3027=VECTOR('',#3030,1.0);
#3028=VECTOR('',#3031,1.0);
#3029=DIRECTION('',(0.011553340247141513,-0.9999332579373145,4.434314452507643E-08));
#3030=DIRECTION('',(NaN,NaN,NaN));
#3031=DIRECTION('',(-0.011553340247141513,0.9999332579373145,-4.434314452507643E-08));
#3032=FACE_SURFACE('',(#3037),#3033,.T.);
#3033=PLANE('',#3034);
#3034=AXIS2_PLACEMENT_3D('',#54,#3035,#3036);
#3035=DIRECTION('',(NaN,NaN,NaN));
#3036=DIRECTION('',(0.011553340247141513,-0.9999332579373145,4.434314452507643E-08));
#3037=FACE_BOUND('',#3038,.T.);
#3038=EDGE_LOOP('',(#3039,#3040,#3041));
#3039=ORIENTED_EDGE('',*,*,#3042,.T.);
#3040=ORIENTED_EDGE('',*,*,#3043,.T.);
#3041=ORIENTED_EDGE('',*,*,#3044,.T.);
#3042=EDGE_CURVE('',#55,#53,#3045,.F.);
#3043=EDGE_CURVE('',#53,#55,#3046,.T.);
#3044=EDGE_CURVE('',#55,#55,#3047,.T.);
#3045=LINE('',#54,#3048);
#3046=LINE('',#52,#3049);
#3047=LINE('',#54,#3050);
#3048=VECTOR('',#3051,1.0);
#3049=VECTOR('',#3052,1.0);
#3050=VECTOR('',#3053,1.0);
#3051=DIRECTION('',(0.011553340247141513,-0.9999332579373145,4.434314452507643E-08));
#3052=DIRECTION('',(-0.011553340247141513,0.9999332579373145,-4.434314452507643E-08));
#3053=DIRECTION('',(NaN,NaN,NaN));
#3054=FACE_SURFACE('',(#3059),#3055,.T.);
#3055=PLANE('',#3056);
#3056=AXIS2_PLACEMENT_3D('',#66,#3057,#3058);
#3057=DIRECTION('',(NaN,NaN,NaN));
#3058=DIRECTION('',(-0.6507899106838537,0.7592578561675205,-4.625577642418923E-08));
#3059=FACE_BOUND('',#3060,.T.);
#3060=EDGE_LOOP('',(#3061,#3062,#3063));
#3061=ORIENTED_EDGE('',*,*,#3064,.T.);
#3062=ORIENTED_EDGE('',*,*,#3065,.T.);
#3063=ORIENTED_EDGE('',*,*,#3066,.T.);
#3064=EDGE_CURVE('',#67,#65,#3067,.F.);
#3065=EDGE_CURVE('',#65,#65,#3068,.T.);
#3066=EDGE_CURVE('',#65,#67,#3069,.T.);
#3067=LINE('',#66,#3070);
#3068=LINE('',#64,#3071);
#3069=LINE('',#64,#3072);
#3070=VECTOR('',#3073,1.0);
#3071=VECTOR('',#3074,1.0);
#3072=VECTOR('',#3075,1.0);
#3073=DIRECTION('',(-0.6507899106838537,0.7592578561675205,-4.625577642418923E-08));
#3074=DIRECTION('',(NaN,NaN,NaN));
#3075=DIRECTION('',(0.6507899106838537,-0.7592578561675205,4.625577642418923E-08));
#3076=FACE_SURFACE('',(#3081),#3077,.T.);
#3077=PLANE('',#3078);
#3078=AXIS2_PLACEMENT_3D('',#66,#3079,#3080);
#3079=DIRECTION('',(NaN,NaN,NaN));
#3080=DIRECTION('',(-0.6507899106838537,0.7592578561675205,-4.625577642418923E-08));
#3081=FACE_BOUND('',#3082,.T.);
#3082=EDGE_LOOP('',(#3083,#3084,#3085));
#3083=ORIENTED_EDGE('',*,*,#3086,.T.);
#3084=ORIENTED_EDGE('',*,*,#3087,.T.);
#3085=ORIENTED_EDGE('',*,*,#3088,.T.);
#3086=EDGE_CURVE('',#67,#65,#3089,.F.);
#3087=EDGE_CURVE('',#65,#67,#3090,.T.);
#3088=EDGE_CURVE('',#67,#67,#3091,.T.);
#3089=LINE('',#66,#3092);
#3090=LINE('',#64,#3093);
#3091=LINE('',#66,#3094);
#3092=VECTOR('',#3095,1.0);
#3093=VECTOR('',#3096,1.0);
#3094=VECTOR('',#3097,1.0);
#3095=DIRECTION('',(-0.6507899106838537,0.7592578561675205,-4.625577642418923E-08));
#3096=DIRECTION('',(0.6507899106838537,-0.7592578561675205,4.625577642418923E-08));
#3097=DIRECTION('',(NaN,NaN,NaN));
#3098=FACE_SURFACE('',(#3103),#3099,.T.);
#3099=PLANE('',#3100);
#3100=AXIS2_PLACEMENT_3D('',#34,#3101,#3102);
#3101=DIRECTION('',(NaN,NaN,NaN));
#3102=DIRECTION('',(-0.8574918931901504,0.5144974762942676,-3.6568440271557904E-08));
#3103=FACE_BOUND('',#3104,.T.);
#3104=EDGE_LOOP('',(#3105,#3106,#3107));
#3105=ORIENTED_EDGE('',*,*,#3108,.T.);
#3106=ORIENTED_EDGE('',*,*,#3109,.T.);
#3107=ORIENTED_EDGE('',*,*,#3110,.T.);
#3108=EDGE_CURVE('',#35,#63,#3111,.F.);
#3109=EDGE_CURVE('',#63,#63,#3112,.T.);
#3110=EDGE_CURVE('',#63,#35,#3113,.T.);
#3111=LINE('',#34,#3114);
#3112=LINE('',#62,#3115);
#3113=LINE('',#62,#3116);
#3114=VECTOR('',#3117,1.0);
#3115=VECTOR('',#3118,1.0);
#3116=VECTOR('',#3119,1.0);
#3117=DIRECTION('',(-0.8574918931901504,0.5144974762942676,-3.6568440271557904E-08));
#3118=DIRECTION('',(NaN,NaN,NaN));
#3119=DIRECTION('',(0.8574918931901504,-0.5144974762942676,3.6568440271557904E-08));
#3120=FACE_SURFACE('',(#3125),#3121,.T.);
#3121=PLANE('',#3122);
#3122=AXIS2_PLACEMENT_3D('',#34,#3123,#3124);
#3123=DIRECTION('',(NaN,NaN,NaN));
#3124=DIRECTION('',(-0.8574918931901504,0.5144974762942676,-3.6568440271557904E-08));
#3125=FACE_BOUND('',#3126,.T.);
#3126=EDGE_LOOP('',(#3127,#3128,#3129));
#3127=ORIENTED_EDGE('',*,*,#3130,.T.);
#3128=ORIENTED_EDGE('',*,*,#3131,.T.);
#3129=ORIENTED_EDGE('',*,*,#3132,.T.);
#3130=EDGE_CURVE('',#35,#63,#3133,.F.);
#3131=EDGE_CURVE('',#63,#35,#3134,.T.);
#3132=EDGE_CURVE('',#35,#35,#3135,.T.);
#3133=LINE('',#34,#3136);
#3134=LINE('',#62,#3137);
#3135=LINE('',#34,#3138);
#3136=VECTOR('',#3139,1.0);
#3137=VECTOR('',#3140,1.0);
#3138=VECTOR('',#3141,1.0);
#3139=DIRECTION('',(-0.8574918931901504,0.5144974762942676,-3.6568440271557904E-08));
#3140=DIRECTION('',(0.8574918931901504,-0.5144974762942676,3.6568440271557904E-08));
#3141=DIRECTION('',(NaN,NaN,NaN));
#3142=FACE_SURFACE('',(#3147),#3143,.T.);
#3143=PLANE('',#3144);
#3144=AXIS2_PLACEMENT_3D('',#54,#3145,#3146);
#3145=DIRECTION('',(NaN,NaN,NaN));
#3146=DIRECTION('',(-0.0036011674265703703,0.9999935157755595,-4.3002094795691276E-08));
#3147=FACE_BOUND('',#3148,.T.);
#3148=EDGE_LOOP('',(#3149,#3150,#3151));
#3149=ORIENTED_EDGE('',*,*,#3152,.T.);
#3150=ORIENTED_EDGE('',*,*,#3153,.T.);
#3151=ORIENTED_EDGE('',*,*,#3154,.T.);
#3152=EDGE_CURVE('',#55,#57,#3155,.F.);
#3153=EDGE_CURVE('',#57,#57,#3156,.T.);
#3154=EDGE_CURVE('',#57,#55,#3157,.T.);
#3155=LINE('',#54,#3158);
#3156=LINE('',#56,#3159);
#3157=LINE('',#56,#3160);
#3158=VECTOR('',#3161,1.0);
#3159=VECTOR('',#3162,1.0);
#3160=VECTOR('',#3163,1.0);
#3161=DIRECTION('',(-0.0036011674265703703,0.9999935157755595,-4.3002094795691276E-08));
#3162=DIRECTION('',(NaN,NaN,NaN));
#3163=DIRECTION('',(0.0036011674265703703,-0.9999935157755595,4.3002094795691276E-08));
#3164=FACE_SURFACE('',(#3169),#3165,.T.);
#3165=PLANE('',#3166);
#3166=AXIS2_PLACEMENT_3D('',#54,#3167,#3168);
#3167=DIRECTION('',(NaN,NaN,NaN));
#3168=DIRECTION('',(-0.0036011674265703703,0.9999935157755595,-4.3002094795691276E-08));
#3169=FACE_BOUND('',#3170,.T.);
#3170=EDGE_LOOP('',(#3171,#3172,#3173));
#3171=ORIENTED_EDGE('',*,*,#3174,.T.);
#3172=ORIENTED_EDGE('',*,*,#3175,.T.);
#3173=ORIENTED_EDGE('',*,*,#3176,.T.);
#3174=EDGE_CURVE('',#55,#57,#3177,.F.);
#3175=EDGE_CURVE('',#57,#55,#3178,.T.);
#3176=EDGE_CURVE('',#55,#55,#3179,.T.);
#3177=LINE('',#54,#3180);
#3178=LINE('',#56,#3181);
#3179=LINE('',#54,#3182);
#3180=VECTOR('',#3183,1.0);
#3181=VECTOR('',#3184,1.0);
#3182=VECTOR('',#3185,1.0);
#3183=DIRECTION('',(-0.0036011674265703703,0.9999935157755595,-4.3002094795691276E-08));
#3184=DIRECTION('',(0.0036011674265703703,-0.9999935157755595,4.3002094795691276E-08));
#3185=DIRECTION('',(NaN,NaN,NaN));
#3186=FACE_SURFACE('',(#3191),#3187,.T.);
#3187=PLANE('',#3188);
#3188=AXIS2_PLACEMENT_3D('',#64,#3189,#3190);
#3189=DIRECTION('',(NaN,NaN,NaN));
#3190=DIRECTION('',(-0.9999973938891307,-0.00228302758345499,9.736422837350352E-10));
#3191=FACE_BOUND('',#3192,.T.);
#3192=EDGE_LOOP('',(#3193,#3194,#3195));
#3193=ORIENTED_EDGE('',*,*,#3196,.T.);
#3194=ORIENTED_EDGE('',*,*,#3197,.T.);
#3195=ORIENTED_EDGE('',*,*,#3198,.T.);
#3196=EDGE_CURVE('',#65,#61,#3199,.F.);
#3197=EDGE_CURVE('',#61,#61,#3200,.T.);
#3198=EDGE_CURVE('',#61,#65,#3201,.T.);
#3199=LINE('',#64,#3202);
#3200=LINE('',#60,#3203);
#3201=LINE('',#60,#3204);
#3202=VECTOR('',#3205,1.0);
#3203=VECTOR('',#3206,1.0);
#3204=VECTOR('',#3207,1.0);
#3205=DIRECTION('',(-0.9999973938891307,-0.00228302758345499,9.736422837350352E-10));
#3206=DIRECTION('',(NaN,NaN,NaN));
#3207=DIRECTION('',(0.9999973938891307,0.00228302758345499,-9.736422837350352E-10));
#3208=FACE_SURFACE('',(#3213),#3209,.T.);
#3209=PLANE('',#3210);
#3210=AXIS2_PLACEMENT_3D('',#64,#3211,#3212);
#3211=DIRECTION('',(NaN,NaN,NaN));
#3212=DIRECTION('',(-0.9999973938891307,-0.00228302758345499,9.736422837350352E-10));
#3213=FACE_BOUND('',#3214,.T.);
#3214=EDGE_LOOP('',(#3215,#3216,#3217));
#3215=ORIENTED_EDGE('',*,*,#3218,.T.);
#3216=ORIENTED_EDGE('',*,*,#3219,.T.);
#3217=ORIENTED_EDGE('',*,*,#3220,.T.);
#3218=EDGE_CURVE('',#65,#61,#3221,.F.);
#3219=EDGE_CURVE('',#61,#65,#3222,.T.);
#3220=EDGE_CURVE('',#65,#65,#3223,.T.);
#3221=LINE('',#64,#3224);
#3222=LINE('',#60,#3225);
#3223=LINE('',#64,#3226);
#3224=VECTOR('',#3227,1.0);
#3225=VECTOR('',#3228,1.0);
#3226=VECTOR('',#3229,1.0);
#3227=DIRECTION('',(-0.9999973938891307,-0.00228302758345499,9.736422837350352E-10));
#3228=DIRECTION('',(0.9999973938891307,0.00228302758345499,-9.736422837350352E-10));
#3229=DIRECTION('',(NaN,NaN,NaN));
#3230=FACE_SURFACE('',(#3235),#3231,.T.);
#3231=PLANE('',#3232);
#3232=AXIS2_PLACEMENT_3D('',#38,#3233,#3234);
#3233=DIRECTION('',(NaN,NaN,NaN));
#3234=DIRECTION('',(-0.09053535614945081,0.9958932419124504,-3.86095401030369E-08));
#3235=FACE_BOUND('',#3236,.T.);
#3236=EDGE_LOOP('',(#3237,#3238,#3239));
#3237=ORIENTED_EDGE('',*,*,#3240,.T.);
#3238=ORIENTED_EDGE('',*,*,#3241,.T.);
#3239=ORIENTED_EDGE('',*,*,#3242,.T.);
#3240=EDGE_CURVE('',#39,#37,#3243,.F.);
#3241=EDGE_CURVE('',#37,#37,#3244,.T.);
#3242=EDGE_CURVE('',#37,#39,#3245,.T.);
#3243=LINE('',#38,#3246);
#3244=LINE('',#36,#3247);
#3245=LINE('',#36,#3248);
#3246=VECTOR('',#3249,1.0);
#3247=VECTOR('',#3250,1.0);
#3248=VECTOR('',#3251,1.0);
#3249=DIRECTION('',(-0.09053535614945081,0.9958932419124504,-3.86095401030369E-08));
#3250=DIRECTION('',(NaN,NaN,NaN));
#3251=DIRECTION('',(0.09053535614945081,-0.9958932419124504,3.86095401030369E-08));
#3252=FACE_SURFACE('',(#3257),#3253,.T.);
#3253=PLANE('',#3254);
#3254=AXIS2_PLACEMENT_3D('',#38,#3255,#3256);
#3255=DIRECTION('',(NaN,NaN,NaN));
#3256=DIRECTION('',(-0.09053535614945081,0.9958932419124504,-3.86095401030369E-08));
#3257=FACE_BOUND('',#3258,.T.);
#3258=EDGE_LOOP('',(#3259,#3260,#3261));
#3259=ORIENTED_EDGE('',*,*,#3262,.T.);
#3260=ORIENTED_EDGE('',*,*,#3263,.T.);
#3261=ORIENTED_EDGE('',*,*,#3264,.T.);
#3262=EDGE_CURVE('',#39,#37,#3265,.F.);
#3263=EDGE_CURVE('',#37,#39,#3266,.T.);
#3264=EDGE_CURVE('',#39,#39,#3267,.T.);
#3265=LINE('',#38,#3268);
#3266=LINE('',#36,#3269);
#3267=LINE('',#38,#3270);
#3268=VECTOR('',#3271,1.0);
#3269=VECTOR('',#3272,1.0);
#3270=VECTOR('',#3273,1.0);
#3271=DIRECTION('',(-0.09053535614945081,0.9958932419124504,-3.86095401030369E-08));
#3272=DIRECTION('',(0.09053535614945081,-0.9958932419124504,3.86095401030369E-08));
#3273=DIRECTION('',(NaN,NaN,NaN));
#3274=FACE_SURFACE('',(#3279),#3275,.T.);
#3275=PLANE('',#3276);
#3276=AXIS2_PLACEMENT_3D('',#58,#3277,#3278);
#3277=DIRECTION('',(NaN,NaN,NaN));
#3278=DIRECTION('',(0.005284765173986694,-0.9999860355310237,4.507339292769765E-08));
#3279=FACE_BOUND('',#3280,.T.);
#3280=EDGE_LOOP('',(#3281,#3282,#3283));
#3281=ORIENTED_EDGE('',*,*,#3284,.T.);
#3282=ORIENTED_EDGE('',*,*,#3285,.T.);
#3283=ORIENTED_EDGE('',*,*,#3286,.T.);
#3284=EDGE_CURVE('',#59,#57,#3287,.F.);
#3285=EDGE_CURVE('',#57,#57,#3288,.T.);
#3286=EDGE_CURVE('',#57,#59,#3289,.T.);
#3287=LINE('',#58,#3290);
#3288=LINE('',#56,#3291);
#3289=LINE('',#56,#3292);
#3290=VECTOR('',#3293,1.0);
#3291=VECTOR('',#3294,1.0);
#3292=VECTOR('',#3295,1.0);
#3293=DIRECTION('',(0.005284765173986694,-0.9999860355310237,4.507339292769765E-08));
#3294=DIRECTION('',(NaN,NaN,NaN));
#3295=DIRECTION('',(-0.005284765173986694,0.9999860355310237,-4.507339292769765E-08));
#3296=FACE_SURFACE('',(#3301),#3297,.T.);
#3297=PLANE('',#3298);
#3298=AXIS2_PLACEMENT_3D('',#58,#3299,#3300);
#3299=DIRECTION('',(NaN,NaN,NaN));
#3300=DIRECTION('',(0.005284765173986694,-0.9999860355310237,4.507339292769765E-08));
#3301=FACE_BOUND('',#3302,.T.);
#3302=EDGE_LOOP('',(#3303,#3304,#3305));
#3303=ORIENTED_EDGE('',*,*,#3306,.T.);
#3304=ORIENTED_EDGE('',*,*,#3307,.T.);
#3305=ORIENTED_EDGE('',*,*,#3308,.T.);
#3306=EDGE_CURVE('',#59,#57,#3309,.F.);
#3307=EDGE_CURVE('',#57,#59,#3310,.T.);
#3308=EDGE_CURVE('',#59,#59,#3311,.T.);
#3309=LINE('',#58,#3312);
#3310=LINE('',#56,#3313);
#3311=LINE('',#58,#3314);
#3312=VECTOR('',#3315,1.0);
#3313=VECTOR('',#3316,1.0);
#3314=VECTOR('',#3317,1.0);
#3315=DIRECTION('',(0.005284765173986694,-0.9999860355310237,4.507339292769765E-08));
#3316=DIRECTION('',(-0.005284765173986694,0.9999860355310237,-4.507339292769765E-08));
#3317=DIRECTION('',(NaN,NaN,NaN));
#3318=FACE_SURFACE('',(#3323),#3319,.T.);
#3319=PLANE('',#3320);
#3320=AXIS2_PLACEMENT_3D('',#60,#3321,#3322);
#3321=DIRECTION('',(NaN,NaN,NaN));
#3322=DIRECTION('',(-0.780869017369053,-0.6246947876468074,0));
#3323=FACE_BOUND('',#3324,.T.);
#3324=EDGE_LOOP('',(#3325,#3326,#3327));
#3325=ORIENTED_EDGE('',*,*,#3328,.T.);
#3326=ORIENTED_EDGE('',*,*,#3329,.T.);
#3327=ORIENTED_EDGE('',*,*,#3330,.T.);
#3328=EDGE_CURVE('',#61,#59,#3331,.F.);
#3329=EDGE_CURVE('',#59,#59,#3332,.T.);
#3330=EDGE_CURVE('',#59,#61,#3333,.T.);
#3331=LINE('',#60,#3334);
#3332=LINE('',#58,#3335);
#3333=LINE('',#58,#3336);
#3334=VECTOR('',#3337,1.0);
#3335=VECTOR('',#3338,1.0);
#3336=VECTOR('',#3339,1.0);
#3337=DIRECTION('',(-0.780869017369053,-0.6246947876468074,0));
#3338=DIRECTION('',(NaN,NaN,NaN));
#3339=DIRECTION('',(0.780869017369053,0.6246947876468074,0));
#3340=FACE_SURFACE('',(#3345),#3341,.T.);
#3341=PLANE('',#3342);
#3342=AXIS2_PLACEMENT_3D('',#60,#3343,#3344);
#3343=DIRECTION('',(NaN,NaN,NaN));
#3344=DIRECTION('',(-0.780869017369053,-0.6246947876468074,0));
#3345=FACE_BOUND('',#3346,.T.);
#3346=EDGE_LOOP('',(#3347,#3348,#3349));
#3347=ORIENTED_EDGE('',*,*,#3350,.T.);
#3348=ORIENTED_EDGE('',*,*,#3351,.T.);
#3349=ORIENTED_EDGE('',*,*,#3352,.T.);
#3350=EDGE_CURVE('',#61,#59,#3353,.F.);
#3351=EDGE_CURVE('',#59,#61,#3354,.T.);
#3352=EDGE_CURVE('',#61,#61,#3355,.T.);
#3353=LINE('',#60,#3356);
#3354=LINE('',#58,#3357);
#3355=LINE('',#60,#3358);
#3356=VECTOR('',#3359,1.0);
#3357=VECTOR('',#3360,1.0);
#3358=VECTOR('',#3361,1.0);
#3359=DIRECTION('',(-0.780869017369053,-0.6246947876468074,0));
#3360=DIRECTION('',(0.780869017369053,0.6246947876468074,0));
#3361=DIRECTION('',(NaN,NaN,NaN));
#3362=FACE_SURFACE('',(#3367),#3363,.T.);
#3363=PLANE('',#3364);
#3364=AXIS2_PLACEMENT_3D('',#36,#3365,#3366);
#3365=DIRECTION('',(NaN,NaN,NaN));
#3366=DIRECTION('',(-0.9994449110158576,0.03331470913132044,0));
#3367=FACE_BOUND('',#3368,.T.);
#3368=EDGE_LOOP('',(#3369,#3370,#3371));
#3369=ORIENTED_EDGE('',*,*,#3372,.T.);
#3370=ORIENTED_EDGE('',*,*,#3373,.T.);
#3371=ORIENTED_EDGE('',*,*,#3374,.T.);
#3372=EDGE_CURVE('',#37,#35,#3375,.F.);
#3373=EDGE_CURVE('',#35,#35,#3376,.T.);
#3374=EDGE_CURVE('',#35,#37,#3377,.T.);
#3375=LINE('',#36,#3378);
#3376=LINE('',#34,#3379);
#3377=LINE('',#34,#3380);
#3378=VECTOR('',#3381,1.0);
#3379=VECTOR('',#3382,1.0);
#3380=VECTOR('',#3383,1.0);
#3381=DIRECTION('',(-0.9994449110158576,0.03331470913132044,0));
#3382=DIRECTION('',(NaN,NaN,NaN));
#3383=DIRECTION('',(0.9994449110158576,-0.03331470913132044,0));
#3384=FACE_SURFACE('',(#3389),#3385,.T.);
#3385=PLANE('',#3386);
#3386=AXIS2_PLACEMENT_3D('',#36,#3387,#3388);
#3387=DIRECTION('',(NaN,NaN,NaN));
#3388=DIRECTION('',(-0.9994449110158576,0.03331470913132044,0));
#3389=FACE_BOUND('',#3390,.T.);
#3390=EDGE_LOOP('',(#3391,#3392,#3393));
#3391=ORIENTED_EDGE('',*,*,#3394,.T.);
#3392=ORIENTED_EDGE('',*,*,#3395,.T.);
#3393=ORIENTED_EDGE('',*,*,#3396,.T.);
#3394=EDGE_CURVE('',#37,#35,#3397,.F.);
#3395=EDGE_CURVE('',#35,#37,#3398,.T.);
#3396=EDGE_CURVE('',#37,#37,#3399,.T.);
#3397=LINE('',#36,#3400);
#3398=LINE('',#34,#3401);
#3399=LINE('',#36,#3402);
#3400=VECTOR('',#3403,1.0);
#3401=VECTOR('',#3404,1.0);
#3402=VECTOR('',#3405,1.0);
#3403=DIRECTION('',(-0.9994449110158576,0.03331470913132044,0));
#3404=DIRECTION('',(0.9994449110158576,-0.03331470913132044,0));
#3405=DIRECTION('',(NaN,NaN,NaN));
#3406=FACE_SURFACE('',(#3411),#3407,.T.);
#3407=PLANE('',#3408);
#3408=AXIS2_PLACEMENT_3D('',#68,#3409,#3410);
#3409=DIRECTION('',(NaN,NaN,NaN));
#3410=DIRECTION('',(0.0017936004616602179,-0.9999983914973974,4.283298045722409E-08));
#3411=FACE_BOUND('',#3412,.T.);
#3412=EDGE_LOOP('',(#3413,#3414,#3415));
#3413=ORIENTED_EDGE('',*,*,#3416,.T.);
#3414=ORIENTED_EDGE('',*,*,#3417,.T.);
#3415=ORIENTED_EDGE('',*,*,#3418,.T.);
#3416=EDGE_CURVE('',#69,#71,#3419,.F.);
#3417=EDGE_CURVE('',#71,#71,#3420,.T.);
#3418=EDGE_CURVE('',#71,#69,#3421,.T.);
#3419=LINE('',#68,#3422);
#3420=LINE('',#70,#3423);
#3421=LINE('',#70,#3424);
#3422=VECTOR('',#3425,1.0);
#3423=VECTOR('',#3426,1.0);
#3424=VECTOR('',#3427,1.0);
#3425=DIRECTION('',(0.0017936004616602179,-0.9999983914973974,4.283298045722409E-08));
#3426=DIRECTION('',(NaN,NaN,NaN));
#3427=DIRECTION('',(-0.0017936004616602179,0.9999983914973974,-4.283298045722409E-08));
#3428=FACE_SURFACE('',(#3433),#3429,.T.);
#3429=PLANE('',#3430);
#3430=AXIS2_PLACEMENT_3D('',#68,#3431,#3432);
#3431=DIRECTION('',(NaN,NaN,NaN));
#3432=DIRECTION('',(0.0017936004616602179,-0.9999983914973974,4.283298045722409E-08));
#3433=FACE_BOUND('',#3434,.T.);
#3434=EDGE_LOOP('',(#3435,#3436,#3437));
#3435=ORIENTED_EDGE('',*,*,#3438,.T.);
#3436=ORIENTED_EDGE('',*,*,#3439,.T.);
#3437=ORIENTED_EDGE('',*,*,#3440,.T.);
#3438=EDGE_CURVE('',#69,#71,#3441,.F.);
#3439=EDGE_CURVE('',#71,#69,#3442,.T.);
#3440=EDGE_CURVE('',#69,#69,#3443,.T.);
#3441=LINE('',#68,#3444);
#3442=LINE('',#70,#3445);
#3443=LINE('',#68,#3446);
#3444=VECTOR('',#3447,1.0);
#3445=VECTOR('',#3448,1.0);
#3446=VECTOR('',#3449,1.0);
#3447=DIRECTION('',(0.0017936004616602179,-0.9999983914973974,4.283298045722409E-08));
#3448=DIRECTION('',(-0.0017936004616602179,0.9999983914973974,-4.283298045722409E-08));
#3449=DIRECTION('',(NaN,NaN,NaN));
#3450=FACE_SURFACE('',(#3455),#3451,.T.);
#3451=PLANE('',#3452);
#3452=AXIS2_PLACEMENT_3D('',#44,#3453,#3454);
#3453=DIRECTION('',(NaN,NaN,NaN));
#3454=DIRECTION('',(0.9999971512869932,0.0023869264543307524,0));
#3455=FACE_BOUND('',#3456,.T.);
#3456=EDGE_LOOP('',(#3457,#3458,#3459));
#3457=ORIENTED_EDGE('',*,*,#3460,.T.);
#3458=ORIENTED_EDGE('',*,*,#3461,.T.);
#3459=ORIENTED_EDGE('',*,*,#3462,.T.);
#3460=EDGE_CURVE('',#45,#43,#3463,.F.);
#3461=EDGE_CURVE('',#43,#43,#3464,.T.);
#3462=EDGE_CURVE('',#43,#45,#3465,.T.);
#3463=LINE('',#44,#3466);
#3464=LINE('',#42,#3467);
#3465=LINE('',#42,#3468);
#3466=VECTOR('',#3469,1.0);
#3467=VECTOR('',#3470,1.0);
#3468=VECTOR('',#3471,1.0);
#3469=DIRECTION('',(0.9999971512869932,0.0023869264543307524,0));
#3470=DIRECTION('',(NaN,NaN,NaN));
#3471=DIRECTION('',(-0.9999971512869932,-0.0023869264543307524,0));
#3472=FACE_SURFACE('',(#3477),#3473,.T.);
#3473=PLANE('',#3474);
#3474=AXIS2_PLACEMENT_3D('',#44,#3475,#3476);
#3475=DIRECTION('',(NaN,NaN,NaN));
#3476=DIRECTION('',(0.9999971512869932,0.0023869264543307524,0));
#3477=FACE_BOUND('',#3478,.T.);
#3478=EDGE_LOOP('',(#3479,#3480,#3481));
#3479=ORIENTED_EDGE('',*,*,#3482,.T.);
#3480=ORIENTED_EDGE('',*,*,#3483,.T.);
#3481=ORIENTED_EDGE('',*,*,#3484,.T.);
#3482=EDGE_CURVE('',#45,#43,#3485,.F.);
#3483=EDGE_CURVE('',#43,#45,#3486,.T.);
#3484=EDGE_CURVE('',#45,#45,#3487,.T.);
#3485=LINE('',#44,#3488);
#3486=LINE('',#42,#3489);
#3487=LINE('',#44,#3490);
#3488=VECTOR('',#3491,1.0);
#3489=VECTOR('',#3492,1.0);
#3490=VECTOR('',#3493,1.0);
#3491=DIRECTION('',(0.9999971512869932,0.0023869264543307524,0));
#3492=DIRECTION('',(-0.9999971512869932,-0.0023869264543307524,0));
#3493=DIRECTION('',(NaN,NaN,NaN));
#3494=FACE_SURFACE('',(#3499),#3495,.T.);
#3495=PLANE('',#3496);
#3496=AXIS2_PLACEMENT_3D('',#44,#3497,#3498);
#3497=DIRECTION('',(NaN,NaN,NaN));
#3498=DIRECTION('',(0.9999971512869932,0.0023869264543307524,0));
#3499=FACE_BOUND('',#3500,.T.);
#3500=EDGE_LOOP('',(#3501,#3502,#3503));
#3501=ORIENTED_EDGE('',*,*,#3504,.T.);
#3502=ORIENTED_EDGE('',*,*,#3505,.T.);
#3503=ORIENTED_EDGE('',*,*,#3506,.T.);
#3504=EDGE_CURVE('',#45,#43,#3507,.F.);
#3505=EDGE_CURVE('',#43,#43,#3508,.T.);
#3506=EDGE_CURVE('',#43,#45,#3509,.T.);
#3507=LINE('',#44,#3510);
#3508=LINE('',#42,#3511);
#3509=LINE('',#42,#3512);
#3510=VECTOR('',#3513,1.0);
#3511=VECTOR('',#3514,1.0);
#3512=VECTOR('',#3515,1.0);
#3513=DIRECTION('',(0.9999971512869932,0.0023869264543307524,0));
#3514=DIRECTION('',(NaN,NaN,NaN));
#3515=DIRECTION('',(-0.9999971512869932,-0.0023869264543307524,0));
#3516=FACE_SURFACE('',(#3521),#3517,.T.);
#3517=PLANE('',#3518);
#3518=AXIS2_PLACEMENT_3D('',#44,#3519,#3520);
#3519=DIRECTION('',(NaN,NaN,NaN));
#3520=DIRECTION('',(0.9999971512869932,0.0023869264543307524,0));
#3521=FACE_BOUND('',#3522,.T.);
#3522=EDGE_LOOP('',(#3523,#3524,#3525));
#3523=ORIENTED_EDGE('',*,*,#3526,.T.);
#3524=ORIENTED_EDGE('',*,*,#3527,.T.);
#3525=ORIENTED_EDGE('',*,*,#3528,.T.);
#3526=EDGE_CURVE('',#45,#43,#3529,.F.);
#3527=EDGE_CURVE('',#43,#45,#3530,.T.);
#3528=EDGE_CURVE('',#45,#45,#3531,.T.);
#3529=LINE('',#44,#3532);
#3530=LINE('',#42,#3533);
#3531=LINE('',#44,#3534);
#3532=VECTOR('',#3535,1.0);
#3533=VECTOR('',#3536,1.0);
#3534=VECTOR('',#3537,1.0);
#3535=DIRECTION('',(0.9999971512869932,0.0023869264543307524,0));
#3536=DIRECTION('',(-0.9999971512869932,-0.0023869264543307524,0));
#3537=DIRECTION('',(NaN,NaN,NaN));
#3538=FACE_SURFACE('',(#3543),#3539,.T.);
#3539=PLANE('',#3540);
#3540=AXIS2_PLACEMENT_3D('',#40,#3541,#3542);
#3541=DIRECTION('',(NaN,NaN,NaN));
#3542=DIRECTION('',(0.7071055749817875,0.7071079873892461,-7.538773307875781E-08));
#3543=FACE_BOUND('',#3544,.T.);
#3544=EDGE_LOOP('',(#3545,#3546,#3547));
#3545=ORIENTED_EDGE('',*,*,#3548,.T.);
#3546=ORIENTED_EDGE('',*,*,#3549,.T.);
#3547=ORIENTED_EDGE('',*,*,#3550,.T.);
#3548=EDGE_CURVE('',#41,#39,#3551,.F.);
#3549=EDGE_CURVE('',#39,#39,#3552,.T.);
#3550=EDGE_CURVE('',#39,#41,#3553,.T.);
#3551=LINE('',#40,#3554);
#3552=LINE('',#38,#3555);
#3553=LINE('',#38,#3556);
#3554=VECTOR('',#3557,1.0);
#3555=VECTOR('',#3558,1.0);
#3556=VECTOR('',#3559,1.0);
#3557=DIRECTION('',(0.7071055749817875,0.7071079873892461,-7.538773307875781E-08));
#3558=DIRECTION('',(NaN,NaN,NaN));
#3559=DIRECTION('',(-0.7071055749817875,-0.7071079873892461,7.538773307875781E-08));
#3560=FACE_SURFACE('',(#3565),#3561,.T.);
#3561=PLANE('',#3562);
#3562=AXIS2_PLACEMENT_3D('',#40,#3563,#3564);
#3563=DIRECTION('',(NaN,NaN,NaN));
#3564=DIRECTION('',(0.7071055749817875,0.7071079873892461,-7.538773307875781E-08));
#3565=FACE_BOUND('',#3566,.T.);
#3566=EDGE_LOOP('',(#3567,#3568,#3569));
#3567=ORIENTED_EDGE('',*,*,#3570,.T.);
#3568=ORIENTED_EDGE('',*,*,#3571,.T.);
#3569=ORIENTED_EDGE('',*,*,#3572,.T.);
#3570=EDGE_CURVE('',#41,#39,#3573,.F.);
#3571=EDGE_CURVE('',#39,#41,#3574,.T.);
#3572=EDGE_CURVE('',#41,#41,#3575,.T.);
#3573=LINE('',#40,#3576);
#3574=LINE('',#38,#3577);
#3575=LINE('',#40,#3578);
#3576=VECTOR('',#3579,1.0);
#3577=VECTOR('',#3580,1.0);
#3578=VECTOR('',#3581,1.0);
#3579=DIRECTION('',(0.7071055749817875,0.7071079873892461,-7.538773307875781E-08));
#3580=DIRECTION('',(-0.7071055749817875,-0.7071079873892461,7.538773307875781E-08));
#3581=DIRECTION('',(NaN,NaN,NaN));
#3582=FACE_SURFACE('',(#3587),#3583,.T.);
#3583=PLANE('',#3584);
#3584=AXIS2_PLACEMENT_3D('',#48,#3585,#3586);
#3585=DIRECTION('',(NaN,NaN,NaN));
#3586=DIRECTION('',(0.8521286277298336,-0.5233324008727827,0));
#3587=FACE_BOUND('',#3588,.T.);
#3588=EDGE_LOOP('',(#3589,#3590,#3591));
#3589=ORIENTED_EDGE('',*,*,#3592,.T.);
#3590=ORIENTED_EDGE('',*,*,#3593,.T.);
#3591=ORIENTED_EDGE('',*,*,#3594,.T.);
#3592=EDGE_CURVE('',#49,#47,#3595,.F.);
#3593=EDGE_CURVE('',#47,#47,#3596,.T.);
#3594=EDGE_CURVE('',#47,#49,#3597,.T.);
#3595=LINE('',#48,#3598);
#3596=LINE('',#46,#3599);
#3597=LINE('',#46,#3600);
#3598=VECTOR('',#3601,1.0);
#3599=VECTOR('',#3602,1.0);
#3600=VECTOR('',#3603,1.0);
#3601=DIRECTION('',(0.8521286277298336,-0.5233324008727827,0));
#3602=DIRECTION('',(NaN,NaN,NaN));
#3603=DIRECTION('',(-0.8521286277298336,0.5233324008727827,0));
#3604=FACE_SURFACE('',(#3609),#3605,.T.);
#3605=PLANE('',#3606);
#3606=AXIS2_PLACEMENT_3D('',#48,#3607,#3608);
#3607=DIRECTION('',(NaN,NaN,NaN));
#3608=DIRECTION('',(0.8521286277298336,-0.5233324008727827,0));
#3609=FACE_BOUND('',#3610,.T.);
#3610=EDGE_LOOP('',(#3611,#3612,#3613));
#3611=ORIENTED_EDGE('',*,*,#3614,.T.);
#3612=ORIENTED_EDGE('',*,*,#3615,.T.);
#3613=ORIENTED_EDGE('',*,*,#3616,.T.);
#3614=EDGE_CURVE('',#49,#47,#3617,.F.);
#3615=EDGE_CURVE('',#47,#49,#3618,.T.);
#3616=EDGE_CURVE('',#49,#49,#3619,.T.);
#3617=LINE('',#48,#3620);
#3618=LINE('',#46,#3621);
#3619=LINE('',#48,#3622);
#3620=VECTOR('',#3623,1.0);
#3621=VECTOR('',#3624,1.0);
#3622=VECTOR('',#3625,1.0);
#3623=DIRECTION('',(0.8521286277298336,-0.5233324008727827,0));
#3624=DIRECTION('',(-0.8521286277298336,0.5233324008727827,0));
#3625=DIRECTION('',(NaN,NaN,NaN));
#3626=FACE_SURFACE('',(#3631),#3627,.T.);
#3627=PLANE('',#3628);
#3628=AXIS2_PLACEMENT_3D('',#42,#3629,#3630);
#3629=DIRECTION('',(NaN,NaN,NaN));
#3630=DIRECTION('',(0.9363294401239118,0.35112274144128247,0));
#3631=FACE_BOUND('',#3632,.T.);
#3632=EDGE_LOOP('',(#3633,#3634,#3635));
#3633=ORIENTED_EDGE('',*,*,#3636,.T.);
#3634=ORIENTED_EDGE('',*,*,#3637,.T.);
#3635=ORIENTED_EDGE('',*,*,#3638,.T.);
#3636=EDGE_CURVE('',#43,#41,#3639,.F.);
#3637=EDGE_CURVE('',#41,#41,#3640,.T.);
#3638=EDGE_CURVE('',#41,#43,#3641,.T.);
#3639=LINE('',#42,#3642);
#3640=LINE('',#40,#3643);
#3641=LINE('',#40,#3644);
#3642=VECTOR('',#3645,1.0);
#3643=VECTOR('',#3646,1.0);
#3644=VECTOR('',#3647,1.0);
#3645=DIRECTION('',(0.9363294401239118,0.35112274144128247,0));
#3646=DIRECTION('',(NaN,NaN,NaN));
#3647=DIRECTION('',(-0.9363294401239118,-0.35112274144128247,0));
#3648=FACE_SURFACE('',(#3653),#3649,.T.);
#3649=PLANE('',#3650);
#3650=AXIS2_PLACEMENT_3D('',#42,#3651,#3652);
#3651=DIRECTION('',(NaN,NaN,NaN));
#3652=DIRECTION('',(0.9363294401239118,0.35112274144128247,0));
#3653=FACE_BOUND('',#3654,.T.);
#3654=EDGE_LOOP('',(#3655,#3656,#3657));
#3655=ORIENTED_EDGE('',*,*,#3658,.T.);
#3656=ORIENTED_EDGE('',*,*,#3659,.T.);
#3657=ORIENTED_EDGE('',*,*,#3660,.T.);
#3658=EDGE_CURVE('',#43,#41,#3661,.F.);
#3659=EDGE_CURVE('',#41,#43,#3662,.T.);
#3660=EDGE_CURVE('',#43,#43,#3663,.T.);
#3661=LINE('',#42,#3664);
#3662=LINE('',#40,#3665);
#3663=LINE('',#42,#3666);
#3664=VECTOR('',#3667,1.0);
#3665=VECTOR('',#3668,1.0);
#3666=VECTOR('',#3669,1.0);
#3667=DIRECTION('',(0.9363294401239118,0.35112274144128247,0));
#3668=DIRECTION('',(-0.9363294401239118,-0.35112274144128247,0));
#3669=DIRECTION('',(NaN,NaN,NaN));
#3670=FACE_SURFACE('',(#3675),#3671,.T.);
#3671=PLANE('',#3672);
#3672=AXIS2_PLACEMENT_3D('',#62,#3673,#3674);
#3673=DIRECTION('',(NaN,NaN,NaN));
#3674=DIRECTION('',(0,0.999999999999999,-4.264564725260531E-08));
#3675=FACE_BOUND('',#3676,.T.);
#3676=EDGE_LOOP('',(#3677,#3678,#3679));
#3677=ORIENTED_EDGE('',*,*,#3680,.T.);
#3678=ORIENTED_EDGE('',*,*,#3681,.T.);
#3679=ORIENTED_EDGE('',*,*,#3682,.T.);
#3680=EDGE_CURVE('',#63,#77,#3683,.F.);
#3681=EDGE_CURVE('',#77,#77,#3684,.T.);
#3682=EDGE_CURVE('',#77,#63,#3685,.T.);
#3683=LINE('',#62,#3686);
#3684=LINE('',#76,#3687);
#3685=LINE('',#76,#3688);
#3686=VECTOR('',#3689,1.0);
#3687=VECTOR('',#3690,1.0);
#3688=VECTOR('',#3691,1.0);
#3689=DIRECTION('',(0,0.999999999999999,-4.264564725260531E-08));
#3690=DIRECTION('',(NaN,NaN,NaN));
#3691=DIRECTION('',(0,-0.999999999999999,4.264564725260531E-08));
#3692=FACE_SURFACE('',(#3697),#3693,.T.);
#3693=PLANE('',#3694);
#3694=AXIS2_PLACEMENT_3D('',#62,#3695,#3696);
#3695=DIRECTION('',(NaN,NaN,NaN));
#3696=DIRECTION('',(0,0.999999999999999,-4.264564725260531E-08));
#3697=FACE_BOUND('',#3698,.T.);
#3698=EDGE_LOOP('',(#3699,#3700,#3701));
#3699=ORIENTED_EDGE('',*,*,#3702,.T.);
#3700=ORIENTED_EDGE('',*,*,#3703,.T.);
#3701=ORIENTED_EDGE('',*,*,#3704,.T.);
#3702=EDGE_CURVE('',#63,#77,#3705,.F.);
#3703=EDGE_CURVE('',#77,#63,#3706,.T.);
#3704=EDGE_CURVE('',#63,#63,#3707,.T.);
#3705=LINE('',#62,#3708);
#3706=LINE('',#76,#3709);
#3707=LINE('',#62,#3710);
#3708=VECTOR('',#3711,1.0);
#3709=VECTOR('',#3712,1.0);
#3710=VECTOR('',#3713,1.0);
#3711=DIRECTION('',(0,0.999999999999999,-4.264564725260531E-08));
#3712=DIRECTION('',(0,-0.999999999999999,4.264564725260531E-08));
#3713=DIRECTION('',(NaN,NaN,NaN));
#3714=FACE_SURFACE('',(#3719),#3715,.T.);
#3715=PLANE('',#3716);
#3716=AXIS2_PLACEMENT_3D('',#52,#3717,#3718);
#3717=DIRECTION('',(NaN,NaN,NaN));
#3718=DIRECTION('',(0.25090250211599835,-0.9680123627474658,0));
#3719=FACE_BOUND('',#3720,.T.);
#3720=EDGE_LOOP('',(#3721,#3722,#3723));
#3721=ORIENTED_EDGE('',*,*,#3724,.T.);
#3722=ORIENTED_EDGE('',*,*,#3725,.T.);
#3723=ORIENTED_EDGE('',*,*,#3726,.T.);
#3724=EDGE_CURVE('',#53,#51,#3727,.F.);
#3725=EDGE_CURVE('',#51,#51,#3728,.T.);
#3726=EDGE_CURVE('',#51,#53,#3729,.T.);
#3727=LINE('',#52,#3730);
#3728=LINE('',#50,#3731);
#3729=LINE('',#50,#3732);
#3730=VECTOR('',#3733,1.0);
#3731=VECTOR('',#3734,1.0);
#3732=VECTOR('',#3735,1.0);
#3733=DIRECTION('',(0.25090250211599835,-0.9680123627474658,0));
#3734=DIRECTION('',(NaN,NaN,NaN));
#3735=DIRECTION('',(-0.25090250211599835,0.9680123627474658,0));
#3736=FACE_SURFACE('',(#3741),#3737,.T.);
#3737=PLANE('',#3738);
#3738=AXIS2_PLACEMENT_3D('',#52,#3739,#3740);
#3739=DIRECTION('',(NaN,NaN,NaN));
#3740=DIRECTION('',(0.25090250211599835,-0.9680123627474658,0));
#3741=FACE_BOUND('',#3742,.T.);
#3742=EDGE_LOOP('',(#3743,#3744,#3745));
#3743=ORIENTED_EDGE('',*,*,#3746,.T.);
#3744=ORIENTED_EDGE('',*,*,#3747,.T.);
#3745=ORIENTED_EDGE('',*,*,#3748,.T.);
#3746=EDGE_CURVE('',#53,#51,#3749,.F.);
#3747=EDGE_CURVE('',#51,#53,#3750,.T.);
#3748=EDGE_CURVE('',#53,#53,#3751,.T.);
#3749=LINE('',#52,#3752);
#3750=LINE('',#50,#3753);
#3751=LINE('',#52,#3754);
#3752=VECTOR('',#3755,1.0);
#3753=VECTOR('',#3756,1.0);
#3754=VECTOR('',#3757,1.0);
#3755=DIRECTION('',(0.25090250211599835,-0.9680123627474658,0));
#3756=DIRECTION('',(-0.25090250211599835,0.9680123627474658,0));
#3757=DIRECTION('',(NaN,NaN,NaN));
#3758=FACE_SURFACE('',(#3763),#3759,.T.);
#3759=PLANE('',#3760);
#3760=AXIS2_PLACEMENT_3D('',#46,#3761,#3762);
#3761=DIRECTION('',(NaN,NaN,NaN));
#3762=DIRECTION('',(0.9660566576639533,-0.25833028119667134,0));
#3763=FACE_BOUND('',#3764,.T.);
#3764=EDGE_LOOP('',(#3765,#3766,#3767));
#3765=ORIENTED_EDGE('',*,*,#3768,.T.);
#3766=ORIENTED_EDGE('',*,*,#3769,.T.);
#3767=ORIENTED_EDGE('',*,*,#3770,.T.);
#3768=EDGE_CURVE('',#47,#45,#3771,.F.);
#3769=EDGE_CURVE('',#45,#45,#3772,.T.);
#3770=EDGE_CURVE('',#45,#47,#3773,.T.);
#3771=LINE('',#46,#3774);
#3772=LINE('',#44,#3775);
#3773=LINE('',#44,#3776);
#3774=VECTOR('',#3777,1.0);
#3775=VECTOR('',#3778,1.0);
#3776=VECTOR('',#3779,1.0);
#3777=DIRECTION('',(0.9660566576639533,-0.25833028119667134,0));
#3778=DIRECTION('',(NaN,NaN,NaN));
#3779=DIRECTION('',(-0.9660566576639533,0.25833028119667134,0));
#3780=FACE_SURFACE('',(#3785),#3781,.T.);
#3781=PLANE('',#3782);
#3782=AXIS2_PLACEMENT_3D('',#46,#3783,#3784);
#3783=DIRECTION('',(NaN,NaN,NaN));
#3784=DIRECTION('',(0.9660566576639533,-0.25833028119667134,0));
#3785=FACE_BOUND('',#3786,.T.);
#3786=EDGE_LOOP('',(#3787,#3788,#3789));
#3787=ORIENTED_EDGE('',*,*,#3790,.T.);
#3788=ORIENTED_EDGE('',*,*,#3791,.T.);
#3789=ORIENTED_EDGE('',*,*,#3792,.T.);
#3790=EDGE_CURVE('',#47,#45,#3793,.F.);
#3791=EDGE_CURVE('',#45,#47,#3794,.T.);
#3792=EDGE_CURVE('',#47,#47,#3795,.T.);
#3793=LINE('',#46,#3796);
#3794=LINE('',#44,#3797);
#3795=LINE('',#46,#3798);
#3796=VECTOR('',#3799,1.0);
#3797=VECTOR('',#3800,1.0);
#3798=VECTOR('',#3801,1.0);
#3799=DIRECTION('',(0.9660566576639533,-0.25833028119667134,0));
#3800=DIRECTION('',(-0.9660566576639533,0.25833028119667134,0));
#3801=DIRECTION('',(NaN,NaN,NaN));
#3802=FACE_SURFACE('',(#3807),#3803,.T.);
#3803=PLANE('',#3804);
#3804=AXIS2_PLACEMENT_3D('',#74,#3805,#3806);
#3805=DIRECTION('',(NaN,NaN,NaN));
#3806=DIRECTION('',(0.9995677572384027,0.02939895728404858,0));
#3807=FACE_BOUND('',#3808,.T.);
#3808=EDGE_LOOP('',(#3809,#3810,#3811));
#3809=ORIENTED_EDGE('',*,*,#3812,.T.);
#3810=ORIENTED_EDGE('',*,*,#3813,.T.);
#3811=ORIENTED_EDGE('',*,*,#3814,.T.);
#3812=EDGE_CURVE('',#75,#73,#3815,.F.);
#3813=EDGE_CURVE('',#73,#73,#3816,.T.);
#3814=EDGE_CURVE('',#73,#75,#3817,.T.);
#3815=LINE('',#74,#3818);
#3816=LINE('',#72,#3819);
#3817=LINE('',#72,#3820);
#3818=VECTOR('',#3821,1.0);
#3819=VECTOR('',#3822,1.0);
#3820=VECTOR('',#3823,1.0);
#3821=DIRECTION('',(0.9995677572384027,0.02939895728404858,0));
#3822=DIRECTION('',(NaN,NaN,NaN));
#3823=DIRECTION('',(-0.9995677572384027,-0.02939895728404858,0));
#3824=FACE_SURFACE('',(#3829),#3825,.T.);
#3825=PLANE('',#3826);
#3826=AXIS2_PLACEMENT_3D('',#74,#3827,#3828);
#3827=DIRECTION('',(NaN,NaN,NaN));
#3828=DIRECTION('',(0.9995677572384027,0.02939895728404858,0));
#3829=FACE_BOUND('',#3830,.T.);
#3830=EDGE_LOOP('',(#3831,#3832,#3833));
#3831=ORIENTED_EDGE('',*,*,#3834,.T.);
#3832=ORIENTED_EDGE('',*,*,#3835,.T.);
#3833=ORIENTED_EDGE('',*,*,#3836,.T.);
#3834=EDGE_CURVE('',#75,#73,#3837,.F.);
#3835=EDGE_CURVE('',#73,#75,#3838,.T.);
#3836=EDGE_CURVE('',#75,#75,#3839,.T.);
#3837=LINE('',#74,#3840);
#3838=LINE('',#72,#3841);
#3839=LINE('',#74,#3842);
#3840=VECTOR('',#3843,1.0);
#3841=VECTOR('',#3844,1.0);
#3842=VECTOR('',#3845,1.0);
#3843=DIRECTION('',(0.9995677572384027,0.02939895728404858,0));
#3844=DIRECTION('',(-0.9995677572384027,-0.02939895728404858,0));
#3845=DIRECTION('',(NaN,NaN,NaN));
#3846=FACE_SURFACE('',(#3851),#3847,.T.);
#3847=PLANE('',#3848);
#3848=AXIS2_PLACEMENT_3D('',#50,#3849,#3850);
#3849=DIRECTION('',(NaN,NaN,NaN));
#3850=DIRECTION('',(0.44199715928730315,-0.897016449783355,1.4218784076638554E-07));
#3851=FACE_BOUND('',#3852,.T.);
#3852=EDGE_LOOP('',(#3853,#3854,#3855));
#3853=ORIENTED_EDGE('',*,*,#3856,.T.);
#3854=ORIENTED_EDGE('',*,*,#3857,.T.);
#3855=ORIENTED_EDGE('',*,*,#3858,.T.);
#3856=EDGE_CURVE('',#51,#49,#3859,.F.);
#3857=EDGE_CURVE('',#49,#49,#3860,.T.);
#3858=EDGE_CURVE('',#49,#51,#3861,.T.);
#3859=LINE('',#50,#3862);
#3860=LINE('',#48,#3863);
#3861=LINE('',#48,#3864);
#3862=VECTOR('',#3865,1.0);
#3863=VECTOR('',#3866,1.0);
#3864=VECTOR('',#3867,1.0);
#3865=DIRECTION('',(0.44199715928730315,-0.897016449783355,1.4218784076638554E-07));
#3866=DIRECTION('',(NaN,NaN,NaN));
#3867=DIRECTION('',(-0.44199715928730315,0.897016449783355,-1.4218784076638554E-07));
#3868=FACE_SURFACE('',(#3873),#3869,.T.);
#3869=PLANE('',#3870);
#3870=AXIS2_PLACEMENT_3D('',#50,#3871,#3872);
#3871=DIRECTION('',(NaN,NaN,NaN));
#3872=DIRECTION('',(0.44199715928730315,-0.897016449783355,1.4218784076638554E-07));
#3873=FACE_BOUND('',#3874,.T.);
#3874=EDGE_LOOP('',(#3875,#3876,#3877));
#3875=ORIENTED_EDGE('',*,*,#3878,.T.);
#3876=ORIENTED_EDGE('',*,*,#3879,.T.);
#3877=ORIENTED_EDGE('',*,*,#3880,.T.);
#3878=EDGE_CURVE('',#51,#49,#3881,.F.);
#3879=EDGE_CURVE('',#49,#51,#3882,.T.);
#3880=EDGE_CURVE('',#51,#51,#3883,.T.);
#3881=LINE('',#50,#3884);
#3882=LINE('',#48,#3885);
#3883=LINE('',#50,#3886);
#3884=VECTOR('',#3887,1.0);
#3885=VECTOR('',#3888,1.0);
#3886=VECTOR('',#3889,1.0);
#3887=DIRECTION('',(0.44199715928730315,-0.897016449783355,1.4218784076638554E-07));
#3888=DIRECTION('',(-0.44199715928730315,0.897016449783355,-1.4218784076638554E-07));
#3889=DIRECTION('',(NaN,NaN,NaN));
#3890=FACE_SURFACE('',(#3895),#3891,.T.);
#3891=PLANE('',#3892);
#3892=AXIS2_PLACEMENT_3D('',#72,#3893,#3894);
#3893=DIRECTION('',(NaN,NaN,NaN));
#3894=DIRECTION('',(-0.022455787916752065,0.9997478370014293,-3.8313134548946386E-08));
#3895=FACE_BOUND('',#3896,.T.);
#3896=EDGE_LOOP('',(#3897,#3898,#3899));
#3897=ORIENTED_EDGE('',*,*,#3900,.T.);
#3898=ORIENTED_EDGE('',*,*,#3901,.T.);
#3899=ORIENTED_EDGE('',*,*,#3902,.T.);
#3900=EDGE_CURVE('',#73,#71,#3903,.F.);
#3901=EDGE_CURVE('',#71,#71,#3904,.T.);
#3902=EDGE_CURVE('',#71,#73,#3905,.T.);
#3903=LINE('',#72,#3906);
#3904=LINE('',#70,#3907);
#3905=LINE('',#70,#3908);
#3906=VECTOR('',#3909,1.0);
#3907=VECTOR('',#3910,1.0);
#3908=VECTOR('',#3911,1.0);
#3909=DIRECTION('',(-0.022455787916752065,0.9997478370014293,-3.8313134548946386E-08));
#3910=DIRECTION('',(NaN,NaN,NaN));
#3911=DIRECTION('',(0.022455787916752065,-0.9997478370014293,3.8313134548946386E-08));
#3912=FACE_SURFACE('',(#3917),#3913,.T.);
#3913=PLANE('',#3914);
#3914=AXIS2_PLACEMENT_3D('',#72,#3915,#3916);
#3915=DIRECTION('',(NaN,NaN,NaN));
#3916=DIRECTION('',(-0.022455787916752065,0.9997478370014293,-3.8313134548946386E-08));
#3917=FACE_BOUND('',#3918,.T.);
#3918=EDGE_LOOP('',(#3919,#3920,#3921));
#3919=ORIENTED_EDGE('',*,*,#3922,.T.);
#3920=ORIENTED_EDGE('',*,*,#3923,.T.);
#3921=ORIENTED_EDGE('',*,*,#3924,.T.);
#3922=EDGE_CURVE('',#73,#71,#3925,.F.);
#3923=EDGE_CURVE('',#71,#73,#3926,.T.);
#3924=EDGE_CURVE('',#73,#73,#3927,.T.);
#3925=LINE('',#72,#3928);
#3926=LINE('',#70,#3929);
#3927=LINE('',#72,#3930);
#3928=VECTOR('',#3931,1.0);
#3929=VECTOR('',#3932,1.0);
#3930=VECTOR('',#3933,1.0);
#3931=DIRECTION('',(-0.022455787916752065,0.9997478370014293,-3.8313134548946386E-08));
#3932=DIRECTION('',(0.022455787916752065,-0.9997478370014293,3.8313134548946386E-08));
#3933=DIRECTION('',(NaN,NaN,NaN));
#3934=FACE_SURFACE('',(#3939),#3935,.T.);
#3935=PLANE('',#3936);
#3936=AXIS2_PLACEMENT_3D('',#76,#3937,#3938);
#3937=DIRECTION('',(NaN,NaN,NaN));
#3938=DIRECTION('',(0.707105273430921,0.7071082889389582,-3.769385046452598E-08));
#3939=FACE_BOUND('',#3940,.T.);
#3940=EDGE_LOOP('',(#3941,#3942,#3943));
#3941=ORIENTED_EDGE('',*,*,#3944,.T.);
#3942=ORIENTED_EDGE('',*,*,#3945,.T.);
#3943=ORIENTED_EDGE('',*,*,#3946,.T.);
#3944=EDGE_CURVE('',#77,#75,#3947,.F.);
#3945=EDGE_CURVE('',#75,#75,#3948,.T.);
#3946=EDGE_CURVE('',#75,#77,#3949,.T.);
#3947=LINE('',#76,#3950);
#3948=LINE('',#74,#3951);
#3949=LINE('',#74,#3952);
#3950=VECTOR('',#3953,1.0);
#3951=VECTOR('',#3954,1.0);
#3952=VECTOR('',#3955,1.0);
#3953=DIRECTION('',(0.707105273430921,0.7071082889389582,-3.769385046452598E-08));
#3954=DIRECTION('',(NaN,NaN,NaN));
#3955=DIRECTION('',(-0.707105273430921,-0.7071082889389582,3.769385046452598E-08));
#3956=FACE_SURFACE('',(#3961),#3957,.T.);
#3957=PLANE('',#3958);
#3958=AXIS2_PLACEMENT_3D('',#76,#3959,#3960);
#3959=DIRECTION('',(NaN,NaN,NaN));
#3960=DIRECTION('',(0.707105273430921,0.7071082889389582,-3.769385046452598E-08));
#3961=FACE_BOUND('',#3962,.T.);
#3962=EDGE_LOOP('',(#3963,#3964,#3965));
#3963=ORIENTED_EDGE('',*,*,#3966,.T.);
#3964=ORIENTED_EDGE('',*,*,#3967,.T.);
#3965=ORIENTED_EDGE('',*,*,#3968,.T.);
#3966=EDGE_CURVE('',#77,#75,#3969,.F.);
#3967=EDGE_CURVE('',#75,#77,#3970,.T.);
#3968=EDGE_CURVE('',#77,#77,#3971,.T.);
#3969=LINE('',#76,#3972);
#3970=LINE('',#74,#3973);
#3971=LINE('',#76,#3974);
#3972=VECTOR('',#3975,1.0);
#3973=VECTOR('',#3976,1.0);
#3974=VECTOR('',#3977,1.0);
#3975=DIRECTION('',(0.707105273430921,0.7071082889389582,-3.769385046452598E-08));
#3976=DIRECTION('',(-0.707105273430921,-0.7071082889389582,3.769385046452598E-08));
#3977=DIRECTION('',(NaN,NaN,NaN));
#3978=FACE_SURFACE('',(#3983),#3979,.T.);
#3979=PLANE('',#3980);
#3980=AXIS2_PLACEMENT_3D('',#54,#3981,#3982);
#3981=DIRECTION('',(NaN,NaN,NaN));
#3982=DIRECTION('',(0.011553340247141513,-0.9999332579373145,4.434314452507643E-08));
#3983=FACE_BOUND('',#3984,.T.);
#3984=EDGE_LOOP('',(#3985,#3986,#3987));
#3985=ORIENTED_EDGE('',*,*,#3988,.T.);
#3986=ORIENTED_EDGE('',*,*,#3989,.T.);
#3987=ORIENTED_EDGE('',*,*,#3990,.T.);
#3988=EDGE_CURVE('',#55,#53,#3991,.F.);
#3989=EDGE_CURVE('',#53,#53,#3992,.T.);
#3990=EDGE_CURVE('',#53,#55,#3993,.T.);
#3991=LINE('',#54,#3994);
#3992=LINE('',#52,#3995);
#3993=LINE('',#52,#3996);
#3994=VECTOR('',#3997,1.0);
#3995=VECTOR('',#3998,1.0);
#3996=VECTOR('',#3999,1.0);
#3997=DIRECTION('',(0.011553340247141513,-0.9999332579373145,4.434314452507643E-08));
#3998=DIRECTION('',(NaN,NaN,NaN));
#3999=DIRECTION('',(-0.011553340247141513,0.9999332579373145,-4.434314452507643E-08));
#4000=FACE_SURFACE('',(#4005),#4001,.T.);
#4001=PLANE('',#4002);
#4002=AXIS2_PLACEMENT_3D('',#54,#4003,#4004);
#4003=DIRECTION('',(NaN,NaN,NaN));
#4004=DIRECTION('',(0.011553340247141513,-0.9999332579373145,4.434314452507643E-08));
#4005=FACE_BOUND('',#4006,.T.);
#4006=EDGE_LOOP('',(#4007,#4008,#4009));
#4007=ORIENTED_EDGE('',*,*,#4010,.T.);
#4008=ORIENTED_EDGE('',*,*,#4011,.T.);
#4009=ORIENTED_EDGE('',*,*,#4012,.T.);
#4010=EDGE_CURVE('',#55,#53,#4013,.F.);
#4011=EDGE_CURVE('',#53,#55,#4014,.T.);
#4012=EDGE_CURVE('',#55,#55,#4015,.T.);
#4013=LINE('',#54,#4016);
#4014=LINE('',#52,#4017);
#4015=LINE('',#54,#4018);
#4016=VECTOR('',#4019,1.0);
#4017=VECTOR('',#4020,1.0);
#4018=VECTOR('',#4021,1.0);
#4019=DIRECTION('',(0.011553340247141513,-0.9999332579373145,4.434314452507643E-08));
#4020=DIRECTION('',(-0.011553340247141513,0.9999332579373145,-4.434314452507643E-08));
#4021=DIRECTION('',(NaN,NaN,NaN));
#4022=FACE_SURFACE('',(#4027),#4023,.T.);
#4023=PLANE('',#4024);
#4024=AXIS2_PLACEMENT_3D('',#66,#4025,#4026);
#4025=DIRECTION('',(NaN,NaN,NaN));
#4026=DIRECTION('',(-0.6507899106838537,0.7592578561675205,-4.625577642418923E-08));
#4027=FACE_BOUND('',#4028,.T.);
#4028=EDGE_LOOP('',(#4029,#4030,#4031));
#4029=ORIENTED_EDGE('',*,*,#4032,.T.);
#4030=ORIENTED_EDGE('',*,*,#4033,.T.);
#4031=ORIENTED_EDGE('',*,*,#4034,.T.);
#4032=EDGE_CURVE('',#67,#65,#4035,.F.);
#4033=EDGE_CURVE('',#65,#65,#4036,.T.);
#4034=EDGE_CURVE('',#65,#67,#4037,.T.);
#4035=LINE('',#66,#4038);
#4036=LINE('',#64,#4039);
#4037=LINE('',#64,#4040);
#4038=VECTOR('',#4041,1.0);
#4039=VECTOR('',#4042,1.0);
#4040=VECTOR('',#4043,1.0);
#4041=DIRECTION('',(-0.6507899106838537,0.7592578561675205,-4.625577642418923E-08));
#4042=DIRECTION('',(NaN,NaN,NaN));
#4043=DIRECTION('',(0.6507899106838537,-0.7592578561675205,4.625577642418923E-08));
#4044=FACE_SURFACE('',(#4049),#4045,.T.);
#4045=PLANE('',#4046);
#4046=AXIS2_PLACEMENT_3D('',#66,#4047,#4048);
#4047=DIRECTION('',(NaN,NaN,NaN));
#4048=DIRECTION('',(-0.6507899106838537,0.7592578561675205,-4.625577642418923E-08));
#4049=FACE_BOUND('',#4050,.T.);
#4050=EDGE_LOOP('',(#4051,#4052,#4053));
#4051=ORIENTED_EDGE('',*,*,#4054,.T.);
#4052=ORIENTED_EDGE('',*,*,#4055,.T.);
#4053=ORIENTED_EDGE('',*,*,#4056,.T.);
#4054=EDGE_CURVE('',#67,#65,#4057,.F.);
#4055=EDGE_CURVE('',#65,#67,#4058,.T.);
#4056=EDGE_CURVE('',#67,#67,#4059,.T.);
#4057=LINE('',#66,#4060);
#4058=LINE('',#64,#4061);
#4059=LINE('',#66,#4062);
#4060=VECTOR('',#4063,1.0);
#4061=VECTOR('',#4064,1.0);
#4062=VECTOR('',#4065,1.0);
#4063=DIRECTION('',(-0.6507899106838537,0.7592578561675205,-4.625577642418923E-08));
#4064=DIRECTION('',(0.6507899106838537,-0.7592578561675205,4.625577642418923E-08));
#4065=DIRECTION('',(NaN,NaN,NaN));
#4066=FACE_SURFACE('',(#4071),#4067,.T.);
#4067=PLANE('',#4068);
#4068=AXIS2_PLACEMENT_3D('',#34,#4069,#4070);
#4069=DIRECTION('',(NaN,NaN,NaN));
#4070=DIRECTION('',(-0.8574918931901504,0.5144974762942676,-3.6568440271557904E-08));
#4071=FACE_BOUND('',#4072,.T.);
#4072=EDGE_LOOP('',(#4073,#4074,#4075));
#4073=ORIENTED_EDGE('',*,*,#4076,.T.);
#4074=ORIENTED_EDGE('',*,*,#4077,.T.);
#4075=ORIENTED_EDGE('',*,*,#4078,.T.);
#4076=EDGE_CURVE('',#35,#63,#4079,.F.);
#4077=EDGE_CURVE('',#63,#63,#4080,.T.);
#4078=EDGE_CURVE('',#63,#35,#4081,.T.);
#4079=LINE('',#34,#4082);
#4080=LINE('',#62,#4083);
#4081=LINE('',#62,#4084);
#4082=VECTOR('',#4085,1.0);
#4083=VECTOR('',#4086,1.0);
#4084=VECTOR('',#4087,1.0);
#4085=DIRECTION('',(-0.8574918931901504,0.5144974762942676,-3.6568440271557904E-08));
#4086=DIRECTION('',(NaN,NaN,NaN));
#4087=DIRECTION('',(0.8574918931901504,-0.5144974762942676,3.6568440271557904E-08));
#4088=FACE_SURFACE('',(#4093),#4089,.T.);
#4089=PLANE('',#4090);
#4090=AXIS2_PLACEMENT_3D('',#34,#4091,#4092);
#4091=DIRECTION('',(NaN,NaN,NaN));
#4092=DIRECTION('',(-0.8574918931901504,0.5144974762942676,-3.6568440271557904E-08));
#4093=FACE_BOUND('',#4094,.T.);
#4094=EDGE_LOOP('',(#4095,#4096,#4097));
#4095=ORIENTED_EDGE('',*,*,#4098,.T.);
#4096=ORIENTED_EDGE('',*,*,#4099,.T.);
#4097=ORIENTED_EDGE('',*,*,#4100,.T.);
#4098=EDGE_CURVE('',#35,#63,#4101,.F.);
#4099=EDGE_CURVE('',#63,#35,#4102,.T.);
#4100=EDGE_CURVE('',#35,#35,#4103,.T.);
#4101=LINE('',#34,#4104);
#4102=LINE('',#62,#4105);
#4103=LINE('',#34,#4106);
#4104=VECTOR('',#4107,1.0);
#4105=VECTOR('',#4108,1.0);
#4106=VECTOR('',#4109,1.0);
#4107=DIRECTION('',(-0.8574918931901504,0.5144974762942676,-3.6568440271557904E-08));
#4108=DIRECTION('',(0.8574918931901504,-0.5144974762942676,3.6568440271557904E-08));
#4109=DIRECTION('',(NaN,NaN,NaN));
#4110=FACE_SURFACE('',(#4115),#4111,.T.);
#4111=PLANE('',#4112);
#4112=AXIS2_PLACEMENT_3D('',#54,#4113,#4114);
#4113=DIRECTION('',(NaN,NaN,NaN));
#4114=DIRECTION('',(-0.0036011674265703703,0.9999935157755595,-4.3002094795691276E-08));
#4115=FACE_BOUND('',#4116,.T.);
#4116=EDGE_LOOP('',(#4117,#4118,#4119));
#4117=ORIENTED_EDGE('',*,*,#4120,.T.);
#4118=ORIENTED_EDGE('',*,*,#4121,.T.);
#4119=ORIENTED_EDGE('',*,*,#4122,.T.);
#4120=EDGE_CURVE('',#55,#57,#4123,.F.);
#4121=EDGE_CURVE('',#57,#57,#4124,.T.);
#4122=EDGE_CURVE('',#57,#55,#4125,.T.);
#4123=LINE('',#54,#4126);
#4124=LINE('',#56,#4127);
#4125=LINE('',#56,#4128);
#4126=VECTOR('',#4129,1.0);
#4127=VECTOR('',#4130,1.0);
#4128=VECTOR('',#4131,1.0);
#4129=DIRECTION('',(-0.0036011674265703703,0.9999935157755595,-4.3002094795691276E-08));
#4130=DIRECTION('',(NaN,NaN,NaN));
#4131=DIRECTION('',(0.0036011674265703703,-0.9999935157755595,4.3002094795691276E-08));
#4132=FACE_SURFACE('',(#4137),#4133,.T.);
#4133=PLANE('',#4134);
#4134=AXIS2_PLACEMENT_3D('',#54,#4135,#4136);
#4135=DIRECTION('',(NaN,NaN,NaN));
#4136=DIRECTION('',(-0.0036011674265703703,0.9999935157755595,-4.3002094795691276E-08));
#4137=FACE_BOUND('',#4138,.T.);
#4138=EDGE_LOOP('',(#4139,#4140,#4141));
#4139=ORIENTED_EDGE('',*,*,#4142,.T.);
#4140=ORIENTED_EDGE('',*,*,#4143,.T.);
#4141=ORIENTED_EDGE('',*,*,#4144,.T.);
#4142=EDGE_CURVE('',#55,#57,#4145,.F.);
#4143=EDGE_CURVE('',#57,#55,#4146,.T.);
#4144=EDGE_CURVE('',#55,#55,#4147,.T.);
#4145=LINE('',#54,#4148);
#4146=LINE('',#56,#4149);
#4147=LINE('',#54,#4150);
#4148=VECTOR('',#4151,1.0);
#4149=VECTOR('',#4152,1.0);
#4150=VECTOR('',#4153,1.0);
#4151=DIRECTION('',(-0.0036011674265703703,0.9999935157755595,-4.3002094795691276E-08));
#4152=DIRECTION('',(0.0036011674265703703,-0.9999935157755595,4.3002094795691276E-08));
#4153=DIRECTION('',(NaN,NaN,NaN));
#4154=FACE_SURFACE('',(#4159),#4155,.T.);
#4155=PLANE('',#4156);
#4156=AXIS2_PLACEMENT_3D('',#64,#4157,#4158);
#4157=DIRECTION('',(NaN,NaN,NaN));
#4158=DIRECTION('',(-0.9999973938891307,-0.00228302758345499,9.736422837350352E-10));
#4159=FACE_BOUND('',#4160,.T.);
#4160=EDGE_LOOP('',(#4161,#4162,#4163));
#4161=ORIENTED_EDGE('',*,*,#4164,.T.);
#4162=ORIENTED_EDGE('',*,*,#4165,.T.);
#4163=ORIENTED_EDGE('',*,*,#4166,.T.);
#4164=EDGE_CURVE('',#65,#61,#4167,.F.);
#4165=EDGE_CURVE('',#61,#61,#4168,.T.);
#4166=EDGE_CURVE('',#61,#65,#4169,.T.);
#4167=LINE('',#64,#4170);
#4168=LINE('',#60,#4171);
#4169=LINE('',#60,#4172);
#4170=VECTOR('',#4173,1.0);
#4171=VECTOR('',#4174,1.0);
#4172=VECTOR('',#4175,1.0);
#4173=DIRECTION('',(-0.9999973938891307,-0.00228302758345499,9.736422837350352E-10));
#4174=DIRECTION('',(NaN,NaN,NaN));
#4175=DIRECTION('',(0.9999973938891307,0.00228302758345499,-9.736422837350352E-10));
#4176=FACE_SURFACE('',(#4181),#4177,.T.);
#4177=PLANE('',#4178);
#4178=AXIS2_PLACEMENT_3D('',#64,#4179,#4180);
#4179=DIRECTION('',(NaN,NaN,NaN));
#4180=DIRECTION('',(-0.9999973938891307,-0.00228302758345499,9.736422837350352E-10));
#4181=FACE_BOUND('',#4182,.T.);
#4182=EDGE_LOOP('',(#4183,#4184,#4185));
#4183=ORIENTED_EDGE('',*,*,#4186,.T.);
#4184=ORIENTED_EDGE('',*,*,#4187,.T.);
#4185=ORIENTED_EDGE('',*,*,#4188,.T.);
#4186=EDGE_CURVE('',#65,#61,#4189,.F.);
#4187=EDGE_CURVE('',#61,#65,#4190,.T.);
#4188=EDGE_CURVE('',#65,#65,#4191,.T.);
#4189=LINE('',#64,#4192);
#4190=LINE('',#60,#4193);
#4191=LINE('',#64,#4194);
#4192=VECTOR('',#4195,1.0);
#4193=VECTOR('',#4196,1.0);
#4194=VECTOR('',#4197,1.0);
#4195=DIRECTION('',(-0.9999973938891307,-0.00228302758345499,9.736422837350352E-10));
#4196=DIRECTION('',(0.9999973938891307,0.00228302758345499,-9.736422837350352E-10));
#4197=DIRECTION('',(NaN,NaN,NaN));
#4198=FACE_SURFACE('',(#4203),#4199,.T.);
#4199=PLANE('',#4200);
#4200=AXIS2_PLACEMENT_3D('',#38,#4201,#4202);
#4201=DIRECTION('',(NaN,NaN,NaN));
#4202=DIRECTION('',(-0.09053535614945081,0.9958932419124504,-3.86095401030369E-08));
#4203=FACE_BOUND('',#4204,.T.);
#4204=EDGE_LOOP('',(#4205,#4206,#4207));
#4205=ORIENTED_EDGE('',*,*,#4208,.T.);
#4206=ORIENTED_EDGE('',*,*,#4209,.T.);
#4207=ORIENTED_EDGE('',*,*,#4210,.T.);
#4208=EDGE_CURVE('',#39,#37,#4211,.F.);
#4209=EDGE_CURVE('',#37,#37,#4212,.T.);
#4210=EDGE_CURVE('',#37,#39,#4213,.T.);
#4211=LINE('',#38,#4214);
#4212=LINE('',#36,#4215);
#4213=LINE('',#36,#4216);
#4214=VECTOR('',#4217,1.0);
#4215=VECTOR('',#4218,1.0);
#4216=VECTOR('',#4219,1.0);
#4217=DIRECTION('',(-0.09053535614945081,0.9958932419124504,-3.86095401030369E-08));
#4218=DIRECTION('',(NaN,NaN,NaN));
#4219=DIRECTION('',(0.09053535614945081,-0.9958932419124504,3.86095401030369E-08));
#4220=FACE_SURFACE('',(#4225),#4221,.T.);
#4221=PLANE('',#4222);
#4222=AXIS2_PLACEMENT_3D('',#38,#4223,#4224);
#4223=DIRECTION('',(NaN,NaN,NaN));
#4224=DIRECTION('',(-0.09053535614945081,0.9958932419124504,-3.86095401030369E-08));
#4225=FACE_BOUND('',#4226,.T.);
#4226=EDGE_LOOP('',(#4227,#4228,#4229));
#4227=ORIENTED_EDGE('',*,*,#4230,.T.);
#4228=ORIENTED_EDGE('',*,*,#4231,.T.);
#4229=ORIENTED_EDGE('',*,*,#4232,.T.);
#4230=EDGE_CURVE('',#39,#37,#4233,.F.);
#4231=EDGE_CURVE('',#37,#39,#4234,.T.);
#4232=EDGE_CURVE('',#39,#39,#4235,.T.);
#4233=LINE('',#38,#4236);
#4234=LINE('',#36,#4237);
#4235=LINE('',#38,#4238);
#4236=VECTOR('',#4239,1.0);
#4237=VECTOR('',#4240,1.0);
#4238=VECTOR('',#4241,1.0);
#4239=DIRECTION('',(-0.09053535614945081,0.9958932419124504,-3.86095401030369E-08));
#4240=DIRECTION('',(0.09053535614945081,-0.9958932419124504,3.86095401030369E-08));
#4241=DIRECTION('',(NaN,NaN,NaN));
#4242=FACE_SURFACE('',(#4247),#4243,.T.);
#4243=PLANE('',#4244);
#4244=AXIS2_PLACEMENT_3D('',#58,#4245,#4246);
#4245=DIRECTION('',(NaN,NaN,NaN));
#4246=DIRECTION('',(0.005284765173986694,-0.9999860355310237,4.507339292769765E-08));
#4247=FACE_BOUND('',#4248,.T.);
#4248=EDGE_LOOP('',(#4249,#4250,#4251));
#4249=ORIENTED_EDGE('',*,*,#4252,.T.);
#4250=ORIENTED_EDGE('',*,*,#4253,.T.);
#4251=ORIENTED_EDGE('',*,*,#4254,.T.);
#4252=EDGE_CURVE('',#59,#57,#4255,.F.);
#4253=EDGE_CURVE('',#57,#57,#4256,.T.);
#4254=EDGE_CURVE('',#57,#59,#4257,.T.);
#4255=LINE('',#58,#4258);
#4256=LINE('',#56,#4259);
#4257=LINE('',#56,#4260);
#4258=VECTOR('',#4261,1.0);
#4259=VECTOR('',#4262,1.0);
#4260=VECTOR('',#4263,1.0);
#4261=DIRECTION('',(0.005284765173986694,-0.9999860355310237,4.507339292769765E-08));
#4262=DIRECTION('',(NaN,NaN,NaN));
#4263=DIRECTION('',(-0.005284765173986694,0.9999860355310237,-4.507339292769765E-08));
#4264=FACE_SURFACE('',(#4269),#4265,.T.);
#4265=PLANE('',#4266);
#4266=AXIS2_PLACEMENT_3D('',#58,#4267,#4268);
#4267=DIRECTION('',(NaN,NaN,NaN));
#4268=DIRECTION('',(0.005284765173986694,-0.9999860355310237,4.507339292769765E-08));
#4269=FACE_BOUND('',#4270,.T.);
#4270=EDGE_LOOP('',(#4271,#4272,#4273));
#4271=ORIENTED_EDGE('',*,*,#4274,.T.);
#4272=ORIENTED_EDGE('',*,*,#4275,.T.);
#4273=ORIENTED_EDGE('',*,*,#4276,.T.);
#4274=EDGE_CURVE('',#59,#57,#4277,.F.);
#4275=EDGE_CURVE('',#57,#59,#4278,.T.);
#4276=EDGE_CURVE('',#59,#59,#4279,.T.);
#4277=LINE('',#58,#4280);
#4278=LINE('',#56,#4281);
#4279=LINE('',#58,#4282);
#4280=VECTOR('',#4283,1.0);
#4281=VECTOR('',#4284,1.0);
#4282=VECTOR('',#4285,1.0);
#4283=DIRECTION('',(0.005284765173986694,-0.9999860355310237,4.507339292769765E-08));
#4284=DIRECTION('',(-0.005284765173986694,0.9999860355310237,-4.507339292769765E-08));
#4285=DIRECTION('',(NaN,NaN,NaN));
#4286=FACE_SURFACE('',(#4291),#4287,.T.);
#4287=PLANE('',#4288);
#4288=AXIS2_PLACEMENT_3D('',#60,#4289,#4290);
#4289=DIRECTION('',(NaN,NaN,NaN));
#4290=DIRECTION('',(-0.780869017369053,-0.6246947876468074,0));
#4291=FACE_BOUND('',#4292,.T.);
#4292=EDGE_LOOP('',(#4293,#4294,#4295));
#4293=ORIENTED_EDGE('',*,*,#4296,.T.);
#4294=ORIENTED_EDGE('',*,*,#4297,.T.);
#4295=ORIENTED_EDGE('',*,*,#4298,.T.);
#4296=EDGE_CURVE('',#61,#59,#4299,.F.);
#4297=EDGE_CURVE('',#59,#59,#4300,.T.);
#4298=EDGE_CURVE('',#59,#61,#4301,.T.);
#4299=LINE('',#60,#4302);
#4300=LINE('',#58,#4303);
#4301=LINE('',#58,#4304);
#4302=VECTOR('',#4305,1.0);
#4303=VECTOR('',#4306,1.0);
#4304=VECTOR('',#4307,1.0);
#4305=DIRECTION('',(-0.780869017369053,-0.6246947876468074,0));
#4306=DIRECTION('',(NaN,NaN,NaN));
#4307=DIRECTION('',(0.780869017369053,0.6246947876468074,0));
#4308=FACE_SURFACE('',(#4313),#4309,.T.);
#4309=PLANE('',#4310);
#4310=AXIS2_PLACEMENT_3D('',#60,#4311,#4312);
#4311=DIRECTION('',(NaN,NaN,NaN));
#4312=DIRECTION('',(-0.780869017369053,-0.6246947876468074,0));
#4313=FACE_BOUND('',#4314,.T.);
#4314=EDGE_LOOP('',(#4315,#4316,#4317));
#4315=ORIENTED_EDGE('',*,*,#4318,.T.);
#4316=ORIENTED_EDGE('',*,*,#4319,.T.);
#4317=ORIENTED_EDGE('',*,*,#4320,.T.);
#4318=EDGE_CURVE('',#61,#59,#4321,.F.);
#4319=EDGE_CURVE('',#59,#61,#4322,.T.);
#4320=EDGE_CURVE('',#61,#61,#4323,.T.);
#4321=LINE('',#60,#4324);
#4322=LINE('',#58,#4325);
#4323=LINE('',#60,#4326);
#4324=VECTOR('',#4327,1.0);
#4325=VECTOR('',#4328,1.0);
#4326=VECTOR('',#4329,1.0);
#4327=DIRECTION('',(-0.780869017369053,-0.6246947876468074,0));
#4328=DIRECTION('',(0.780869017369053,0.6246947876468074,0));
#4329=DIRECTION('',(NaN,NaN,NaN));
#4330=FACE_SURFACE('',(#4335),#4331,.T.);
#4331=PLANE('',#4332);
#4332=AXIS2_PLACEMENT_3D('',#36,#4333,#4334);
#4333=DIRECTION('',(NaN,NaN,NaN));
#4334=DIRECTION('',(-0.9994449110158576,0.03331470913132044,0));
#4335=FACE_BOUND('',#4336,.T.);
#4336=EDGE_LOOP('',(#4337,#4338,#4339));
#4337=ORIENTED_EDGE('',*,*,#4340,.T.);
#4338=ORIENTED_EDGE('',*,*,#4341,.T.);
#4339=ORIENTED_EDGE('',*,*,#4342,.T.);
#4340=EDGE_CURVE('',#37,#35,#4343,.F.);
#4341=EDGE_CURVE('',#35,#35,#4344,.T.);
#4342=EDGE_CURVE('',#35,#37,#4345,.T.);
#4343=LINE('',#36,#4346);
#4344=LINE('',#34,#4347);
#4345=LINE('',#34,#4348);
#4346=VECTOR('',#4349,1.0);
#4347=VECTOR('',#4350,1.0);
#4348=VECTOR('',#4351,1.0);
#4349=DIRECTION('',(-0.9994449110158576,0.03331470913132044,0));
#4350=DIRECTION('',(NaN,NaN,NaN));
#4351=DIRECTION('',(0.9994449110158576,-0.03331470913132044,0));
#4352=FACE_SURFACE('',(#4357),#4353,.T.);
#4353=PLANE('',#4354);
#4354=AXIS2_PLACEMENT_3D('',#36,#4355,#4356);
#4355=DIRECTION('',(NaN,NaN,NaN));
#4356=DIRECTION('',(-0.9994449110158576,0.03331470913132044,0));
#4357=FACE_BOUND('',#4358,.T.);
#4358=EDGE_LOOP('',(#4359,#4360,#4361));
#4359=ORIENTED_EDGE('',*,*,#4362,.T.);
#4360=ORIENTED_EDGE('',*,*,#4363,.T.);
#4361=ORIENTED_EDGE('',*,*,#4364,.T.);
#4362=EDGE_CURVE('',#37,#35,#4365,.F.);
#4363=EDGE_CURVE('',#35,#37,#4366,.T.);
#4364=EDGE_CURVE('',#37,#37,#4367,.T.);
#4365=LINE('',#36,#4368);
#4366=LINE('',#34,#4369);
#4367=LINE('',#36,#4370);
#4368=VECTOR('',#4371,1.0);
#4369=VECTOR('',#4372,1.0);
#4370=VECTOR('',#4373,1.0);
#4371=DIRECTION('',(-0.9994449110158576,0.03331470913132044,0));
#4372=DIRECTION('',(0.9994449110158576,-0.03331470913132044,0));
#4373=DIRECTION('',(NaN,NaN,NaN));
#4374=FACE_SURFACE('',(#4379),#4375,.T.);
#4375=PLANE('',#4376);
#4376=AXIS2_PLACEMENT_3D('',#68,#4377,#4378);
#4377=DIRECTION('',(NaN,NaN,NaN));
#4378=DIRECTION('',(0.0017936004616602179,-0.9999983914973974,4.283298045722409E-08));
#4379=FACE_BOUND('',#4380,.T.);
#4380=EDGE_LOOP('',(#4381,#4382,#4383));
#4381=ORIENTED_EDGE('',*,*,#4384,.T.);
#4382=ORIENTED_EDGE('',*,*,#4385,.T.);
#4383=ORIENTED_EDGE('',*,*,#4386,.T.);
#4384=EDGE_CURVE('',#69,#71,#4387,.F.);
#4385=EDGE_CURVE('',#71,#71,#4388,.T.);
#4386=EDGE_CURVE('',#71,#69,#4389,.T.);
#4387=LINE('',#68,#4390);
#4388=LINE('',#70,#4391);
#4389=LINE('',#70,#4392);
#4390=VECTOR('',#4393,1.0);
#4391=VECTOR('',#4394,1.0);
#4392=VECTOR('',#4395,1.0);
#4393=DIRECTION('',(0.0017936004616602179,-0.9999983914973974,4.283298045722409E-08));
#4394=DIRECTION('',(NaN,NaN,NaN));
#4395=DIRECTION('',(-0.0017936004616602179,0.9999983914973974,-4.283298045722409E-08));
#4396=FACE_SURFACE('',(#4401),#4397,.T.);
#4397=PLANE('',#4398);
#4398=AXIS2_PLACEMENT_3D('',#68,#4399,#4400);
#4399=DIRECTION('',(NaN,NaN,NaN));
#4400=DIRECTION('',(0.0017936004616602179,-0.9999983914973974,4.283298045722409E-08));
#4401=FACE_BOUND('',#4402,.T.);
#4402=EDGE_LOOP('',(#4403,#4404,#4405));
#4403=ORIENTED_EDGE('',*,*,#4406,.T.);
#4404=ORIENTED_EDGE('',*,*,#4407,.T.);
#4405=ORIENTED_EDGE('',*,*,#4408,.T.);
#4406=EDGE_CURVE('',#69,#71,#4409,.F.);
#4407=EDGE_CURVE('',#71,#69,#4410,.T.);
#4408=EDGE_CURVE('',#69,#69,#4411,.T.);
#4409=LINE('',#68,#4412);
#4410=LINE('',#70,#4413);
#4411=LINE('',#68,#4414);
#4412=VECTOR('',#4415,1.0);
#4413=VECTOR('',#4416,1.0);
#4414=VECTOR('',#4417,1.0);
#4415=DIRECTION('',(0.0017936004616602179,-0.9999983914973974,4.283298045722409E-08));
#4416=DIRECTION('',(-0.0017936004616602179,0.9999983914973974,-4.283298045722409E-08));
#4417=DIRECTION('',(NaN,NaN,NaN));
#4418=FACE_SURFACE('',(#4423),#4419,.T.);
#4419=PLANE('',#4420);
#4420=AXIS2_PLACEMENT_3D('',#42,#4421,#4422);
#4421=DIRECTION('',(0.35112274144128075,-0.9363294401239072,9.869906524816816E-08));
#4422=DIRECTION('',(0.9363294401239118,0.35112274144128247,0));
#4423=FACE_BOUND('',#4424,.T.);
#4424=EDGE_LOOP('',(#4425,#4426,#4427));
#4425=ORIENTED_EDGE('',*,*,#4428,.T.);
#4426=ORIENTED_EDGE('',*,*,#4429,.T.);
#4427=ORIENTED_EDGE('',*,*,#4430,.T.);
#4428=EDGE_CURVE('',#43,#41,#4431,.F.);
#4429=EDGE_CURVE('',#41,#79,#4432,.T.);
#4430=EDGE_CURVE('',#79,#43,#4433,.T.);
#4431=LINE('',#42,#4434);
#4432=LINE('',#40,#4435);
#4433=LINE('',#78,#4436);
#4434=VECTOR('',#4437,1.0);
#4435=VECTOR('',#4438,1.0);
#4436=VECTOR('',#4439,1.0);
#4437=DIRECTION('',(0.9363294401239118,0.35112274144128247,0));
#4438=DIRECTION('',(0,1.0541061833440426E-07,0.9999999999999944));
#4439=DIRECTION('',(-0.06166051852465973,-0.023122747037649338,-0.9978293035508143));
#4440=FACE_SURFACE('',(#4445),#4441,.T.);
#4441=PLANE('',#4442);
#4442=AXIS2_PLACEMENT_3D('',#42,#4443,#4444);
#4443=DIRECTION('',(0.35112274144128075,-0.9363294401239072,9.869906524816816E-08));
#4444=DIRECTION('',(0.06166051852465973,0.023122747037649338,0.9978293035508143));
#4445=FACE_BOUND('',#4446,.T.);
#4446=EDGE_LOOP('',(#4447,#4448,#4449));
#4447=ORIENTED_EDGE('',*,*,#4450,.T.);
#4448=ORIENTED_EDGE('',*,*,#4451,.T.);
#4449=ORIENTED_EDGE('',*,*,#4452,.T.);
#4450=EDGE_CURVE('',#43,#79,#4453,.F.);
#4451=EDGE_CURVE('',#79,#81,#4454,.T.);
#4452=EDGE_CURVE('',#81,#43,#4455,.T.);
#4453=LINE('',#42,#4456);
#4454=LINE('',#78,#4457);
#4455=LINE('',#80,#4458);
#4456=VECTOR('',#4459,1.0);
#4457=VECTOR('',#4460,1.0);
#4458=VECTOR('',#4461,1.0);
#4459=DIRECTION('',(0.06166051852465973,0.023122747037649338,0.9978293035508143));
#4460=DIRECTION('',(-0.9363294401239118,-0.35112274144128247,0));
#4461=DIRECTION('',(0,-1.0541061833440426E-07,-0.9999999999999944));
#4462=FACE_SURFACE('',(#4467),#4463,.T.);
#4463=PLANE('',#4464);
#4464=AXIS2_PLACEMENT_3D('',#62,#4465,#4466);
#4465=DIRECTION('',(1,-0,0));
#4466=DIRECTION('',(0,0.999999999999999,-4.264564725260531E-08));
#4467=FACE_BOUND('',#4468,.T.);
#4468=EDGE_LOOP('',(#4469,#4470,#4471));
#4469=ORIENTED_EDGE('',*,*,#4472,.T.);
#4470=ORIENTED_EDGE('',*,*,#4473,.T.);
#4471=ORIENTED_EDGE('',*,*,#4474,.T.);
#4472=EDGE_CURVE('',#63,#77,#4475,.F.);
#4473=EDGE_CURVE('',#77,#83,#4476,.T.);
#4474=EDGE_CURVE('',#83,#63,#4477,.T.);
#4475=LINE('',#62,#4478);
#4476=LINE('',#76,#4479);
#4477=LINE('',#82,#4480);
#4478=VECTOR('',#4481,1.0);
#4479=VECTOR('',#4482,1.0);
#4480=VECTOR('',#4483,1.0);
#4481=DIRECTION('',(0,0.999999999999999,-4.264564725260531E-08));
#4482=DIRECTION('',(0,5.270530777827758E-08,0.9999999999999987));
#4483=DIRECTION('',(0,-0.2952029438660222,-0.9554345722930662));
#4484=FACE_SURFACE('',(#4489),#4485,.T.);
#4485=PLANE('',#4486);
#4486=AXIS2_PLACEMENT_3D('',#62,#4487,#4488);
#4487=DIRECTION('',(1,0,0));
#4488=DIRECTION('',(0,0.2952029438660222,0.9554345722930662));
#4489=FACE_BOUND('',#4490,.T.);
#4490=EDGE_LOOP('',(#4491,#4492,#4493));
#4491=ORIENTED_EDGE('',*,*,#4494,.T.);
#4492=ORIENTED_EDGE('',*,*,#4495,.T.);
#4493=ORIENTED_EDGE('',*,*,#4496,.T.);
#4494=EDGE_CURVE('',#63,#83,#4497,.F.);
#4495=EDGE_CURVE('',#83,#85,#4498,.T.);
#4496=EDGE_CURVE('',#85,#63,#4499,.T.);
#4497=LINE('',#62,#4500);
#4498=LINE('',#82,#4501);
#4499=LINE('',#84,#4502);
#4500=VECTOR('',#4503,1.0);
#4501=VECTOR('',#4504,1.0);
#4502=VECTOR('',#4505,1.0);
#4503=DIRECTION('',(0,0.2952029438660222,0.9554345722930662));
#4504=DIRECTION('',(0,-1,0));
#4505=DIRECTION('',(0,-1.0541061694547947E-07,-0.9999999999999944));
#4506=FACE_SURFACE('',(#4511),#4507,.T.);
#4507=PLANE('',#4508);
#4508=AXIS2_PLACEMENT_3D('',#52,#4509,#4510);
#4509=DIRECTION('',(-0.9680123627474656,-0.2509025021159983,2.644778780257552E-08));
#4510=DIRECTION('',(0.25090250211599835,-0.9680123627474658,0));
#4511=FACE_BOUND('',#4512,.T.);
#4512=EDGE_LOOP('',(#4513,#4514,#4515));
#4513=ORIENTED_EDGE('',*,*,#4516,.T.);
#4514=ORIENTED_EDGE('',*,*,#4517,.T.);
#4515=ORIENTED_EDGE('',*,*,#4518,.T.);
#4516=EDGE_CURVE('',#53,#51,#4519,.F.);
#4517=EDGE_CURVE('',#51,#87,#4520,.T.);
#4518=EDGE_CURVE('',#87,#53,#4521,.T.);
#4519=LINE('',#52,#4522);
#4520=LINE('',#50,#4523);
#4521=LINE('',#86,#4524);
#4522=VECTOR('',#4525,1.0);
#4523=VECTOR('',#4526,1.0);
#4524=VECTOR('',#4527,1.0);
#4525=DIRECTION('',(0.25090250211599835,-0.9680123627474658,0));
#4526=DIRECTION('',(0,1.0541061798717306E-07,0.9999999999999944));
#4527=DIRECTION('',(-0.008441981091365083,0.03257008423905863,-0.9994338009932991));
#4528=FACE_SURFACE('',(#4533),#4529,.T.);
#4529=PLANE('',#4530);
#4530=AXIS2_PLACEMENT_3D('',#52,#4531,#4532);
#4531=DIRECTION('',(-0.9680123627474656,-0.2509025021159983,2.644778780257552E-08));
#4532=DIRECTION('',(0.008441981091365083,-0.03257008423905863,0.9994338009932991));
#4533=FACE_BOUND('',#4534,.T.);
#4534=EDGE_LOOP('',(#4535,#4536,#4537));
#4535=ORIENTED_EDGE('',*,*,#4538,.T.);
#4536=ORIENTED_EDGE('',*,*,#4539,.T.);
#4537=ORIENTED_EDGE('',*,*,#4540,.T.);
#4538=EDGE_CURVE('',#53,#87,#4541,.F.);
#4539=EDGE_CURVE('',#87,#89,#4542,.T.);
#4540=EDGE_CURVE('',#89,#53,#4543,.T.);
#4541=LINE('',#52,#4544);
#4542=LINE('',#86,#4545);
#4543=LINE('',#88,#4546);
#4544=VECTOR('',#4547,1.0);
#4545=VECTOR('',#4548,1.0);
#4546=VECTOR('',#4549,1.0);
#4547=DIRECTION('',(0.008441981091365083,-0.03257008423905863,0.9994338009932991));
#4548=DIRECTION('',(-0.25090250211599835,0.9680123627474658,0));
#4549=DIRECTION('',(0,-1.0541061798717306E-07,-0.9999999999999944));
#4550=FACE_SURFACE('',(#4555),#4551,.T.);
#4551=PLANE('',#4552);
#4552=AXIS2_PLACEMENT_3D('',#46,#4553,#4554);
#4553=DIRECTION('',(-0.25833028119667134,-0.9660566576639533,0));
#4554=DIRECTION('',(0.9660566576639533,-0.25833028119667134,0));
#4555=FACE_BOUND('',#4556,.T.);
#4556=EDGE_LOOP('',(#4557,#4558,#4559));
#4557=ORIENTED_EDGE('',*,*,#4560,.T.);
#4558=ORIENTED_EDGE('',*,*,#4561,.T.);
#4559=ORIENTED_EDGE('',*,*,#4562,.T.);
#4560=EDGE_CURVE('',#47,#45,#4563,.F.);
#4561=EDGE_CURVE('',#45,#91,#4564,.T.);
#4562=EDGE_CURVE('',#91,#47,#4565,.T.);
#4563=LINE('',#46,#4566);
#4564=LINE('',#44,#4567);
#4565=LINE('',#90,#4568);
#4566=VECTOR('',#4569,1.0);
#4567=VECTOR('',#4570,1.0);
#4568=VECTOR('',#4571,1.0);
#4569=DIRECTION('',(0.9660566576639533,-0.25833028119667134,0));
#4570=DIRECTION('',(0,0,1));
#4571=DIRECTION('',(-0.020404523953751547,0.0054563118724351555,-0.9997769171485065));
#4572=FACE_SURFACE('',(#4577),#4573,.T.);
#4573=PLANE('',#4574);
#4574=AXIS2_PLACEMENT_3D('',#46,#4575,#4576);
#4575=DIRECTION('',(-0.25833028119667134,-0.9660566576639533,0));
#4576=DIRECTION('',(0.020404523953751547,-0.0054563118724351555,0.9997769171485065));
#4577=FACE_BOUND('',#4578,.T.);
#4578=EDGE_LOOP('',(#4579,#4580,#4581));
#4579=ORIENTED_EDGE('',*,*,#4582,.T.);
#4580=ORIENTED_EDGE('',*,*,#4583,.T.);
#4581=ORIENTED_EDGE('',*,*,#4584,.T.);
#4582=EDGE_CURVE('',#47,#91,#4585,.F.);
#4583=EDGE_CURVE('',#91,#93,#4586,.T.);
#4584=EDGE_CURVE('',#93,#47,#4587,.T.);
#4585=LINE('',#46,#4588);
#4586=LINE('',#90,#4589);
#4587=LINE('',#92,#4590);
#4588=VECTOR('',#4591,1.0);
#4589=VECTOR('',#4592,1.0);
#4590=VECTOR('',#4593,1.0);
#4591=DIRECTION('',(0.020404523953751547,-0.0054563118724351555,0.9997769171485065));
#4592=DIRECTION('',(-0.9660566576639533,0.25833028119667134,0));
#4593=DIRECTION('',(0,0,-1));
#4594=FACE_SURFACE('',(#4599),#4595,.T.);
#4595=PLANE('',#4596);
#4596=AXIS2_PLACEMENT_3D('',#74,#4597,#4598);
#4597=DIRECTION('',(0.02939895728404854,-0.9995677572384014,5.268252611695212E-08));
#4598=DIRECTION('',(0.9995677572384027,0.02939895728404858,0));
#4599=FACE_BOUND('',#4600,.T.);
#4600=EDGE_LOOP('',(#4601,#4602,#4603));
#4601=ORIENTED_EDGE('',*,*,#4604,.T.);
#4602=ORIENTED_EDGE('',*,*,#4605,.T.);
#4603=ORIENTED_EDGE('',*,*,#4606,.T.);
#4604=EDGE_CURVE('',#75,#73,#4607,.F.);
#4605=EDGE_CURVE('',#73,#95,#4608,.T.);
#4606=EDGE_CURVE('',#95,#75,#4609,.T.);
#4607=LINE('',#74,#4610);
#4608=LINE('',#72,#4611);
#4609=LINE('',#94,#4612);
#4610=VECTOR('',#4613,1.0);
#4611=VECTOR('',#4614,1.0);
#4612=VECTOR('',#4615,1.0);
#4613=DIRECTION('',(0.9995677572384027,0.02939895728404858,0));
#4614=DIRECTION('',(0,5.270530760466199E-08,0.9999999999999987));
#4615=DIRECTION('',(-0.2540053490861274,-0.00747077254822786,-0.9671739606674526));
#4616=FACE_SURFACE('',(#4621),#4617,.T.);
#4617=PLANE('',#4618);
#4618=AXIS2_PLACEMENT_3D('',#74,#4619,#4620);
#4619=DIRECTION('',(0.02939915770946647,-0.9995677513435365,0));
#4620=DIRECTION('',(0.2540053490861274,0.00747077254822786,0.9671739606674526));
#4621=FACE_BOUND('',#4622,.T.);
#4622=EDGE_LOOP('',(#4623,#4624,#4625));
#4623=ORIENTED_EDGE('',*,*,#4626,.T.);
#4624=ORIENTED_EDGE('',*,*,#4627,.T.);
#4625=ORIENTED_EDGE('',*,*,#4628,.T.);
#4626=EDGE_CURVE('',#75,#95,#4629,.F.);
#4627=EDGE_CURVE('',#95,#97,#4630,.T.);
#4628=EDGE_CURVE('',#97,#75,#4631,.T.);
#4629=LINE('',#74,#4632);
#4630=LINE('',#94,#4633);
#4631=LINE('',#96,#4634);
#4632=VECTOR('',#4635,1.0);
#4633=VECTOR('',#4636,1.0);
#4634=VECTOR('',#4637,1.0);
#4635=DIRECTION('',(0.2540053490861274,0.00747077254822786,0.9671739606674526));
#4636=DIRECTION('',(-0.9995677513435365,-0.029399157709466474,0));
#4637=DIRECTION('',(0,0,-1));
#4638=FACE_SURFACE('',(#4643),#4639,.T.);
#4639=PLANE('',#4640);
#4640=AXIS2_PLACEMENT_3D('',#50,#4641,#4642);
#4641=DIRECTION('',(-0.8970164497833659,-0.44199715928730116,4.6591193862524844E-08));
#4642=DIRECTION('',(0.44199715928730315,-0.897016449783355,1.4218784076638554E-07));
#4643=FACE_BOUND('',#4644,.T.);
#4644=EDGE_LOOP('',(#4645,#4646,#4647));
#4645=ORIENTED_EDGE('',*,*,#4648,.T.);
#4646=ORIENTED_EDGE('',*,*,#4649,.T.);
#4647=ORIENTED_EDGE('',*,*,#4650,.T.);
#4648=EDGE_CURVE('',#51,#49,#4651,.F.);
#4649=EDGE_CURVE('',#49,#99,#4652,.T.);
#4650=EDGE_CURVE('',#99,#51,#4653,.T.);
#4651=LINE('',#50,#4654);
#4652=LINE('',#48,#4655);
#4653=LINE('',#98,#4656);
#4654=VECTOR('',#4657,1.0);
#4655=VECTOR('',#4658,1.0);
#4656=VECTOR('',#4659,1.0);
#4657=DIRECTION('',(0.44199715928730315,-0.897016449783355,1.4218784076638554E-07));
#4658=DIRECTION('',(0,1.0541061833440426E-07,0.9999999999999944));
#4659=DIRECTION('',(-0.010237051453207635,0.020775601786483903,-0.9997317525956418));
#4660=FACE_SURFACE('',(#4665),#4661,.T.);
#4661=PLANE('',#4662);
#4662=AXIS2_PLACEMENT_3D('',#50,#4663,#4664);
#4663=DIRECTION('',(-0.897016449783363,-0.44199715928730715,4.6591193709050276E-08));
#4664=DIRECTION('',(0.010237051453207635,-0.020775601786483903,0.9997317525956418));
#4665=FACE_BOUND('',#4666,.T.);
#4666=EDGE_LOOP('',(#4667,#4668,#4669));
#4667=ORIENTED_EDGE('',*,*,#4670,.T.);
#4668=ORIENTED_EDGE('',*,*,#4671,.T.);
#4669=ORIENTED_EDGE('',*,*,#4672,.T.);
#4670=EDGE_CURVE('',#51,#99,#4673,.F.);
#4671=EDGE_CURVE('',#99,#87,#4674,.T.);
#4672=EDGE_CURVE('',#87,#51,#4675,.T.);
#4673=LINE('',#50,#4676);
#4674=LINE('',#98,#4677);
#4675=LINE('',#86,#4678);
#4676=VECTOR('',#4679,1.0);
#4677=VECTOR('',#4680,1.0);
#4678=VECTOR('',#4681,1.0);
#4679=DIRECTION('',(0.010237051453207635,-0.020775601786483903,0.9997317525956418));
#4680=DIRECTION('',(-0.4419971592873076,0.897016449783364,0));
#4681=DIRECTION('',(0,-1.0541061798717306E-07,-0.9999999999999944));
#4682=FACE_SURFACE('',(#4687),#4683,.T.);
#4683=PLANE('',#4684);
#4684=AXIS2_PLACEMENT_3D('',#94,#4685,#4686);
#4685=DIRECTION('',(0.99974783700143,0.022455787916752037,-1.1835392096574695E-09));
#4686=DIRECTION('',(0,-5.270530760466199E-08,-0.9999999999999987));
#4687=FACE_BOUND('',#4688,.T.);
#4688=EDGE_LOOP('',(#4689,#4690,#4691));
#4689=ORIENTED_EDGE('',*,*,#4692,.T.);
#4690=ORIENTED_EDGE('',*,*,#4693,.T.);
#4691=ORIENTED_EDGE('',*,*,#4694,.T.);
#4692=EDGE_CURVE('',#95,#73,#4695,.F.);
#4693=EDGE_CURVE('',#73,#71,#4696,.T.);
#4694=EDGE_CURVE('',#71,#95,#4697,.T.);
#4695=LINE('',#94,#4698);
#4696=LINE('',#72,#4699);
#4697=LINE('',#70,#4700);
#4698=VECTOR('',#4701,1.0);
#4699=VECTOR('',#4702,1.0);
#4700=VECTOR('',#4703,1.0);
#4701=DIRECTION('',(0,-5.270530760466199E-08,-0.9999999999999987));
#4702=DIRECTION('',(-0.022455787916752065,0.9997478370014293,-3.8313134548946386E-08));
#4703=DIRECTION('',(0.0019236040939607651,-0.08564018595672965,0.996324273666253));
#4704=FACE_SURFACE('',(#4709),#4705,.T.);
#4705=PLANE('',#4706);
#4706=AXIS2_PLACEMENT_3D('',#70,#4707,#4708);
#4707=DIRECTION('',(1,0,0));
#4708=DIRECTION('',(0,1.0541061902886667E-07,0.9999999999999944));
#4709=FACE_BOUND('',#4710,.T.);
#4710=EDGE_LOOP('',(#4711,#4712,#4713));
#4711=ORIENTED_EDGE('',*,*,#4714,.T.);
#4712=ORIENTED_EDGE('',*,*,#4715,.T.);
#4713=ORIENTED_EDGE('',*,*,#4716,.T.);
#4714=EDGE_CURVE('',#71,#101,#4717,.F.);
#4715=EDGE_CURVE('',#101,#103,#4718,.T.);
#4716=EDGE_CURVE('',#103,#71,#4719,.T.);
#4717=LINE('',#70,#4720);
#4718=LINE('',#100,#4721);
#4719=LINE('',#102,#4722);
#4720=VECTOR('',#4723,1.0);
#4721=VECTOR('',#4724,1.0);
#4722=VECTOR('',#4725,1.0);
#4723=DIRECTION('',(0,1.0541061902886667E-07,0.9999999999999944));
#4724=DIRECTION('',(0,0,1));
#4725=DIRECTION('',(0,-5.2705307431046394E-08,-0.9999999999999987));
#4726=FACE_SURFACE('',(#4731),#4727,.T.);
#4727=PLANE('',#4728);
#4728=AXIS2_PLACEMENT_3D('',#70,#4729,#4730);
#4729=DIRECTION('',(0.99974783700143,0.02245578791675208,-1.1835392057587969E-09));
#4730=DIRECTION('',(0,5.2705307431046394E-08,0.9999999999999987));
#4731=FACE_BOUND('',#4732,.T.);
#4732=EDGE_LOOP('',(#4733,#4734,#4735));
#4733=ORIENTED_EDGE('',*,*,#4736,.T.);
#4734=ORIENTED_EDGE('',*,*,#4737,.T.);
#4735=ORIENTED_EDGE('',*,*,#4738,.T.);
#4736=EDGE_CURVE('',#71,#103,#4739,.F.);
#4737=EDGE_CURVE('',#103,#95,#4740,.T.);
#4738=EDGE_CURVE('',#95,#71,#4741,.T.);
#4739=LINE('',#70,#4742);
#4740=LINE('',#102,#4743);
#4741=LINE('',#94,#4744);
#4742=VECTOR('',#4745,1.0);
#4743=VECTOR('',#4746,1.0);
#4744=VECTOR('',#4747,1.0);
#4745=DIRECTION('',(0,5.2705307431046394E-08,0.9999999999999987));
#4746=DIRECTION('',(0.022455787916752082,-0.99974783700143,0));
#4747=DIRECTION('',(-0.0019236040939607651,0.08564018595672965,-0.996324273666253));
#4748=FACE_SURFACE('',(#4753),#4749,.T.);
#4749=PLANE('',#4750);
#4750=AXIS2_PLACEMENT_3D('',#76,#4751,#4752);
#4751=DIRECTION('',(0.7071082889389586,-0.7071052734309214,0));
#4752=DIRECTION('',(0.707105273430921,0.7071082889389582,-3.769385046452598E-08));
#4753=FACE_BOUND('',#4754,.T.);
#4754=EDGE_LOOP('',(#4755,#4756,#4757));
#4755=ORIENTED_EDGE('',*,*,#4758,.T.);
#4756=ORIENTED_EDGE('',*,*,#4759,.T.);
#4757=ORIENTED_EDGE('',*,*,#4760,.T.);
#4758=EDGE_CURVE('',#77,#75,#4761,.F.);
#4759=EDGE_CURVE('',#75,#97,#4762,.T.);
#4760=EDGE_CURVE('',#97,#77,#4763,.T.);
#4761=LINE('',#76,#4764);
#4762=LINE('',#74,#4765);
#4763=LINE('',#96,#4766);
#4764=VECTOR('',#4767,1.0);
#4765=VECTOR('',#4768,1.0);
#4766=VECTOR('',#4769,1.0);
#4767=DIRECTION('',(0.707105273430921,0.7071082889389582,-3.769385046452598E-08));
#4768=DIRECTION('',(0,0,1));
#4769=DIRECTION('',(-0.06155961174318608,-0.06155987426916482,-0.9962031901585102));
#4770=FACE_SURFACE('',(#4775),#4771,.T.);
#4771=PLANE('',#4772);
#4772=AXIS2_PLACEMENT_3D('',#76,#4773,#4774);
#4773=DIRECTION('',(0.7071079873892475,-0.7071055749817889,3.726821696115117E-08));
#4774=DIRECTION('',(0.06155961174318608,0.06155987426916482,0.9962031901585102));
#4775=FACE_BOUND('',#4776,.T.);
#4776=EDGE_LOOP('',(#4777,#4778,#4779));
#4777=ORIENTED_EDGE('',*,*,#4780,.T.);
#4778=ORIENTED_EDGE('',*,*,#4781,.T.);
#4779=ORIENTED_EDGE('',*,*,#4782,.T.);
#4780=EDGE_CURVE('',#77,#97,#4783,.F.);
#4781=EDGE_CURVE('',#97,#83,#4784,.T.);
#4782=EDGE_CURVE('',#83,#77,#4785,.T.);
#4783=LINE('',#76,#4786);
#4784=LINE('',#96,#4787);
#4785=LINE('',#82,#4788);
#4786=VECTOR('',#4789,1.0);
#4787=VECTOR('',#4790,1.0);
#4788=VECTOR('',#4791,1.0);
#4789=DIRECTION('',(0.06155961174318608,0.06155987426916482,0.9962031901585102));
#4790=DIRECTION('',(-0.7071055749817895,-0.707107987389248,0));
#4791=DIRECTION('',(0,-5.270530777827758E-08,-0.9999999999999987));
#4792=FACE_SURFACE('',(#4797),#4793,.T.);
#4793=PLANE('',#4794);
#4794=AXIS2_PLACEMENT_3D('',#104,#4795,#4796);
#4795=DIRECTION('',(-0.9999332579373155,-0.011553340247141471,1.2178447473023087E-09));
#4796=DIRECTION('',(0,-1.0541061902886667E-07,-0.9999999999999944));
#4797=FACE_BOUND('',#4798,.T.);
#4798=EDGE_LOOP('',(#4799,#4800,#4801));
#4799=ORIENTED_EDGE('',*,*,#4802,.T.);
#4800=ORIENTED_EDGE('',*,*,#4803,.T.);
#4801=ORIENTED_EDGE('',*,*,#4804,.T.);
#4802=EDGE_CURVE('',#105,#55,#4805,.F.);
#4803=EDGE_CURVE('',#55,#53,#4806,.T.);
#4804=EDGE_CURVE('',#53,#105,#4807,.T.);
#4805=LINE('',#104,#4808);
#4806=LINE('',#54,#4809);
#4807=LINE('',#52,#4810);
#4808=VECTOR('',#4811,1.0);
#4809=VECTOR('',#4812,1.0);
#4810=VECTOR('',#4813,1.0);
#4811=DIRECTION('',(0,-1.0541061902886667E-07,-0.9999999999999944));
#4812=DIRECTION('',(0.011553340247141513,-0.9999332579373145,4.434314452507643E-08));
#4813=DIRECTION('',(-0.009252172480744924,0.8007689121185417,0.5989019508140491));
#4814=FACE_SURFACE('',(#4819),#4815,.T.);
#4815=PLANE('',#4816);
#4816=AXIS2_PLACEMENT_3D('',#52,#4817,#4818);
#4817=DIRECTION('',(-0.9999332579267929,-0.011553341157856695,1.2178448312663225E-09));
#4818=DIRECTION('',(0,1.0541061798717306E-07,0.9999999999999944));
#4819=FACE_BOUND('',#4820,.T.);
#4820=EDGE_LOOP('',(#4821,#4822,#4823));
#4821=ORIENTED_EDGE('',*,*,#4824,.T.);
#4822=ORIENTED_EDGE('',*,*,#4825,.T.);
#4823=ORIENTED_EDGE('',*,*,#4826,.T.);
#4824=EDGE_CURVE('',#53,#89,#4827,.F.);
#4825=EDGE_CURVE('',#89,#107,#4828,.T.);
#4826=EDGE_CURVE('',#107,#53,#4829,.T.);
#4827=LINE('',#52,#4830);
#4828=LINE('',#88,#4831);
#4829=LINE('',#106,#4832);
#4830=VECTOR('',#4833,1.0);
#4831=VECTOR('',#4834,1.0);
#4832=VECTOR('',#4835,1.0);
#4833=DIRECTION('',(0,1.0541061798717306E-07,0.9999999999999944));
#4834=DIRECTION('',(-0.011553341157856696,0.9999332579267929,0));
#4835=DIRECTION('',(0.00642132613769326,-0.5557611854232304,-0.831317190576256));
#4836=FACE_SURFACE('',(#4841),#4837,.T.);
#4837=PLANE('',#4838);
#4838=AXIS2_PLACEMENT_3D('',#52,#4839,#4840);
#4839=DIRECTION('',(-0.9999332579478379,-0.011553339336426497,0));
#4840=DIRECTION('',(-0.00642132613769326,0.5557611854232304,0.831317190576256));
#4841=FACE_BOUND('',#4842,.T.);
#4842=EDGE_LOOP('',(#4843,#4844,#4845));
#4843=ORIENTED_EDGE('',*,*,#4846,.T.);
#4844=ORIENTED_EDGE('',*,*,#4847,.T.);
#4845=ORIENTED_EDGE('',*,*,#4848,.T.);
#4846=EDGE_CURVE('',#53,#107,#4849,.F.);
#4847=EDGE_CURVE('',#107,#105,#4850,.T.);
#4848=EDGE_CURVE('',#105,#53,#4851,.T.);
#4849=LINE('',#52,#4852);
#4850=LINE('',#106,#4853);
#4851=LINE('',#104,#4854);
#4852=VECTOR('',#4855,1.0);
#4853=VECTOR('',#4856,1.0);
#4854=VECTOR('',#4857,1.0);
#4855=DIRECTION('',(-0.00642132613769326,0.5557611854232304,0.831317190576256));
#4856=DIRECTION('',(0,0,-1));
#4857=DIRECTION('',(0.009252172480744924,-0.8007689121185417,-0.5989019508140491));
#4858=FACE_SURFACE('',(#4863),#4859,.T.);
#4859=PLANE('',#4860);
#4860=AXIS2_PLACEMENT_3D('',#66,#4861,#4862);
#4861=DIRECTION('',(0.7592578561675214,0.6507899106838545,0));
#4862=DIRECTION('',(-0.6507899106838537,0.7592578561675205,-4.625577642418923E-08));
#4863=FACE_BOUND('',#4864,.T.);
#4864=EDGE_LOOP('',(#4865,#4866,#4867));
#4865=ORIENTED_EDGE('',*,*,#4868,.T.);
#4866=ORIENTED_EDGE('',*,*,#4869,.T.);
#4867=ORIENTED_EDGE('',*,*,#4870,.T.);
#4868=EDGE_CURVE('',#67,#65,#4871,.F.);
#4869=EDGE_CURVE('',#65,#109,#4872,.T.);
#4870=EDGE_CURVE('',#109,#67,#4873,.T.);
#4871=LINE('',#66,#4874);
#4872=LINE('',#64,#4875);
#4873=LINE('',#108,#4876);
#4874=VECTOR('',#4877,1.0);
#4875=VECTOR('',#4878,1.0);
#4876=VECTOR('',#4879,1.0);
#4877=DIRECTION('',(-0.6507899106838537,0.7592578561675205,-4.625577642418923E-08));
#4878=DIRECTION('',(0,0,1));
#4879=DIRECTION('',(0.0462285994133601,-0.053933576270923135,-0.9974738522622573));
#4880=FACE_SURFACE('',(#4885),#4881,.T.);
#4881=PLANE('',#4882);
#4882=AXIS2_PLACEMENT_3D('',#66,#4883,#4884);
#4883=DIRECTION('',(0.7592578561675214,0.6507899106838545,-0));
#4884=DIRECTION('',(-0.0462285994133601,0.053933576270923135,0.9974738522622573));
#4885=FACE_BOUND('',#4886,.T.);
#4886=EDGE_LOOP('',(#4887,#4888,#4889));
#4887=ORIENTED_EDGE('',*,*,#4890,.T.);
#4888=ORIENTED_EDGE('',*,*,#4891,.T.);
#4889=ORIENTED_EDGE('',*,*,#4892,.T.);
#4890=EDGE_CURVE('',#67,#109,#4893,.F.);
#4891=EDGE_CURVE('',#109,#111,#4894,.T.);
#4892=EDGE_CURVE('',#111,#67,#4895,.T.);
#4893=LINE('',#66,#4896);
#4894=LINE('',#108,#4897);
#4895=LINE('',#110,#4898);
#4896=VECTOR('',#4899,1.0);
#4897=VECTOR('',#4900,1.0);
#4898=VECTOR('',#4901,1.0);
#4899=DIRECTION('',(-0.0462285994133601,0.053933576270923135,0.9974738522622573));
#4900=DIRECTION('',(0.6507899106838546,-0.7592578561675215,0));
#4901=DIRECTION('',(0,0,-1));
#4902=FACE_SURFACE('',(#4907),#4903,.T.);
#4903=PLANE('',#4904);
#4904=AXIS2_PLACEMENT_3D('',#34,#4905,#4906);
#4905=DIRECTION('',(0.5144974762942687,0.8574918931901457,-9.038874948692095E-08));
#4906=DIRECTION('',(-0.8574918931901504,0.5144974762942676,-3.6568440271557904E-08));
#4907=FACE_BOUND('',#4908,.T.);
#4908=EDGE_LOOP('',(#4909,#4910,#4911));
#4909=ORIENTED_EDGE('',*,*,#4912,.T.);
#4910=ORIENTED_EDGE('',*,*,#4913,.T.);
#4911=ORIENTED_EDGE('',*,*,#4914,.T.);
#4912=EDGE_CURVE('',#35,#63,#4915,.F.);
#4913=EDGE_CURVE('',#63,#85,#4916,.T.);
#4914=EDGE_CURVE('',#85,#35,#4917,.T.);
#4915=LINE('',#34,#4918);
#4916=LINE('',#62,#4919);
#4917=LINE('',#84,#4920);
#4918=VECTOR('',#4921,1.0);
#4919=VECTOR('',#4922,1.0);
#4920=VECTOR('',#4923,1.0);
#4921=DIRECTION('',(-0.8574918931901504,0.5144974762942676,-3.6568440271557904E-08));
#4922=DIRECTION('',(0,1.0541061694547947E-07,0.9999999999999944));
#4923=DIRECTION('',(0.07693129710835132,-0.046159093221602575,-0.9959673255876348));
#4924=FACE_SURFACE('',(#4929),#4925,.T.);
#4925=PLANE('',#4926);
#4926=AXIS2_PLACEMENT_3D('',#34,#4927,#4928);
#4927=DIRECTION('',(0.5144974762942658,0.8574918931901474,-9.038874978466905E-08));
#4928=DIRECTION('',(-0.07693129710835132,0.046159093221602575,0.9959673255876348));
#4929=FACE_BOUND('',#4930,.T.);
#4930=EDGE_LOOP('',(#4931,#4932,#4933));
#4931=ORIENTED_EDGE('',*,*,#4934,.T.);
#4932=ORIENTED_EDGE('',*,*,#4935,.T.);
#4933=ORIENTED_EDGE('',*,*,#4936,.T.);
#4934=EDGE_CURVE('',#35,#85,#4937,.F.);
#4935=EDGE_CURVE('',#85,#113,#4938,.T.);
#4936=EDGE_CURVE('',#113,#35,#4939,.T.);
#4937=LINE('',#34,#4940);
#4938=LINE('',#84,#4941);
#4939=LINE('',#112,#4942);
#4940=VECTOR('',#4943,1.0);
#4941=VECTOR('',#4944,1.0);
#4942=VECTOR('',#4945,1.0);
#4943=DIRECTION('',(-0.07693129710835132,0.046159093221602575,0.9959673255876348));
#4944=DIRECTION('',(0.857491893190151,-0.514497476294268,0));
#4945=DIRECTION('',(0,-1.0541061729271067E-07,-0.9999999999999944));
#4946=FACE_SURFACE('',(#4951),#4947,.T.);
#4947=PLANE('',#4948);
#4948=AXIS2_PLACEMENT_3D('',#104,#4949,#4950);
#4949=DIRECTION('',(0.9999935157755603,0.003601167426570357,-3.7960128766137416E-10));
#4950=DIRECTION('',(0,-1.0541061902886667E-07,-0.9999999999999944));
#4951=FACE_BOUND('',#4952,.T.);
#4952=EDGE_LOOP('',(#4953,#4954,#4955));
#4953=ORIENTED_EDGE('',*,*,#4956,.T.);
#4954=ORIENTED_EDGE('',*,*,#4957,.T.);
#4955=ORIENTED_EDGE('',*,*,#4958,.T.);
#4956=EDGE_CURVE('',#105,#55,#4959,.F.);
#4957=EDGE_CURVE('',#55,#57,#4960,.T.);
#4958=EDGE_CURVE('',#57,#105,#4961,.T.);
#4959=LINE('',#104,#4962);
#4960=LINE('',#54,#4963);
#4961=LINE('',#56,#4964);
#4962=VECTOR('',#4965,1.0);
#4963=VECTOR('',#4966,1.0);
#4964=VECTOR('',#4967,1.0);
#4965=DIRECTION('',(0,-1.0541061902886667E-07,-0.9999999999999944));
#4966=DIRECTION('',(-0.0036011674265703703,0.9999935157755595,-4.3002094795691276E-08));
#4967=DIRECTION('',(0.0032638672876202208,-0.9063299694113311,0.42255808324677));
#4968=FACE_SURFACE('',(#4973),#4969,.T.);
#4969=PLANE('',#4970);
#4970=AXIS2_PLACEMENT_3D('',#114,#4971,#4972);
#4971=DIRECTION('',(0.9999935157749229,0.003601167603549512,-0));
#4972=DIRECTION('',(0,0,1));
#4973=FACE_BOUND('',#4974,.T.);
#4974=EDGE_LOOP('',(#4975,#4976,#4977));
#4975=ORIENTED_EDGE('',*,*,#4978,.T.);
#4976=ORIENTED_EDGE('',*,*,#4979,.T.);
#4977=ORIENTED_EDGE('',*,*,#4980,.T.);
#4978=EDGE_CURVE('',#115,#117,#4981,.F.);
#4979=EDGE_CURVE('',#117,#107,#4982,.T.);
#4980=EDGE_CURVE('',#107,#115,#4983,.T.);
#4981=LINE('',#114,#4984);
#4982=LINE('',#116,#4985);
#4983=LINE('',#106,#4986);
#4984=VECTOR('',#4987,1.0);
#4985=VECTOR('',#4988,1.0);
#4986=VECTOR('',#4989,1.0);
#4987=DIRECTION('',(0,0,1));
#4988=DIRECTION('',(0.003601167603549495,-0.9999935157749182,9.829050722063145E-08));
#4989=DIRECTION('',(-0.0032638672338678397,0.9063299544850522,-0.4225581152620345));
#4990=FACE_SURFACE('',(#4995),#4991,.T.);
#4991=PLANE('',#4992);
#4992=AXIS2_PLACEMENT_3D('',#104,#4993,#4994);
#4993=DIRECTION('',(0.9999935157749229,0.0036011676035495118,0));
#4994=DIRECTION('',(-0.0032638672876202208,0.9063299694113311,-0.42255808324677));
#4995=FACE_BOUND('',#4996,.T.);
#4996=EDGE_LOOP('',(#4997,#4998,#4999));
#4997=ORIENTED_EDGE('',*,*,#5000,.T.);
#4998=ORIENTED_EDGE('',*,*,#5001,.T.);
#4999=ORIENTED_EDGE('',*,*,#5002,.T.);
#5000=EDGE_CURVE('',#105,#57,#5003,.F.);
#5001=EDGE_CURVE('',#57,#115,#5004,.T.);
#5002=EDGE_CURVE('',#115,#105,#5005,.T.);
#5003=LINE('',#104,#5006);
#5004=LINE('',#56,#5007);
#5005=LINE('',#114,#5008);
#5006=VECTOR('',#5009,1.0);
#5007=VECTOR('',#5010,1.0);
#5008=VECTOR('',#5011,1.0);
#5009=DIRECTION('',(-0.0032638672876202208,0.9063299694113311,-0.42255808324677));
#5010=DIRECTION('',(0,0,1));
#5011=DIRECTION('',(0.0036011676035495083,-0.9999935157749219,4.9145253610315904E-08));
#5012=FACE_SURFACE('',(#5017),#5013,.T.);
#5013=PLANE('',#5014);
#5014=AXIS2_PLACEMENT_3D('',#114,#5015,#5016);
#5015=DIRECTION('',(0.9999935157749229,0.003601167603549512,0));
#5016=DIRECTION('',(0.0032638672338678397,-0.9063299544850522,0.4225581152620345));
#5017=FACE_BOUND('',#5018,.T.);
#5018=EDGE_LOOP('',(#5019,#5020,#5021));
#5019=ORIENTED_EDGE('',*,*,#5022,.T.);
#5020=ORIENTED_EDGE('',*,*,#5023,.T.);
#5021=ORIENTED_EDGE('',*,*,#5024,.T.);
#5022=EDGE_CURVE('',#115,#107,#5025,.F.);
#5023=EDGE_CURVE('',#107,#105,#5026,.T.);
#5024=EDGE_CURVE('',#105,#115,#5027,.T.);
#5025=LINE('',#114,#5028);
#5026=LINE('',#106,#5029);
#5027=LINE('',#104,#5030);
#5028=VECTOR('',#5031,1.0);
#5029=VECTOR('',#5032,1.0);
#5030=VECTOR('',#5033,1.0);
#5031=DIRECTION('',(0.0032638672338678397,-0.9063299544850522,0.4225581152620345));
#5032=DIRECTION('',(0,0,-1));
#5033=DIRECTION('',(-0.0036011676035495083,0.9999935157749219,-4.9145253610315904E-08));
#5034=FACE_SURFACE('',(#5039),#5035,.T.);
#5035=PLANE('',#5036);
#5036=AXIS2_PLACEMENT_3D('',#64,#5037,#5038);
#5037=DIRECTION('',(-0.00228302758345499,0.9999973938891307,0));
#5038=DIRECTION('',(-0.9999973938891307,-0.00228302758345499,9.736422837350352E-10));
#5039=FACE_BOUND('',#5040,.T.);
#5040=EDGE_LOOP('',(#5041,#5042,#5043));
#5041=ORIENTED_EDGE('',*,*,#5044,.T.);
#5042=ORIENTED_EDGE('',*,*,#5045,.T.);
#5043=ORIENTED_EDGE('',*,*,#5046,.T.);
#5044=EDGE_CURVE('',#65,#61,#5047,.F.);
#5045=EDGE_CURVE('',#61,#119,#5048,.T.);
#5046=EDGE_CURVE('',#119,#65,#5049,.T.);
#5047=LINE('',#64,#5050);
#5048=LINE('',#60,#5051);
#5049=LINE('',#118,#5052);
#5050=VECTOR('',#5053,1.0);
#5051=VECTOR('',#5054,1.0);
#5052=VECTOR('',#5055,1.0);
#5053=DIRECTION('',(-0.9999973938891307,-0.00228302758345499,9.736422837350352E-10));
#5054=DIRECTION('',(0,0,1));
#5055=DIRECTION('',(0.9589842839787388,0.002189393278224914,-0.2834507887427001));
#5056=FACE_SURFACE('',(#5061),#5057,.T.);
#5057=PLANE('',#5058);
#5058=AXIS2_PLACEMENT_3D('',#64,#5059,#5060);
#5059=DIRECTION('',(-0.0022830275834549905,0.9999973938891306,0));
#5060=DIRECTION('',(-0.9589842839787388,-0.002189393278224914,0.2834507887427001));
#5061=FACE_BOUND('',#5062,.T.);
#5062=EDGE_LOOP('',(#5063,#5064,#5065));
#5063=ORIENTED_EDGE('',*,*,#5066,.T.);
#5064=ORIENTED_EDGE('',*,*,#5067,.T.);
#5065=ORIENTED_EDGE('',*,*,#5068,.T.);
#5066=EDGE_CURVE('',#65,#119,#5069,.F.);
#5067=EDGE_CURVE('',#119,#109,#5070,.T.);
#5068=EDGE_CURVE('',#109,#65,#5071,.T.);
#5069=LINE('',#64,#5072);
#5070=LINE('',#118,#5073);
#5071=LINE('',#108,#5074);
#5072=VECTOR('',#5075,1.0);
#5073=VECTOR('',#5076,1.0);
#5074=VECTOR('',#5077,1.0);
#5075=DIRECTION('',(-0.9589842839787388,-0.002189393278224914,0.2834507887427001));
#5076=DIRECTION('',(0.9999973938891307,0.00228302758345499,0));
#5077=DIRECTION('',(0,0,-1));
#5078=FACE_SURFACE('',(#5083),#5079,.T.);
#5079=PLANE('',#5080);
#5080=AXIS2_PLACEMENT_3D('',#38,#5081,#5082);
#5081=DIRECTION('',(0.9958932419124512,0.09053535614945088,0));
#5082=DIRECTION('',(-0.09053535614945081,0.9958932419124504,-3.86095401030369E-08));
#5083=FACE_BOUND('',#5084,.T.);
#5084=EDGE_LOOP('',(#5085,#5086,#5087));
#5085=ORIENTED_EDGE('',*,*,#5088,.T.);
#5086=ORIENTED_EDGE('',*,*,#5089,.T.);
#5087=ORIENTED_EDGE('',*,*,#5090,.T.);
#5088=EDGE_CURVE('',#39,#37,#5091,.F.);
#5089=EDGE_CURVE('',#37,#121,#5092,.T.);
#5090=EDGE_CURVE('',#121,#39,#5093,.T.);
#5091=LINE('',#38,#5094);
#5092=LINE('',#36,#5095);
#5093=LINE('',#120,#5096);
#5094=VECTOR('',#5097,1.0);
#5095=VECTOR('',#5098,1.0);
#5096=VECTOR('',#5099,1.0);
#5097=DIRECTION('',(-0.09053535614945081,0.9958932419124504,-3.86095401030369E-08));
#5098=DIRECTION('',(0,0,1));
#5099=DIRECTION('',(0.015228449494038043,-0.16751367179560778,-0.9857521311605473));
#5100=FACE_SURFACE('',(#5105),#5101,.T.);
#5101=PLANE('',#5102);
#5102=AXIS2_PLACEMENT_3D('',#38,#5103,#5104);
#5103=DIRECTION('',(0.9958932368489439,0.0905354118482558,-9.543393712647925E-09));
#5104=DIRECTION('',(-0.015228449494038043,0.16751367179560778,0.9857521311605473));
#5105=FACE_BOUND('',#5106,.T.);
#5106=EDGE_LOOP('',(#5107,#5108,#5109));
#5107=ORIENTED_EDGE('',*,*,#5110,.T.);
#5108=ORIENTED_EDGE('',*,*,#5111,.T.);
#5109=ORIENTED_EDGE('',*,*,#5112,.T.);
#5110=EDGE_CURVE('',#39,#121,#5113,.F.);
#5111=EDGE_CURVE('',#121,#123,#5114,.T.);
#5112=EDGE_CURVE('',#123,#39,#5115,.T.);
#5113=LINE('',#38,#5116);
#5114=LINE('',#120,#5117);
#5115=LINE('',#122,#5118);
#5116=VECTOR('',#5119,1.0);
#5117=VECTOR('',#5120,1.0);
#5118=VECTOR('',#5121,1.0);
#5119=DIRECTION('',(-0.015228449494038043,0.16751367179560778,0.9857521311605473));
#5120=DIRECTION('',(0.0905354118482558,-0.9958932368489439,0));
#5121=DIRECTION('',(0,-1.0541061798717306E-07,-0.9999999999999944));
#5122=FACE_SURFACE('',(#5127),#5123,.T.);
#5123=PLANE('',#5124);
#5124=AXIS2_PLACEMENT_3D('',#124,#5125,#5126);
#5125=DIRECTION('',(-0.9999860355310247,-0.0052847651739866995,-0));
#5126=DIRECTION('',(0,0,-1));
#5127=FACE_BOUND('',#5128,.T.);
#5128=EDGE_LOOP('',(#5129,#5130,#5131));
#5129=ORIENTED_EDGE('',*,*,#5132,.T.);
#5130=ORIENTED_EDGE('',*,*,#5133,.T.);
#5131=ORIENTED_EDGE('',*,*,#5134,.T.);
#5132=EDGE_CURVE('',#125,#59,#5135,.F.);
#5133=EDGE_CURVE('',#59,#57,#5136,.T.);
#5134=EDGE_CURVE('',#57,#125,#5137,.T.);
#5135=LINE('',#124,#5138);
#5136=LINE('',#58,#5139);
#5137=LINE('',#56,#5140);
#5138=VECTOR('',#5141,1.0);
#5139=VECTOR('',#5142,1.0);
#5140=VECTOR('',#5143,1.0);
#5141=DIRECTION('',(0,0,-1));
#5142=DIRECTION('',(0.005284765173986694,-0.9999860355310237,4.507339292769765E-08));
#5143=DIRECTION('',(-0.003118257738223122,0.5900383632481014,0.8073691883916426));
#5144=FACE_SURFACE('',(#5149),#5145,.T.);
#5145=PLANE('',#5146);
#5146=AXIS2_PLACEMENT_3D('',#114,#5147,#5148);
#5147=DIRECTION('',(-0.9999860355310247,-0.0052847651739866995,0));
#5148=DIRECTION('',(0,0,1));
#5149=FACE_BOUND('',#5150,.T.);
#5150=EDGE_LOOP('',(#5151,#5152,#5153));
#5151=ORIENTED_EDGE('',*,*,#5154,.T.);
#5152=ORIENTED_EDGE('',*,*,#5155,.T.);
#5153=ORIENTED_EDGE('',*,*,#5156,.T.);
#5154=EDGE_CURVE('',#115,#117,#5157,.F.);
#5155=EDGE_CURVE('',#117,#125,#5158,.T.);
#5156=EDGE_CURVE('',#125,#115,#5159,.T.);
#5157=LINE('',#114,#5160);
#5158=LINE('',#116,#5161);
#5159=LINE('',#124,#5162);
#5160=VECTOR('',#5163,1.0);
#5161=VECTOR('',#5164,1.0);
#5162=VECTOR('',#5165,1.0);
#5163=DIRECTION('',(0,0,1));
#5164=DIRECTION('',(-0.0052847651739866995,0.9999860355310247,0));
#5165=DIRECTION('',(0.004361663604080045,-0.8253162727519409,-0.5646538991465911));
#5166=FACE_SURFACE('',(#5171),#5167,.T.);
#5167=PLANE('',#5168);
#5168=AXIS2_PLACEMENT_3D('',#56,#5169,#5170);
#5169=DIRECTION('',(-0.9999860355310247,-0.0052847651739866995,0));
#5170=DIRECTION('',(0,0,1));
#5171=FACE_BOUND('',#5172,.T.);
#5172=EDGE_LOOP('',(#5173,#5174,#5175));
#5173=ORIENTED_EDGE('',*,*,#5176,.T.);
#5174=ORIENTED_EDGE('',*,*,#5177,.T.);
#5175=ORIENTED_EDGE('',*,*,#5178,.T.);
#5176=EDGE_CURVE('',#57,#115,#5179,.F.);
#5177=EDGE_CURVE('',#115,#125,#5180,.T.);
#5178=EDGE_CURVE('',#125,#57,#5181,.T.);
#5179=LINE('',#56,#5182);
#5180=LINE('',#114,#5183);
#5181=LINE('',#124,#5184);
#5182=VECTOR('',#5185,1.0);
#5183=VECTOR('',#5186,1.0);
#5184=VECTOR('',#5187,1.0);
#5185=DIRECTION('',(0,0,1));
#5186=DIRECTION('',(-0.004361663604080045,0.8253162727519409,0.5646538991465911));
#5187=DIRECTION('',(0.003118257738223122,-0.5900383632481014,-0.8073691883916426));
#5188=FACE_SURFACE('',(#5193),#5189,.T.);
#5189=PLANE('',#5190);
#5190=AXIS2_PLACEMENT_3D('',#60,#5191,#5192);
#5191=DIRECTION('',(-0.6246947876468073,0.7808690173690529,0));
#5192=DIRECTION('',(-0.780869017369053,-0.6246947876468074,0));
#5193=FACE_BOUND('',#5194,.T.);
#5194=EDGE_LOOP('',(#5195,#5196,#5197));
#5195=ORIENTED_EDGE('',*,*,#5198,.T.);
#5196=ORIENTED_EDGE('',*,*,#5199,.T.);
#5197=ORIENTED_EDGE('',*,*,#5200,.T.);
#5198=EDGE_CURVE('',#61,#59,#5201,.F.);
#5199=EDGE_CURVE('',#59,#125,#5202,.T.);
#5200=EDGE_CURVE('',#125,#61,#5203,.T.);
#5201=LINE('',#60,#5204);
#5202=LINE('',#58,#5205);
#5203=LINE('',#124,#5206);
#5204=VECTOR('',#5207,1.0);
#5205=VECTOR('',#5208,1.0);
#5206=VECTOR('',#5209,1.0);
#5207=DIRECTION('',(-0.780869017369053,-0.6246947876468074,0));
#5208=DIRECTION('',(0,0,1));
#5209=DIRECTION('',(0.07686794574536705,0.061494314636834566,-0.9951430893013493));
#5210=FACE_SURFACE('',(#5215),#5211,.T.);
#5211=PLANE('',#5212);
#5212=AXIS2_PLACEMENT_3D('',#60,#5213,#5214);
#5213=DIRECTION('',(-0.6246947876468073,0.7808690173690529,0));
#5214=DIRECTION('',(-0.07686794574536705,-0.061494314636834566,0.9951430893013493));
#5215=FACE_BOUND('',#5216,.T.);
#5216=EDGE_LOOP('',(#5217,#5218,#5219));
#5217=ORIENTED_EDGE('',*,*,#5220,.T.);
#5218=ORIENTED_EDGE('',*,*,#5221,.T.);
#5219=ORIENTED_EDGE('',*,*,#5222,.T.);
#5220=EDGE_CURVE('',#61,#125,#5223,.F.);
#5221=EDGE_CURVE('',#125,#119,#5224,.T.);
#5222=EDGE_CURVE('',#119,#61,#5225,.T.);
#5223=LINE('',#60,#5226);
#5224=LINE('',#124,#5227);
#5225=LINE('',#118,#5228);
#5226=VECTOR('',#5229,1.0);
#5227=VECTOR('',#5230,1.0);
#5228=VECTOR('',#5231,1.0);
#5229=DIRECTION('',(-0.07686794574536705,-0.061494314636834566,0.9951430893013493));
#5230=DIRECTION('',(0.780869017369053,0.6246947876468074,0));
#5231=DIRECTION('',(0,0,-1));
#5232=FACE_SURFACE('',(#5237),#5233,.T.);
#5233=PLANE('',#5234);
#5234=AXIS2_PLACEMENT_3D('',#36,#5235,#5236);
#5235=DIRECTION('',(0.033314709131320244,0.999444911015852,-1.0535210502023983E-07));
#5236=DIRECTION('',(-0.9994449110158576,0.03331470913132044,0));
#5237=FACE_BOUND('',#5238,.T.);
#5238=EDGE_LOOP('',(#5239,#5240,#5241));
#5239=ORIENTED_EDGE('',*,*,#5242,.T.);
#5240=ORIENTED_EDGE('',*,*,#5243,.T.);
#5241=ORIENTED_EDGE('',*,*,#5244,.T.);
#5242=EDGE_CURVE('',#37,#35,#5245,.F.);
#5243=EDGE_CURVE('',#35,#113,#5246,.T.);
#5244=EDGE_CURVE('',#113,#37,#5247,.T.);
#5245=LINE('',#36,#5248);
#5246=LINE('',#34,#5249);
#5247=LINE('',#112,#5250);
#5248=VECTOR('',#5251,1.0);
#5249=VECTOR('',#5252,1.0);
#5250=VECTOR('',#5253,1.0);
#5251=DIRECTION('',(-0.9994449110158576,0.03331470913132044,0));
#5252=DIRECTION('',(0,1.0541061729271067E-07,0.9999999999999944));
#5253=DIRECTION('',(0.2257409439805717,-0.0075247734362131535,-0.9741583054080554));
#5254=FACE_SURFACE('',(#5259),#5255,.T.);
#5255=PLANE('',#5256);
#5256=AXIS2_PLACEMENT_3D('',#36,#5257,#5258);
#5257=DIRECTION('',(0.03331516326125553,0.9994448958781449,-0));
#5258=DIRECTION('',(-0.2257409439805717,0.0075247734362131535,0.9741583054080554));
#5259=FACE_BOUND('',#5260,.T.);
#5260=EDGE_LOOP('',(#5261,#5262,#5263));
#5261=ORIENTED_EDGE('',*,*,#5264,.T.);
#5262=ORIENTED_EDGE('',*,*,#5265,.T.);
#5263=ORIENTED_EDGE('',*,*,#5266,.T.);
#5264=EDGE_CURVE('',#37,#113,#5267,.F.);
#5265=EDGE_CURVE('',#113,#121,#5268,.T.);
#5266=EDGE_CURVE('',#121,#37,#5269,.T.);
#5267=LINE('',#36,#5270);
#5268=LINE('',#112,#5271);
#5269=LINE('',#120,#5272);
#5270=VECTOR('',#5273,1.0);
#5271=VECTOR('',#5274,1.0);
#5272=VECTOR('',#5275,1.0);
#5273=DIRECTION('',(-0.2257409439805717,0.0075247734362131535,0.9741583054080554));
#5274=DIRECTION('',(0.9994448958781449,-0.03331516326125553,0));
#5275=DIRECTION('',(0,0,-1));
#5276=FACE_SURFACE('',(#5281),#5277,.T.);
#5277=PLANE('',#5278);
#5278=AXIS2_PLACEMENT_3D('',#126,#5279,#5280);
#5279=DIRECTION('',(-0.9999983914973982,-0.0017936004616602194,-0));
#5280=DIRECTION('',(0,0,-1));
#5281=FACE_BOUND('',#5282,.T.);
#5282=EDGE_LOOP('',(#5283,#5284,#5285));
#5283=ORIENTED_EDGE('',*,*,#5286,.T.);
#5284=ORIENTED_EDGE('',*,*,#5287,.T.);
#5285=ORIENTED_EDGE('',*,*,#5288,.T.);
#5286=EDGE_CURVE('',#127,#69,#5289,.F.);
#5287=EDGE_CURVE('',#69,#71,#5290,.T.);
#5288=EDGE_CURVE('',#71,#127,#5291,.T.);
#5289=LINE('',#126,#5292);
#5290=LINE('',#68,#5293);
#5291=LINE('',#70,#5294);
#5292=VECTOR('',#5295,1.0);
#5293=VECTOR('',#5296,1.0);
#5294=VECTOR('',#5297,1.0);
#5295=DIRECTION('',(0,0,-1));
#5296=DIRECTION('',(0.0017936004616602179,-0.9999983914973974,4.283298045722409E-08));
#5297=DIRECTION('',(-0.0013141978686769134,0.7327137692470022,0.6805356752146158));
#5298=FACE_SURFACE('',(#5303),#5299,.T.);
#5299=PLANE('',#5300);
#5300=AXIS2_PLACEMENT_3D('',#100,#5301,#5302);
#5301=DIRECTION('',(-0.9999983914972408,-0.0017936005494603722,0));
#5302=DIRECTION('',(0,0,1));
#5303=FACE_BOUND('',#5304,.T.);
#5304=EDGE_LOOP('',(#5305,#5306,#5307));
#5305=ORIENTED_EDGE('',*,*,#5308,.T.);
#5306=ORIENTED_EDGE('',*,*,#5309,.T.);
#5307=ORIENTED_EDGE('',*,*,#5310,.T.);
#5308=EDGE_CURVE('',#101,#103,#5311,.F.);
#5309=EDGE_CURVE('',#103,#127,#5312,.T.);
#5310=EDGE_CURVE('',#127,#101,#5313,.T.);
#5311=LINE('',#100,#5314);
#5312=LINE('',#102,#5315);
#5313=LINE('',#126,#5316);
#5314=VECTOR('',#5317,1.0);
#5315=VECTOR('',#5318,1.0);
#5316=VECTOR('',#5319,1.0);
#5317=DIRECTION('',(0,0,1));
#5318=DIRECTION('',(-0.0017936005494603637,0.999998391497236,-9.79039601233823E-08));
#5319=DIRECTION('',(0.001626744997920527,-0.9069702737246238,-0.4211914959737349));
#5320=FACE_SURFACE('',(#5325),#5321,.T.);
#5321=PLANE('',#5322);
#5322=AXIS2_PLACEMENT_3D('',#70,#5323,#5324);
#5323=DIRECTION('',(-0.9999983914970835,-0.0017936006372605224,1.8906455346420244E-10));
#5324=DIRECTION('',(0,1.0541061902886667E-07,0.9999999999999944));
#5325=FACE_BOUND('',#5326,.T.);
#5326=EDGE_LOOP('',(#5327,#5328,#5329));
#5327=ORIENTED_EDGE('',*,*,#5330,.T.);
#5328=ORIENTED_EDGE('',*,*,#5331,.T.);
#5329=ORIENTED_EDGE('',*,*,#5332,.T.);
#5330=EDGE_CURVE('',#71,#101,#5333,.F.);
#5331=EDGE_CURVE('',#101,#127,#5334,.T.);
#5332=EDGE_CURVE('',#127,#71,#5335,.T.);
#5333=LINE('',#70,#5336);
#5334=LINE('',#100,#5337);
#5335=LINE('',#126,#5338);
#5336=VECTOR('',#5339,1.0);
#5337=VECTOR('',#5340,1.0);
#5338=VECTOR('',#5341,1.0);
#5339=DIRECTION('',(0,1.0541061902886667E-07,0.9999999999999944));
#5340=DIRECTION('',(-0.001626744997920527,0.9069702737246238,0.4211914959737349));
#5341=DIRECTION('',(0.0013141978686769134,-0.7327137692470022,-0.6805356752146158));
#5342=FACE_SURFACE('',(#5347),#5343,.T.);
#5343=PLANE('',#5344);
#5344=AXIS2_PLACEMENT_3D('',#44,#5345,#5346);
#5345=DIRECTION('',(0.0023869264543307394,-0.9999971512869876,1.0541031804980475E-07));
#5346=DIRECTION('',(0.9999971512869932,0.0023869264543307524,0));
#5347=FACE_BOUND('',#5348,.T.);
#5348=EDGE_LOOP('',(#5349,#5350,#5351));
#5349=ORIENTED_EDGE('',*,*,#5352,.T.);
#5350=ORIENTED_EDGE('',*,*,#5353,.T.);
#5351=ORIENTED_EDGE('',*,*,#5354,.T.);
#5352=EDGE_CURVE('',#45,#43,#5355,.F.);
#5353=EDGE_CURVE('',#43,#81,#5356,.T.);
#5354=EDGE_CURVE('',#81,#45,#5357,.T.);
#5355=LINE('',#44,#5358);
#5356=LINE('',#42,#5359);
#5357=LINE('',#80,#5360);
#5358=VECTOR('',#5361,1.0);
#5359=VECTOR('',#5362,1.0);
#5360=VECTOR('',#5363,1.0);
#5361=DIRECTION('',(0.9999971512869932,0.0023869264543307524,0));
#5362=DIRECTION('',(0,1.0541061833440426E-07,0.9999999999999944));
#5363=DIRECTION('',(-0.9582042230505431,-0.0022871996795806476,-0.2860759263652409));
#5364=FACE_SURFACE('',(#5369),#5365,.T.);
#5365=PLANE('',#5366);
#5366=AXIS2_PLACEMENT_3D('',#44,#5367,#5368);
#5367=DIRECTION('',(0.002386957924848048,-0.9999971512118748,0));
#5368=DIRECTION('',(0.9582042230505431,0.0022871996795806476,0.2860759263652409));
#5369=FACE_BOUND('',#5370,.T.);
#5370=EDGE_LOOP('',(#5371,#5372,#5373));
#5371=ORIENTED_EDGE('',*,*,#5374,.T.);
#5372=ORIENTED_EDGE('',*,*,#5375,.T.);
#5373=ORIENTED_EDGE('',*,*,#5376,.T.);
#5374=EDGE_CURVE('',#45,#81,#5377,.F.);
#5375=EDGE_CURVE('',#81,#91,#5378,.T.);
#5376=EDGE_CURVE('',#91,#45,#5379,.T.);
#5377=LINE('',#44,#5380);
#5378=LINE('',#80,#5381);
#5379=LINE('',#90,#5382);
#5380=VECTOR('',#5383,1.0);
#5381=VECTOR('',#5384,1.0);
#5382=VECTOR('',#5385,1.0);
#5383=DIRECTION('',(0.9582042230505431,0.0022871996795806476,0.2860759263652409));
#5384=DIRECTION('',(-0.9999971512118747,-0.002386957924848048,0));
#5385=DIRECTION('',(0,0,-1));
#5386=FACE_SURFACE('',(#5391),#5387,.T.);
#5387=PLANE('',#5388);
#5388=AXIS2_PLACEMENT_3D('',#40,#5389,#5390);
#5389=DIRECTION('',(0.7071079873892501,-0.7071055749817836,7.453643564100555E-08));
#5390=DIRECTION('',(0.7071055749817875,0.7071079873892461,-7.538773307875781E-08));
#5391=FACE_BOUND('',#5392,.T.);
#5392=EDGE_LOOP('',(#5393,#5394,#5395));
#5393=ORIENTED_EDGE('',*,*,#5396,.T.);
#5394=ORIENTED_EDGE('',*,*,#5397,.T.);
#5395=ORIENTED_EDGE('',*,*,#5398,.T.);
#5396=EDGE_CURVE('',#41,#39,#5399,.F.);
#5397=EDGE_CURVE('',#39,#123,#5400,.T.);
#5398=EDGE_CURVE('',#123,#41,#5401,.T.);
#5399=LINE('',#40,#5402);
#5400=LINE('',#38,#5403);
#5401=LINE('',#122,#5404);
#5402=VECTOR('',#5405,1.0);
#5403=VECTOR('',#5406,1.0);
#5404=VECTOR('',#5407,1.0);
#5405=DIRECTION('',(0.7071055749817875,0.7071079873892461,-7.538773307875781E-08));
#5406=DIRECTION('',(0,1.0541061798717306E-07,0.9999999999999944));
#5407=DIRECTION('',(-0.030867663757216182,-0.030867874377482545,-0.9990467264675799));
#5408=FACE_SURFACE('',(#5413),#5409,.T.);
#5409=PLANE('',#5410);
#5410=AXIS2_PLACEMENT_3D('',#40,#5411,#5412);
#5411=DIRECTION('',(0.7071079873892461,-0.7071055749817875,7.453643588653509E-08));
#5412=DIRECTION('',(0.030867663757216182,0.030867874377482545,0.9990467264675799));
#5413=FACE_BOUND('',#5414,.T.);
#5414=EDGE_LOOP('',(#5415,#5416,#5417));
#5415=ORIENTED_EDGE('',*,*,#5418,.T.);
#5416=ORIENTED_EDGE('',*,*,#5419,.T.);
#5417=ORIENTED_EDGE('',*,*,#5420,.T.);
#5418=EDGE_CURVE('',#41,#123,#5421,.F.);
#5419=EDGE_CURVE('',#123,#79,#5422,.T.);
#5420=EDGE_CURVE('',#79,#41,#5423,.T.);
#5421=LINE('',#40,#5424);
#5422=LINE('',#122,#5425);
#5423=LINE('',#78,#5426);
#5424=VECTOR('',#5427,1.0);
#5425=VECTOR('',#5428,1.0);
#5426=VECTOR('',#5429,1.0);
#5427=DIRECTION('',(0.030867663757216182,0.030867874377482545,0.9990467264675799));
#5428=DIRECTION('',(-0.7071055749817895,-0.707107987389248,0));
#5429=DIRECTION('',(0,-1.0541061833440426E-07,-0.9999999999999944));
#5430=FACE_SURFACE('',(#5435),#5431,.T.);
#5431=PLANE('',#5432);
#5432=AXIS2_PLACEMENT_3D('',#48,#5433,#5434);
#5433=DIRECTION('',(-0.5233324008727825,-0.8521286277298334,0));
#5434=DIRECTION('',(0.8521286277298336,-0.5233324008727827,0));
#5435=FACE_BOUND('',#5436,.T.);
#5436=EDGE_LOOP('',(#5437,#5438,#5439));
#5437=ORIENTED_EDGE('',*,*,#5440,.T.);
#5438=ORIENTED_EDGE('',*,*,#5441,.T.);
#5439=ORIENTED_EDGE('',*,*,#5442,.T.);
#5440=EDGE_CURVE('',#49,#47,#5443,.F.);
#5441=EDGE_CURVE('',#47,#93,#5444,.T.);
#5442=EDGE_CURVE('',#93,#49,#5445,.T.);
#5443=LINE('',#48,#5446);
#5444=LINE('',#46,#5447);
#5445=LINE('',#92,#5448);
#5446=VECTOR('',#5449,1.0);
#5447=VECTOR('',#5450,1.0);
#5448=VECTOR('',#5451,1.0);
#5449=DIRECTION('',(0.8521286277298336,-0.5233324008727827,0));
#5450=DIRECTION('',(0,0,1));
#5451=DIRECTION('',(-0.017845686909879598,0.010959878440713847,-0.9997806822114935));
#5452=FACE_SURFACE('',(#5457),#5453,.T.);
#5453=PLANE('',#5454);
#5454=AXIS2_PLACEMENT_3D('',#48,#5455,#5456);
#5455=DIRECTION('',(-0.5233360548815453,-0.8521263836198314,8.982316899642669E-08));
#5456=DIRECTION('',(0.017845686909879598,-0.010959878440713847,0.9997806822114935));
#5457=FACE_BOUND('',#5458,.T.);
#5458=EDGE_LOOP('',(#5459,#5460,#5461));
#5459=ORIENTED_EDGE('',*,*,#5462,.T.);
#5460=ORIENTED_EDGE('',*,*,#5463,.T.);
#5461=ORIENTED_EDGE('',*,*,#5464,.T.);
#5462=EDGE_CURVE('',#49,#93,#5465,.F.);
#5463=EDGE_CURVE('',#93,#99,#5466,.T.);
#5464=EDGE_CURVE('',#99,#49,#5467,.T.);
#5465=LINE('',#48,#5468);
#5466=LINE('',#92,#5469);
#5467=LINE('',#98,#5470);
#5468=VECTOR('',#5471,1.0);
#5469=VECTOR('',#5472,1.0);
#5470=VECTOR('',#5473,1.0);
#5471=DIRECTION('',(0.017845686909879598,-0.010959878440713847,0.9997806822114935));
#5472=DIRECTION('',(-0.8521263836198348,0.5233360548815476,0));
#5473=DIRECTION('',(0,-1.0541061833440426E-07,-0.9999999999999944));
#5474=FACE_SURFACE('',(#5479),#5475,.T.);
#5475=PLANE('',#5476);
#5476=AXIS2_PLACEMENT_3D('',#96,#5477,#5478);
#5477=DIRECTION('',(NaN,NaN,NaN));
#5478=DIRECTION('',(0.9995677513435365,0.029399157709466474,0));
#5479=FACE_BOUND('',#5480,.T.);
#5480=EDGE_LOOP('',(#5481,#5482,#5483));
#5481=ORIENTED_EDGE('',*,*,#5484,.T.);
#5482=ORIENTED_EDGE('',*,*,#5485,.T.);
#5483=ORIENTED_EDGE('',*,*,#5486,.T.);
#5484=EDGE_CURVE('',#97,#95,#5487,.F.);
#5485=EDGE_CURVE('',#95,#95,#5488,.T.);
#5486=EDGE_CURVE('',#95,#97,#5489,.T.);
#5487=LINE('',#96,#5490);
#5488=LINE('',#94,#5491);
#5489=LINE('',#94,#5492);
#5490=VECTOR('',#5493,1.0);
#5491=VECTOR('',#5494,1.0);
#5492=VECTOR('',#5495,1.0);
#5493=DIRECTION('',(0.9995677513435365,0.029399157709466474,0));
#5494=DIRECTION('',(NaN,NaN,NaN));
#5495=DIRECTION('',(-0.9995677513435365,-0.029399157709466474,0));
#5496=FACE_SURFACE('',(#5501),#5497,.T.);
#5497=PLANE('',#5498);
#5498=AXIS2_PLACEMENT_3D('',#96,#5499,#5500);
#5499=DIRECTION('',(NaN,NaN,NaN));
#5500=DIRECTION('',(0.9995677513435365,0.029399157709466474,0));
#5501=FACE_BOUND('',#5502,.T.);
#5502=EDGE_LOOP('',(#5503,#5504,#5505));
#5503=ORIENTED_EDGE('',*,*,#5506,.T.);
#5504=ORIENTED_EDGE('',*,*,#5507,.T.);
#5505=ORIENTED_EDGE('',*,*,#5508,.T.);
#5506=EDGE_CURVE('',#97,#95,#5509,.F.);
#5507=EDGE_CURVE('',#95,#97,#5510,.T.);
#5508=EDGE_CURVE('',#97,#97,#5511,.T.);
#5509=LINE('',#96,#5512);
#5510=LINE('',#94,#5513);
#5511=LINE('',#96,#5514);
#5512=VECTOR('',#5515,1.0);
#5513=VECTOR('',#5516,1.0);
#5514=VECTOR('',#5517,1.0);
#5515=DIRECTION('',(0.9995677513435365,0.029399157709466474,0));
#5516=DIRECTION('',(-0.9995677513435365,-0.029399157709466474,0));
#5517=DIRECTION('',(NaN,NaN,NaN));
#5518=FACE_SURFACE('',(#5523),#5519,.T.);
#5519=PLANE('',#5520);
#5520=AXIS2_PLACEMENT_3D('',#86,#5521,#5522);
#5521=DIRECTION('',(NaN,NaN,NaN));
#5522=DIRECTION('',(0.4419971592873076,-0.897016449783364,0));
#5523=FACE_BOUND('',#5524,.T.);
#5524=EDGE_LOOP('',(#5525,#5526,#5527));
#5525=ORIENTED_EDGE('',*,*,#5528,.T.);
#5526=ORIENTED_EDGE('',*,*,#5529,.T.);
#5527=ORIENTED_EDGE('',*,*,#5530,.T.);
#5528=EDGE_CURVE('',#87,#99,#5531,.F.);
#5529=EDGE_CURVE('',#99,#99,#5532,.T.);
#5530=EDGE_CURVE('',#99,#87,#5533,.T.);
#5531=LINE('',#86,#5534);
#5532=LINE('',#98,#5535);
#5533=LINE('',#98,#5536);
#5534=VECTOR('',#5537,1.0);
#5535=VECTOR('',#5538,1.0);
#5536=VECTOR('',#5539,1.0);
#5537=DIRECTION('',(0.4419971592873076,-0.897016449783364,0));
#5538=DIRECTION('',(NaN,NaN,NaN));
#5539=DIRECTION('',(-0.4419971592873076,0.897016449783364,0));
#5540=FACE_SURFACE('',(#5545),#5541,.T.);
#5541=PLANE('',#5542);
#5542=AXIS2_PLACEMENT_3D('',#86,#5543,#5544);
#5543=DIRECTION('',(NaN,NaN,NaN));
#5544=DIRECTION('',(0.4419971592873076,-0.897016449783364,0));
#5545=FACE_BOUND('',#5546,.T.);
#5546=EDGE_LOOP('',(#5547,#5548,#5549));
#5547=ORIENTED_EDGE('',*,*,#5550,.T.);
#5548=ORIENTED_EDGE('',*,*,#5551,.T.);
#5549=ORIENTED_EDGE('',*,*,#5552,.T.);
#5550=EDGE_CURVE('',#87,#99,#5553,.F.);
#5551=EDGE_CURVE('',#99,#87,#5554,.T.);
#5552=EDGE_CURVE('',#87,#87,#5555,.T.);
#5553=LINE('',#86,#5556);
#5554=LINE('',#98,#5557);
#5555=LINE('',#86,#5558);
#5556=VECTOR('',#5559,1.0);
#5557=VECTOR('',#5560,1.0);
#5558=VECTOR('',#5561,1.0);
#5559=DIRECTION('',(0.4419971592873076,-0.897016449783364,0));
#5560=DIRECTION('',(-0.4419971592873076,0.897016449783364,0));
#5561=DIRECTION('',(NaN,NaN,NaN));
#5562=FACE_SURFACE('',(#5567),#5563,.T.);
#5563=PLANE('',#5564);
#5564=AXIS2_PLACEMENT_3D('',#102,#5565,#5566);
#5565=DIRECTION('',(NaN,NaN,NaN));
#5566=DIRECTION('',(NaN,NaN,NaN));
#5567=FACE_BOUND('',#5568,.T.);
#5568=EDGE_LOOP('',(#5569,#5570,#5571));
#5569=ORIENTED_EDGE('',*,*,#5572,.T.);
#5570=ORIENTED_EDGE('',*,*,#5573,.T.);
#5571=ORIENTED_EDGE('',*,*,#5574,.T.);
#5572=EDGE_CURVE('',#103,#103,#5575,.F.);
#5573=EDGE_CURVE('',#103,#103,#5576,.T.);
#5574=EDGE_CURVE('',#103,#103,#5577,.T.);
#5575=LINE('',#102,#5578);
#5576=LINE('',#102,#5579);
#5577=LINE('',#102,#5580);
#5578=VECTOR('',#5581,1.0);
#5579=VECTOR('',#5582,1.0);
#5580=VECTOR('',#5583,1.0);
#5581=DIRECTION('',(NaN,NaN,NaN));
#5582=DIRECTION('',(NaN,NaN,NaN));
#5583=DIRECTION('',(NaN,NaN,NaN));
#5584=FACE_SURFACE('',(#5589),#5585,.T.);
#5585=PLANE('',#5586);
#5586=AXIS2_PLACEMENT_3D('',#94,#5587,#5588);
#5587=DIRECTION('',(NaN,NaN,NaN));
#5588=DIRECTION('',(NaN,NaN,NaN));
#5589=FACE_BOUND('',#5590,.T.);
#5590=EDGE_LOOP('',(#5591,#5592,#5593));
#5591=ORIENTED_EDGE('',*,*,#5594,.T.);
#5592=ORIENTED_EDGE('',*,*,#5595,.T.);
#5593=ORIENTED_EDGE('',*,*,#5596,.T.);
#5594=EDGE_CURVE('',#95,#95,#5597,.F.);
#5595=EDGE_CURVE('',#95,#103,#5598,.T.);
#5596=EDGE_CURVE('',#103,#95,#5599,.T.);
#5597=LINE('',#94,#5600);
#5598=LINE('',#94,#5601);
#5599=LINE('',#102,#5602);
#5600=VECTOR('',#5603,1.0);
#5601=VECTOR('',#5604,1.0);
#5602=VECTOR('',#5605,1.0);
#5603=DIRECTION('',(NaN,NaN,NaN));
#5604=DIRECTION('',(-0.022455787916752082,0.99974783700143,0));
#5605=DIRECTION('',(0.022455787916752082,-0.99974783700143,0));
#5606=FACE_SURFACE('',(#5611),#5607,.T.);
#5607=PLANE('',#5608);
#5608=AXIS2_PLACEMENT_3D('',#102,#5609,#5610);
#5609=DIRECTION('',(NaN,NaN,NaN));
#5610=DIRECTION('',(NaN,NaN,NaN));
#5611=FACE_BOUND('',#5612,.T.);
#5612=EDGE_LOOP('',(#5613,#5614,#5615));
#5613=ORIENTED_EDGE('',*,*,#5616,.T.);
#5614=ORIENTED_EDGE('',*,*,#5617,.T.);
#5615=ORIENTED_EDGE('',*,*,#5618,.T.);
#5616=EDGE_CURVE('',#103,#103,#5619,.F.);
#5617=EDGE_CURVE('',#103,#95,#5620,.T.);
#5618=EDGE_CURVE('',#95,#103,#5621,.T.);
#5619=LINE('',#102,#5622);
#5620=LINE('',#102,#5623);
#5621=LINE('',#94,#5624);
#5622=VECTOR('',#5625,1.0);
#5623=VECTOR('',#5626,1.0);
#5624=VECTOR('',#5627,1.0);
#5625=DIRECTION('',(NaN,NaN,NaN));
#5626=DIRECTION('',(0.022455787916752082,-0.99974783700143,0));
#5627=DIRECTION('',(-0.022455787916752082,0.99974783700143,0));
#5628=FACE_SURFACE('',(#5633),#5629,.T.);
#5629=PLANE('',#5630);
#5630=AXIS2_PLACEMENT_3D('',#82,#5631,#5632);
#5631=DIRECTION('',(NaN,NaN,NaN));
#5632=DIRECTION('',(0.7071055749817895,0.707107987389248,0));
#5633=FACE_BOUND('',#5634,.T.);
#5634=EDGE_LOOP('',(#5635,#5636,#5637));
#5635=ORIENTED_EDGE('',*,*,#5638,.T.);
#5636=ORIENTED_EDGE('',*,*,#5639,.T.);
#5637=ORIENTED_EDGE('',*,*,#5640,.T.);
#5638=EDGE_CURVE('',#83,#97,#5641,.F.);
#5639=EDGE_CURVE('',#97,#97,#5642,.T.);
#5640=EDGE_CURVE('',#97,#83,#5643,.T.);
#5641=LINE('',#82,#5644);
#5642=LINE('',#96,#5645);
#5643=LINE('',#96,#5646);
#5644=VECTOR('',#5647,1.0);
#5645=VECTOR('',#5648,1.0);
#5646=VECTOR('',#5649,1.0);
#5647=DIRECTION('',(0.7071055749817895,0.707107987389248,0));
#5648=DIRECTION('',(NaN,NaN,NaN));
#5649=DIRECTION('',(-0.7071055749817895,-0.707107987389248,0));
#5650=FACE_SURFACE('',(#5655),#5651,.T.);
#5651=PLANE('',#5652);
#5652=AXIS2_PLACEMENT_3D('',#82,#5653,#5654);
#5653=DIRECTION('',(NaN,NaN,NaN));
#5654=DIRECTION('',(0.7071055749817895,0.707107987389248,0));
#5655=FACE_BOUND('',#5656,.T.);
#5656=EDGE_LOOP('',(#5657,#5658,#5659));
#5657=ORIENTED_EDGE('',*,*,#5660,.T.);
#5658=ORIENTED_EDGE('',*,*,#5661,.T.);
#5659=ORIENTED_EDGE('',*,*,#5662,.T.);
#5660=EDGE_CURVE('',#83,#97,#5663,.F.);
#5661=EDGE_CURVE('',#97,#83,#5664,.T.);
#5662=EDGE_CURVE('',#83,#83,#5665,.T.);
#5663=LINE('',#82,#5666);
#5664=LINE('',#96,#5667);
#5665=LINE('',#82,#5668);
#5666=VECTOR('',#5669,1.0);
#5667=VECTOR('',#5670,1.0);
#5668=VECTOR('',#5671,1.0);
#5669=DIRECTION('',(0.7071055749817895,0.707107987389248,0));
#5670=DIRECTION('',(-0.7071055749817895,-0.707107987389248,0));
#5671=DIRECTION('',(NaN,NaN,NaN));
#5672=FACE_SURFACE('',(#5677),#5673,.T.);
#5673=PLANE('',#5674);
#5674=AXIS2_PLACEMENT_3D('',#106,#5675,#5676);
#5675=DIRECTION('',(NaN,NaN,NaN));
#5676=DIRECTION('',(NaN,NaN,NaN));
#5677=FACE_BOUND('',#5678,.T.);
#5678=EDGE_LOOP('',(#5679,#5680,#5681));
#5679=ORIENTED_EDGE('',*,*,#5682,.T.);
#5680=ORIENTED_EDGE('',*,*,#5683,.T.);
#5681=ORIENTED_EDGE('',*,*,#5684,.T.);
#5682=EDGE_CURVE('',#107,#107,#5685,.F.);
#5683=EDGE_CURVE('',#107,#107,#5686,.T.);
#5684=EDGE_CURVE('',#107,#107,#5687,.T.);
#5685=LINE('',#106,#5688);
#5686=LINE('',#106,#5689);
#5687=LINE('',#106,#5690);
#5688=VECTOR('',#5691,1.0);
#5689=VECTOR('',#5692,1.0);
#5690=VECTOR('',#5693,1.0);
#5691=DIRECTION('',(NaN,NaN,NaN));
#5692=DIRECTION('',(NaN,NaN,NaN));
#5693=DIRECTION('',(NaN,NaN,NaN));
#5694=FACE_SURFACE('',(#5699),#5695,.T.);
#5695=PLANE('',#5696);
#5696=AXIS2_PLACEMENT_3D('',#88,#5697,#5698);
#5697=DIRECTION('',(NaN,NaN,NaN));
#5698=DIRECTION('',(NaN,NaN,NaN));
#5699=FACE_BOUND('',#5700,.T.);
#5700=EDGE_LOOP('',(#5701,#5702,#5703));
#5701=ORIENTED_EDGE('',*,*,#5704,.T.);
#5702=ORIENTED_EDGE('',*,*,#5705,.T.);
#5703=ORIENTED_EDGE('',*,*,#5706,.T.);
#5704=EDGE_CURVE('',#89,#89,#5707,.F.);
#5705=EDGE_CURVE('',#89,#107,#5708,.T.);
#5706=EDGE_CURVE('',#107,#89,#5709,.T.);
#5707=LINE('',#88,#5710);
#5708=LINE('',#88,#5711);
#5709=LINE('',#106,#5712);
#5710=VECTOR('',#5713,1.0);
#5711=VECTOR('',#5714,1.0);
#5712=VECTOR('',#5715,1.0);
#5713=DIRECTION('',(NaN,NaN,NaN));
#5714=DIRECTION('',(-0.011553341157856696,0.9999332579267929,0));
#5715=DIRECTION('',(0.011553341157856696,-0.9999332579267929,0));
#5716=FACE_SURFACE('',(#5721),#5717,.T.);
#5717=PLANE('',#5718);
#5718=AXIS2_PLACEMENT_3D('',#106,#5719,#5720);
#5719=DIRECTION('',(NaN,NaN,NaN));
#5720=DIRECTION('',(0.011553341157856696,-0.9999332579267929,0));
#5721=FACE_BOUND('',#5722,.T.);
#5722=EDGE_LOOP('',(#5723,#5724,#5725));
#5723=ORIENTED_EDGE('',*,*,#5726,.T.);
#5724=ORIENTED_EDGE('',*,*,#5727,.T.);
#5725=ORIENTED_EDGE('',*,*,#5728,.T.);
#5726=EDGE_CURVE('',#107,#89,#5729,.F.);
#5727=EDGE_CURVE('',#89,#107,#5730,.T.);
#5728=EDGE_CURVE('',#107,#107,#5731,.T.);
#5729=LINE('',#106,#5732);
#5730=LINE('',#88,#5733);
#5731=LINE('',#106,#5734);
#5732=VECTOR('',#5735,1.0);
#5733=VECTOR('',#5736,1.0);
#5734=VECTOR('',#5737,1.0);
#5735=DIRECTION('',(0.011553341157856696,-0.9999332579267929,0));
#5736=DIRECTION('',(-0.011553341157856696,0.9999332579267929,0));
#5737=DIRECTION('',(NaN,NaN,NaN));
#5738=FACE_SURFACE('',(#5743),#5739,.T.);
#5739=PLANE('',#5740);
#5740=AXIS2_PLACEMENT_3D('',#110,#5741,#5742);
#5741=DIRECTION('',(NaN,NaN,NaN));
#5742=DIRECTION('',(-0.6507899106838546,0.7592578561675215,0));
#5743=FACE_BOUND('',#5744,.T.);
#5744=EDGE_LOOP('',(#5745,#5746,#5747));
#5745=ORIENTED_EDGE('',*,*,#5748,.T.);
#5746=ORIENTED_EDGE('',*,*,#5749,.T.);
#5747=ORIENTED_EDGE('',*,*,#5750,.T.);
#5748=EDGE_CURVE('',#111,#109,#5751,.F.);
#5749=EDGE_CURVE('',#109,#109,#5752,.T.);
#5750=EDGE_CURVE('',#109,#111,#5753,.T.);
#5751=LINE('',#110,#5754);
#5752=LINE('',#108,#5755);
#5753=LINE('',#108,#5756);
#5754=VECTOR('',#5757,1.0);
#5755=VECTOR('',#5758,1.0);
#5756=VECTOR('',#5759,1.0);
#5757=DIRECTION('',(-0.6507899106838546,0.7592578561675215,0));
#5758=DIRECTION('',(NaN,NaN,NaN));
#5759=DIRECTION('',(0.6507899106838546,-0.7592578561675215,0));
#5760=FACE_SURFACE('',(#5765),#5761,.T.);
#5761=PLANE('',#5762);
#5762=AXIS2_PLACEMENT_3D('',#110,#5763,#5764);
#5763=DIRECTION('',(NaN,NaN,NaN));
#5764=DIRECTION('',(-0.6507899106838546,0.7592578561675215,0));
#5765=FACE_BOUND('',#5766,.T.);
#5766=EDGE_LOOP('',(#5767,#5768,#5769));
#5767=ORIENTED_EDGE('',*,*,#5770,.T.);
#5768=ORIENTED_EDGE('',*,*,#5771,.T.);
#5769=ORIENTED_EDGE('',*,*,#5772,.T.);
#5770=EDGE_CURVE('',#111,#109,#5773,.F.);
#5771=EDGE_CURVE('',#109,#111,#5774,.T.);
#5772=EDGE_CURVE('',#111,#111,#5775,.T.);
#5773=LINE('',#110,#5776);
#5774=LINE('',#108,#5777);
#5775=LINE('',#110,#5778);
#5776=VECTOR('',#5779,1.0);
#5777=VECTOR('',#5780,1.0);
#5778=VECTOR('',#5781,1.0);
#5779=DIRECTION('',(-0.6507899106838546,0.7592578561675215,0));
#5780=DIRECTION('',(0.6507899106838546,-0.7592578561675215,0));
#5781=DIRECTION('',(NaN,NaN,NaN));
#5782=FACE_SURFACE('',(#5787),#5783,.T.);
#5783=PLANE('',#5784);
#5784=AXIS2_PLACEMENT_3D('',#112,#5785,#5786);
#5785=DIRECTION('',(NaN,NaN,NaN));
#5786=DIRECTION('',(-0.857491893190151,0.514497476294268,0));
#5787=FACE_BOUND('',#5788,.T.);
#5788=EDGE_LOOP('',(#5789,#5790,#5791));
#5789=ORIENTED_EDGE('',*,*,#5792,.T.);
#5790=ORIENTED_EDGE('',*,*,#5793,.T.);
#5791=ORIENTED_EDGE('',*,*,#5794,.T.);
#5792=EDGE_CURVE('',#113,#85,#5795,.F.);
#5793=EDGE_CURVE('',#85,#85,#5796,.T.);
#5794=EDGE_CURVE('',#85,#113,#5797,.T.);
#5795=LINE('',#112,#5798);
#5796=LINE('',#84,#5799);
#5797=LINE('',#84,#5800);
#5798=VECTOR('',#5801,1.0);
#5799=VECTOR('',#5802,1.0);
#5800=VECTOR('',#5803,1.0);
#5801=DIRECTION('',(-0.857491893190151,0.514497476294268,0));
#5802=DIRECTION('',(NaN,NaN,NaN));
#5803=DIRECTION('',(0.857491893190151,-0.514497476294268,0));
#5804=FACE_SURFACE('',(#5809),#5805,.T.);
#5805=PLANE('',#5806);
#5806=AXIS2_PLACEMENT_3D('',#112,#5807,#5808);
#5807=DIRECTION('',(NaN,NaN,NaN));
#5808=DIRECTION('',(-0.857491893190151,0.514497476294268,0));
#5809=FACE_BOUND('',#5810,.T.);
#5810=EDGE_LOOP('',(#5811,#5812,#5813));
#5811=ORIENTED_EDGE('',*,*,#5814,.T.);
#5812=ORIENTED_EDGE('',*,*,#5815,.T.);
#5813=ORIENTED_EDGE('',*,*,#5816,.T.);
#5814=EDGE_CURVE('',#113,#85,#5817,.F.);
#5815=EDGE_CURVE('',#85,#113,#5818,.T.);
#5816=EDGE_CURVE('',#113,#113,#5819,.T.);
#5817=LINE('',#112,#5820);
#5818=LINE('',#84,#5821);
#5819=LINE('',#112,#5822);
#5820=VECTOR('',#5823,1.0);
#5821=VECTOR('',#5824,1.0);
#5822=VECTOR('',#5825,1.0);
#5823=DIRECTION('',(-0.857491893190151,0.514497476294268,0));
#5824=DIRECTION('',(0.857491893190151,-0.514497476294268,0));
#5825=DIRECTION('',(NaN,NaN,NaN));
#5826=FACE_SURFACE('',(#5831),#5827,.T.);
#5827=PLANE('',#5828);
#5828=AXIS2_PLACEMENT_3D('',#116,#5829,#5830);
#5829=DIRECTION('',(NaN,NaN,NaN));
#5830=DIRECTION('',(NaN,NaN,NaN));
#5831=FACE_BOUND('',#5832,.T.);
#5832=EDGE_LOOP('',(#5833,#5834,#5835));
#5833=ORIENTED_EDGE('',*,*,#5836,.T.);
#5834=ORIENTED_EDGE('',*,*,#5837,.T.);
#5835=ORIENTED_EDGE('',*,*,#5838,.T.);
#5836=EDGE_CURVE('',#117,#117,#5839,.F.);
#5837=EDGE_CURVE('',#117,#117,#5840,.T.);
#5838=EDGE_CURVE('',#117,#117,#5841,.T.);
#5839=LINE('',#116,#5842);
#5840=LINE('',#116,#5843);
#5841=LINE('',#116,#5844);
#5842=VECTOR('',#5845,1.0);
#5843=VECTOR('',#5846,1.0);
#5844=VECTOR('',#5847,1.0);
#5845=DIRECTION('',(NaN,NaN,NaN));
#5846=DIRECTION('',(NaN,NaN,NaN));
#5847=DIRECTION('',(NaN,NaN,NaN));
#5848=FACE_SURFACE('',(#5853),#5849,.T.);
#5849=PLANE('',#5850);
#5850=AXIS2_PLACEMENT_3D('',#106,#5851,#5852);
#5851=DIRECTION('',(NaN,NaN,NaN));
#5852=DIRECTION('',(NaN,NaN,NaN));
#5853=FACE_BOUND('',#5854,.T.);
#5854=EDGE_LOOP('',(#5855,#5856,#5857));
#5855=ORIENTED_EDGE('',*,*,#5858,.T.);
#5856=ORIENTED_EDGE('',*,*,#5859,.T.);
#5857=ORIENTED_EDGE('',*,*,#5860,.T.);
#5858=EDGE_CURVE('',#107,#107,#5861,.F.);
#5859=EDGE_CURVE('',#107,#107,#5862,.T.);
#5860=EDGE_CURVE('',#107,#107,#5863,.T.);
#5861=LINE('',#106,#5864);
#5862=LINE('',#106,#5865);
#5863=LINE('',#106,#5866);
#5864=VECTOR('',#5867,1.0);
#5865=VECTOR('',#5868,1.0);
#5866=VECTOR('',#5869,1.0);
#5867=DIRECTION('',(NaN,NaN,NaN));
#5868=DIRECTION('',(NaN,NaN,NaN));
#5869=DIRECTION('',(NaN,NaN,NaN));
#5870=FACE_SURFACE('',(#5875),#5871,.T.);
#5871=PLANE('',#5872);
#5872=AXIS2_PLACEMENT_3D('',#106,#5873,#5874);
#5873=DIRECTION('',(NaN,NaN,NaN));
#5874=DIRECTION('',(-0.003601167603549495,0.9999935157749182,-9.829050722063145E-08));
#5875=FACE_BOUND('',#5876,.T.);
#5876=EDGE_LOOP('',(#5877,#5878,#5879));
#5877=ORIENTED_EDGE('',*,*,#5880,.T.);
#5878=ORIENTED_EDGE('',*,*,#5881,.T.);
#5879=ORIENTED_EDGE('',*,*,#5882,.T.);
#5880=EDGE_CURVE('',#107,#117,#5883,.F.);
#5881=EDGE_CURVE('',#117,#117,#5884,.T.);
#5882=EDGE_CURVE('',#117,#107,#5885,.T.);
#5883=LINE('',#106,#5886);
#5884=LINE('',#116,#5887);
#5885=LINE('',#116,#5888);
#5886=VECTOR('',#5889,1.0);
#5887=VECTOR('',#5890,1.0);
#5888=VECTOR('',#5891,1.0);
#5889=DIRECTION('',(-0.003601167603549495,0.9999935157749182,-9.829050722063145E-08));
#5890=DIRECTION('',(NaN,NaN,NaN));
#5891=DIRECTION('',(0.003601167603549495,-0.9999935157749182,9.829050722063145E-08));
#5892=FACE_SURFACE('',(#5897),#5893,.T.);
#5893=PLANE('',#5894);
#5894=AXIS2_PLACEMENT_3D('',#106,#5895,#5896);
#5895=DIRECTION('',(NaN,NaN,NaN));
#5896=DIRECTION('',(-0.003601167603549495,0.9999935157749182,-9.829050722063145E-08));
#5897=FACE_BOUND('',#5898,.T.);
#5898=EDGE_LOOP('',(#5899,#5900,#5901));
#5899=ORIENTED_EDGE('',*,*,#5902,.T.);
#5900=ORIENTED_EDGE('',*,*,#5903,.T.);
#5901=ORIENTED_EDGE('',*,*,#5904,.T.);
#5902=EDGE_CURVE('',#107,#117,#5905,.F.);
#5903=EDGE_CURVE('',#117,#107,#5906,.T.);
#5904=EDGE_CURVE('',#107,#107,#5907,.T.);
#5905=LINE('',#106,#5908);
#5906=LINE('',#116,#5909);
#5907=LINE('',#106,#5910);
#5908=VECTOR('',#5911,1.0);
#5909=VECTOR('',#5912,1.0);
#5910=VECTOR('',#5913,1.0);
#5911=DIRECTION('',(-0.003601167603549495,0.9999935157749182,-9.829050722063145E-08));
#5912=DIRECTION('',(0.003601167603549495,-0.9999935157749182,9.829050722063145E-08));
#5913=DIRECTION('',(NaN,NaN,NaN));
#5914=FACE_SURFACE('',(#5919),#5915,.T.);
#5915=PLANE('',#5916);
#5916=AXIS2_PLACEMENT_3D('',#108,#5917,#5918);
#5917=DIRECTION('',(NaN,NaN,NaN));
#5918=DIRECTION('',(-0.9999973938891307,-0.00228302758345499,0));
#5919=FACE_BOUND('',#5920,.T.);
#5920=EDGE_LOOP('',(#5921,#5922,#5923));
#5921=ORIENTED_EDGE('',*,*,#5924,.T.);
#5922=ORIENTED_EDGE('',*,*,#5925,.T.);
#5923=ORIENTED_EDGE('',*,*,#5926,.T.);
#5924=EDGE_CURVE('',#109,#119,#5927,.F.);
#5925=EDGE_CURVE('',#119,#119,#5928,.T.);
#5926=EDGE_CURVE('',#119,#109,#5929,.T.);
#5927=LINE('',#108,#5930);
#5928=LINE('',#118,#5931);
#5929=LINE('',#118,#5932);
#5930=VECTOR('',#5933,1.0);
#5931=VECTOR('',#5934,1.0);
#5932=VECTOR('',#5935,1.0);
#5933=DIRECTION('',(-0.9999973938891307,-0.00228302758345499,0));
#5934=DIRECTION('',(NaN,NaN,NaN));
#5935=DIRECTION('',(0.9999973938891307,0.00228302758345499,0));
#5936=FACE_SURFACE('',(#5941),#5937,.T.);
#5937=PLANE('',#5938);
#5938=AXIS2_PLACEMENT_3D('',#108,#5939,#5940);
#5939=DIRECTION('',(NaN,NaN,NaN));
#5940=DIRECTION('',(-0.9999973938891307,-0.00228302758345499,0));
#5941=FACE_BOUND('',#5942,.T.);
#5942=EDGE_LOOP('',(#5943,#5944,#5945));
#5943=ORIENTED_EDGE('',*,*,#5946,.T.);
#5944=ORIENTED_EDGE('',*,*,#5947,.T.);
#5945=ORIENTED_EDGE('',*,*,#5948,.T.);
#5946=EDGE_CURVE('',#109,#119,#5949,.F.);
#5947=EDGE_CURVE('',#119,#109,#5950,.T.);
#5948=EDGE_CURVE('',#109,#109,#5951,.T.);
#5949=LINE('',#108,#5952);
#5950=LINE('',#118,#5953);
#5951=LINE('',#108,#5954);
#5952=VECTOR('',#5955,1.0);
#5953=VECTOR('',#5956,1.0);
#5954=VECTOR('',#5957,1.0);
#5955=DIRECTION('',(-0.9999973938891307,-0.00228302758345499,0));
#5956=DIRECTION('',(0.9999973938891307,0.00228302758345499,0));
#5957=DIRECTION('',(NaN,NaN,NaN));
#5958=FACE_SURFACE('',(#5963),#5959,.T.);
#5959=PLANE('',#5960);
#5960=AXIS2_PLACEMENT_3D('',#122,#5961,#5962);
#5961=DIRECTION('',(NaN,NaN,NaN));
#5962=DIRECTION('',(-0.0905354118482558,0.9958932368489439,0));
#5963=FACE_BOUND('',#5964,.T.);
#5964=EDGE_LOOP('',(#5965,#5966,#5967));
#5965=ORIENTED_EDGE('',*,*,#5968,.T.);
#5966=ORIENTED_EDGE('',*,*,#5969,.T.);
#5967=ORIENTED_EDGE('',*,*,#5970,.T.);
#5968=EDGE_CURVE('',#123,#121,#5971,.F.);
#5969=EDGE_CURVE('',#121,#121,#5972,.T.);
#5970=EDGE_CURVE('',#121,#123,#5973,.T.);
#5971=LINE('',#122,#5974);
#5972=LINE('',#120,#5975);
#5973=LINE('',#120,#5976);
#5974=VECTOR('',#5977,1.0);
#5975=VECTOR('',#5978,1.0);
#5976=VECTOR('',#5979,1.0);
#5977=DIRECTION('',(-0.0905354118482558,0.9958932368489439,0));
#5978=DIRECTION('',(NaN,NaN,NaN));
#5979=DIRECTION('',(0.0905354118482558,-0.9958932368489439,0));
#5980=FACE_SURFACE('',(#5985),#5981,.T.);
#5981=PLANE('',#5982);
#5982=AXIS2_PLACEMENT_3D('',#122,#5983,#5984);
#5983=DIRECTION('',(NaN,NaN,NaN));
#5984=DIRECTION('',(-0.0905354118482558,0.9958932368489439,0));
#5985=FACE_BOUND('',#5986,.T.);
#5986=EDGE_LOOP('',(#5987,#5988,#5989));
#5987=ORIENTED_EDGE('',*,*,#5990,.T.);
#5988=ORIENTED_EDGE('',*,*,#5991,.T.);
#5989=ORIENTED_EDGE('',*,*,#5992,.T.);
#5990=EDGE_CURVE('',#123,#121,#5993,.F.);
#5991=EDGE_CURVE('',#121,#123,#5994,.T.);
#5992=EDGE_CURVE('',#123,#123,#5995,.T.);
#5993=LINE('',#122,#5996);
#5994=LINE('',#120,#5997);
#5995=LINE('',#122,#5998);
#5996=VECTOR('',#5999,1.0);
#5997=VECTOR('',#6000,1.0);
#5998=VECTOR('',#6001,1.0);
#5999=DIRECTION('',(-0.0905354118482558,0.9958932368489439,0));
#6000=DIRECTION('',(0.0905354118482558,-0.9958932368489439,0));
#6001=DIRECTION('',(NaN,NaN,NaN));
#6002=FACE_SURFACE('',(#6007),#6003,.T.);
#6003=PLANE('',#6004);
#6004=AXIS2_PLACEMENT_3D('',#116,#6005,#6006);
#6005=DIRECTION('',(NaN,NaN,NaN));
#6006=DIRECTION('',(NaN,NaN,NaN));
#6007=FACE_BOUND('',#6008,.T.);
#6008=EDGE_LOOP('',(#6009,#6010,#6011));
#6009=ORIENTED_EDGE('',*,*,#6012,.T.);
#6010=ORIENTED_EDGE('',*,*,#6013,.T.);
#6011=ORIENTED_EDGE('',*,*,#6014,.T.);
#6012=EDGE_CURVE('',#117,#117,#6015,.F.);
#6013=EDGE_CURVE('',#117,#117,#6016,.T.);
#6014=EDGE_CURVE('',#117,#117,#6017,.T.);
#6015=LINE('',#116,#6018);
#6016=LINE('',#116,#6019);
#6017=LINE('',#116,#6020);
#6018=VECTOR('',#6021,1.0);
#6019=VECTOR('',#6022,1.0);
#6020=VECTOR('',#6023,1.0);
#6021=DIRECTION('',(NaN,NaN,NaN));
#6022=DIRECTION('',(NaN,NaN,NaN));
#6023=DIRECTION('',(NaN,NaN,NaN));
#6024=FACE_SURFACE('',(#6029),#6025,.T.);
#6025=PLANE('',#6026);
#6026=AXIS2_PLACEMENT_3D('',#124,#6027,#6028);
#6027=DIRECTION('',(NaN,NaN,NaN));
#6028=DIRECTION('',(NaN,NaN,NaN));
#6029=FACE_BOUND('',#6030,.T.);
#6030=EDGE_LOOP('',(#6031,#6032,#6033));
#6031=ORIENTED_EDGE('',*,*,#6034,.T.);
#6032=ORIENTED_EDGE('',*,*,#6035,.T.);
#6033=ORIENTED_EDGE('',*,*,#6036,.T.);
#6034=EDGE_CURVE('',#125,#125,#6037,.F.);
#6035=EDGE_CURVE('',#125,#117,#6038,.T.);
#6036=EDGE_CURVE('',#117,#125,#6039,.T.);
#6037=LINE('',#124,#6040);
#6038=LINE('',#124,#6041);
#6039=LINE('',#116,#6042);
#6040=VECTOR('',#6043,1.0);
#6041=VECTOR('',#6044,1.0);
#6042=VECTOR('',#6045,1.0);
#6043=DIRECTION('',(NaN,NaN,NaN));
#6044=DIRECTION('',(0.0052847651739866995,-0.9999860355310247,0));
#6045=DIRECTION('',(-0.0052847651739866995,0.9999860355310247,0));
#6046=FACE_SURFACE('',(#6051),#6047,.T.);
#6047=PLANE('',#6048);
#6048=AXIS2_PLACEMENT_3D('',#116,#6049,#6050);
#6049=DIRECTION('',(NaN,NaN,NaN));
#6050=DIRECTION('',(NaN,NaN,NaN));
#6051=FACE_BOUND('',#6052,.T.);
#6052=EDGE_LOOP('',(#6053,#6054,#6055));
#6053=ORIENTED_EDGE('',*,*,#6056,.T.);
#6054=ORIENTED_EDGE('',*,*,#6057,.T.);
#6055=ORIENTED_EDGE('',*,*,#6058,.T.);
#6056=EDGE_CURVE('',#117,#117,#6059,.F.);
#6057=EDGE_CURVE('',#117,#125,#6060,.T.);
#6058=EDGE_CURVE('',#125,#117,#6061,.T.);
#6059=LINE('',#116,#6062);
#6060=LINE('',#116,#6063);
#6061=LINE('',#124,#6064);
#6062=VECTOR('',#6065,1.0);
#6063=VECTOR('',#6066,1.0);
#6064=VECTOR('',#6067,1.0);
#6065=DIRECTION('',(NaN,NaN,NaN));
#6066=DIRECTION('',(-0.0052847651739866995,0.9999860355310247,0));
#6067=DIRECTION('',(0.0052847651739866995,-0.9999860355310247,0));
#6068=FACE_SURFACE('',(#6073),#6069,.T.);
#6069=PLANE('',#6070);
#6070=AXIS2_PLACEMENT_3D('',#118,#6071,#6072);
#6071=DIRECTION('',(NaN,NaN,NaN));
#6072=DIRECTION('',(-0.780869017369053,-0.6246947876468074,0));
#6073=FACE_BOUND('',#6074,.T.);
#6074=EDGE_LOOP('',(#6075,#6076,#6077));
#6075=ORIENTED_EDGE('',*,*,#6078,.T.);
#6076=ORIENTED_EDGE('',*,*,#6079,.T.);
#6077=ORIENTED_EDGE('',*,*,#6080,.T.);
#6078=EDGE_CURVE('',#119,#125,#6081,.F.);
#6079=EDGE_CURVE('',#125,#125,#6082,.T.);
#6080=EDGE_CURVE('',#125,#119,#6083,.T.);
#6081=LINE('',#118,#6084);
#6082=LINE('',#124,#6085);
#6083=LINE('',#124,#6086);
#6084=VECTOR('',#6087,1.0);
#6085=VECTOR('',#6088,1.0);
#6086=VECTOR('',#6089,1.0);
#6087=DIRECTION('',(-0.780869017369053,-0.6246947876468074,0));
#6088=DIRECTION('',(NaN,NaN,NaN));
#6089=DIRECTION('',(0.780869017369053,0.6246947876468074,0));
#6090=FACE_SURFACE('',(#6095),#6091,.T.);
#6091=PLANE('',#6092);
#6092=AXIS2_PLACEMENT_3D('',#118,#6093,#6094);
#6093=DIRECTION('',(NaN,NaN,NaN));
#6094=DIRECTION('',(-0.780869017369053,-0.6246947876468074,0));
#6095=FACE_BOUND('',#6096,.T.);
#6096=EDGE_LOOP('',(#6097,#6098,#6099));
#6097=ORIENTED_EDGE('',*,*,#6100,.T.);
#6098=ORIENTED_EDGE('',*,*,#6101,.T.);
#6099=ORIENTED_EDGE('',*,*,#6102,.T.);
#6100=EDGE_CURVE('',#119,#125,#6103,.F.);
#6101=EDGE_CURVE('',#125,#119,#6104,.T.);
#6102=EDGE_CURVE('',#119,#119,#6105,.T.);
#6103=LINE('',#118,#6106);
#6104=LINE('',#124,#6107);
#6105=LINE('',#118,#6108);
#6106=VECTOR('',#6109,1.0);
#6107=VECTOR('',#6110,1.0);
#6108=VECTOR('',#6111,1.0);
#6109=DIRECTION('',(-0.780869017369053,-0.6246947876468074,0));
#6110=DIRECTION('',(0.780869017369053,0.6246947876468074,0));
#6111=DIRECTION('',(NaN,NaN,NaN));
#6112=FACE_SURFACE('',(#6117),#6113,.T.);
#6113=PLANE('',#6114);
#6114=AXIS2_PLACEMENT_3D('',#120,#6115,#6116);
#6115=DIRECTION('',(NaN,NaN,NaN));
#6116=DIRECTION('',(-0.9994448958781449,0.03331516326125553,0));
#6117=FACE_BOUND('',#6118,.T.);
#6118=EDGE_LOOP('',(#6119,#6120,#6121));
#6119=ORIENTED_EDGE('',*,*,#6122,.T.);
#6120=ORIENTED_EDGE('',*,*,#6123,.T.);
#6121=ORIENTED_EDGE('',*,*,#6124,.T.);
#6122=EDGE_CURVE('',#121,#113,#6125,.F.);
#6123=EDGE_CURVE('',#113,#113,#6126,.T.);
#6124=EDGE_CURVE('',#113,#121,#6127,.T.);
#6125=LINE('',#120,#6128);
#6126=LINE('',#112,#6129);
#6127=LINE('',#112,#6130);
#6128=VECTOR('',#6131,1.0);
#6129=VECTOR('',#6132,1.0);
#6130=VECTOR('',#6133,1.0);
#6131=DIRECTION('',(-0.9994448958781449,0.03331516326125553,0));
#6132=DIRECTION('',(NaN,NaN,NaN));
#6133=DIRECTION('',(0.9994448958781449,-0.03331516326125553,0));
#6134=FACE_SURFACE('',(#6139),#6135,.T.);
#6135=PLANE('',#6136);
#6136=AXIS2_PLACEMENT_3D('',#120,#6137,#6138);
#6137=DIRECTION('',(NaN,NaN,NaN));
#6138=DIRECTION('',(-0.9994448958781449,0.03331516326125553,0));
#6139=FACE_BOUND('',#6140,.T.);
#6140=EDGE_LOOP('',(#6141,#6142,#6143));
#6141=ORIENTED_EDGE('',*,*,#6144,.T.);
#6142=ORIENTED_EDGE('',*,*,#6145,.T.);
#6143=ORIENTED_EDGE('',*,*,#6146,.T.);
#6144=EDGE_CURVE('',#121,#113,#6147,.F.);
#6145=EDGE_CURVE('',#113,#121,#6148,.T.);
#6146=EDGE_CURVE('',#121,#121,#6149,.T.);
#6147=LINE('',#120,#6150);
#6148=LINE('',#112,#6151);
#6149=LINE('',#120,#6152);
#6150=VECTOR('',#6153,1.0);
#6151=VECTOR('',#6154,1.0);
#6152=VECTOR('',#6155,1.0);
#6153=DIRECTION('',(-0.9994448958781449,0.03331516326125553,0));
#6154=DIRECTION('',(0.9994448958781449,-0.03331516326125553,0));
#6155=DIRECTION('',(NaN,NaN,NaN));
#6156=FACE_SURFACE('',(#6161),#6157,.T.);
#6157=PLANE('',#6158);
#6158=AXIS2_PLACEMENT_3D('',#102,#6159,#6160);
#6159=DIRECTION('',(NaN,NaN,NaN));
#6160=DIRECTION('',(NaN,NaN,NaN));
#6161=FACE_BOUND('',#6162,.T.);
#6162=EDGE_LOOP('',(#6163,#6164,#6165));
#6163=ORIENTED_EDGE('',*,*,#6166,.T.);
#6164=ORIENTED_EDGE('',*,*,#6167,.T.);
#6165=ORIENTED_EDGE('',*,*,#6168,.T.);
#6166=EDGE_CURVE('',#103,#103,#6169,.F.);
#6167=EDGE_CURVE('',#103,#103,#6170,.T.);
#6168=EDGE_CURVE('',#103,#103,#6171,.T.);
#6169=LINE('',#102,#6172);
#6170=LINE('',#102,#6173);
#6171=LINE('',#102,#6174);
#6172=VECTOR('',#6175,1.0);
#6173=VECTOR('',#6176,1.0);
#6174=VECTOR('',#6177,1.0);
#6175=DIRECTION('',(NaN,NaN,NaN));
#6176=DIRECTION('',(NaN,NaN,NaN));
#6177=DIRECTION('',(NaN,NaN,NaN));
#6178=FACE_SURFACE('',(#6183),#6179,.T.);
#6179=PLANE('',#6180);
#6180=AXIS2_PLACEMENT_3D('',#126,#6181,#6182);
#6181=DIRECTION('',(NaN,NaN,NaN));
#6182=DIRECTION('',(NaN,NaN,NaN));
#6183=FACE_BOUND('',#6184,.T.);
#6184=EDGE_LOOP('',(#6185,#6186,#6187));
#6185=ORIENTED_EDGE('',*,*,#6188,.T.);
#6186=ORIENTED_EDGE('',*,*,#6189,.T.);
#6187=ORIENTED_EDGE('',*,*,#6190,.T.);
#6188=EDGE_CURVE('',#127,#127,#6191,.F.);
#6189=EDGE_CURVE('',#127,#103,#6192,.T.);
#6190=EDGE_CURVE('',#103,#127,#6193,.T.);
#6191=LINE('',#126,#6194);
#6192=LINE('',#126,#6195);
#6193=LINE('',#102,#6196);
#6194=VECTOR('',#6197,1.0);
#6195=VECTOR('',#6198,1.0);
#6196=VECTOR('',#6199,1.0);
#6197=DIRECTION('',(NaN,NaN,NaN));
#6198=DIRECTION('',(0.0017936005494603637,-0.999998391497236,9.79039601233823E-08));
#6199=DIRECTION('',(-0.0017936005494603637,0.999998391497236,-9.79039601233823E-08));
#6200=FACE_SURFACE('',(#6205),#6201,.T.);
#6201=PLANE('',#6202);
#6202=AXIS2_PLACEMENT_3D('',#102,#6203,#6204);
#6203=DIRECTION('',(NaN,NaN,NaN));
#6204=DIRECTION('',(NaN,NaN,NaN));
#6205=FACE_BOUND('',#6206,.T.);
#6206=EDGE_LOOP('',(#6207,#6208,#6209));
#6207=ORIENTED_EDGE('',*,*,#6210,.T.);
#6208=ORIENTED_EDGE('',*,*,#6211,.T.);
#6209=ORIENTED_EDGE('',*,*,#6212,.T.);
#6210=EDGE_CURVE('',#103,#103,#6213,.F.);
#6211=EDGE_CURVE('',#103,#127,#6214,.T.);
#6212=EDGE_CURVE('',#127,#103,#6215,.T.);
#6213=LINE('',#102,#6216);
#6214=LINE('',#102,#6217);
#6215=LINE('',#126,#6218);
#6216=VECTOR('',#6219,1.0);
#6217=VECTOR('',#6220,1.0);
#6218=VECTOR('',#6221,1.0);
#6219=DIRECTION('',(NaN,NaN,NaN));
#6220=DIRECTION('',(-0.0017936005494603637,0.999998391497236,-9.79039601233823E-08));
#6221=DIRECTION('',(0.0017936005494603637,-0.999998391497236,9.79039601233823E-08));
#6222=FACE_SURFACE('',(#6227),#6223,.T.);
#6223=PLANE('',#6224);
#6224=AXIS2_PLACEMENT_3D('',#90,#6225,#6226);
#6225=DIRECTION('',(NaN,NaN,NaN));
#6226=DIRECTION('',(0.9999971512118747,0.002386957924848048,0));
#6227=FACE_BOUND('',#6228,.T.);
#6228=EDGE_LOOP('',(#6229,#6230,#6231));
#6229=ORIENTED_EDGE('',*,*,#6232,.T.);
#6230=ORIENTED_EDGE('',*,*,#6233,.T.);
#6231=ORIENTED_EDGE('',*,*,#6234,.T.);
#6232=EDGE_CURVE('',#91,#81,#6235,.F.);
#6233=EDGE_CURVE('',#81,#81,#6236,.T.);
#6234=EDGE_CURVE('',#81,#91,#6237,.T.);
#6235=LINE('',#90,#6238);
#6236=LINE('',#80,#6239);
#6237=LINE('',#80,#6240);
#6238=VECTOR('',#6241,1.0);
#6239=VECTOR('',#6242,1.0);
#6240=VECTOR('',#6243,1.0);
#6241=DIRECTION('',(0.9999971512118747,0.002386957924848048,0));
#6242=DIRECTION('',(NaN,NaN,NaN));
#6243=DIRECTION('',(-0.9999971512118747,-0.002386957924848048,0));
#6244=FACE_SURFACE('',(#6249),#6245,.T.);
#6245=PLANE('',#6246);
#6246=AXIS2_PLACEMENT_3D('',#90,#6247,#6248);
#6247=DIRECTION('',(NaN,NaN,NaN));
#6248=DIRECTION('',(0.9999971512118747,0.002386957924848048,0));
#6249=FACE_BOUND('',#6250,.T.);
#6250=EDGE_LOOP('',(#6251,#6252,#6253));
#6251=ORIENTED_EDGE('',*,*,#6254,.T.);
#6252=ORIENTED_EDGE('',*,*,#6255,.T.);
#6253=ORIENTED_EDGE('',*,*,#6256,.T.);
#6254=EDGE_CURVE('',#91,#81,#6257,.F.);
#6255=EDGE_CURVE('',#81,#91,#6258,.T.);
#6256=EDGE_CURVE('',#91,#91,#6259,.T.);
#6257=LINE('',#90,#6260);
#6258=LINE('',#80,#6261);
#6259=LINE('',#90,#6262);
#6260=VECTOR('',#6263,1.0);
#6261=VECTOR('',#6264,1.0);
#6262=VECTOR('',#6265,1.0);
#6263=DIRECTION('',(0.9999971512118747,0.002386957924848048,0));
#6264=DIRECTION('',(-0.9999971512118747,-0.002386957924848048,0));
#6265=DIRECTION('',(NaN,NaN,NaN));
#6266=FACE_SURFACE('',(#6271),#6267,.T.);
#6267=PLANE('',#6268);
#6268=AXIS2_PLACEMENT_3D('',#78,#6269,#6270);
#6269=DIRECTION('',(NaN,NaN,NaN));
#6270=DIRECTION('',(0.7071055749817895,0.707107987389248,0));
#6271=FACE_BOUND('',#6272,.T.);
#6272=EDGE_LOOP('',(#6273,#6274,#6275));
#6273=ORIENTED_EDGE('',*,*,#6276,.T.);
#6274=ORIENTED_EDGE('',*,*,#6277,.T.);
#6275=ORIENTED_EDGE('',*,*,#6278,.T.);
#6276=EDGE_CURVE('',#79,#123,#6279,.F.);
#6277=EDGE_CURVE('',#123,#123,#6280,.T.);
#6278=EDGE_CURVE('',#123,#79,#6281,.T.);
#6279=LINE('',#78,#6282);
#6280=LINE('',#122,#6283);
#6281=LINE('',#122,#6284);
#6282=VECTOR('',#6285,1.0);
#6283=VECTOR('',#6286,1.0);
#6284=VECTOR('',#6287,1.0);
#6285=DIRECTION('',(0.7071055749817895,0.707107987389248,0));
#6286=DIRECTION('',(NaN,NaN,NaN));
#6287=DIRECTION('',(-0.7071055749817895,-0.707107987389248,0));
#6288=FACE_SURFACE('',(#6293),#6289,.T.);
#6289=PLANE('',#6290);
#6290=AXIS2_PLACEMENT_3D('',#78,#6291,#6292);
#6291=DIRECTION('',(NaN,NaN,NaN));
#6292=DIRECTION('',(0.7071055749817895,0.707107987389248,0));
#6293=FACE_BOUND('',#6294,.T.);
#6294=EDGE_LOOP('',(#6295,#6296,#6297));
#6295=ORIENTED_EDGE('',*,*,#6298,.T.);
#6296=ORIENTED_EDGE('',*,*,#6299,.T.);
#6297=ORIENTED_EDGE('',*,*,#6300,.T.);
#6298=EDGE_CURVE('',#79,#123,#6301,.F.);
#6299=EDGE_CURVE('',#123,#79,#6302,.T.);
#6300=EDGE_CURVE('',#79,#79,#6303,.T.);
#6301=LINE('',#78,#6304);
#6302=LINE('',#122,#6305);
#6303=LINE('',#78,#6306);
#6304=VECTOR('',#6307,1.0);
#6305=VECTOR('',#6308,1.0);
#6306=VECTOR('',#6309,1.0);
#6307=DIRECTION('',(0.7071055749817895,0.707107987389248,0));
#6308=DIRECTION('',(-0.7071055749817895,-0.707107987389248,0));
#6309=DIRECTION('',(NaN,NaN,NaN));
#6310=FACE_SURFACE('',(#6315),#6311,.T.);
#6311=PLANE('',#6312);
#6312=AXIS2_PLACEMENT_3D('',#98,#6313,#6314);
#6313=DIRECTION('',(NaN,NaN,NaN));
#6314=DIRECTION('',(0.8521263836198348,-0.5233360548815476,0));
#6315=FACE_BOUND('',#6316,.T.);
#6316=EDGE_LOOP('',(#6317,#6318,#6319));
#6317=ORIENTED_EDGE('',*,*,#6320,.T.);
#6318=ORIENTED_EDGE('',*,*,#6321,.T.);
#6319=ORIENTED_EDGE('',*,*,#6322,.T.);
#6320=EDGE_CURVE('',#99,#93,#6323,.F.);
#6321=EDGE_CURVE('',#93,#93,#6324,.T.);
#6322=EDGE_CURVE('',#93,#99,#6325,.T.);
#6323=LINE('',#98,#6326);
#6324=LINE('',#92,#6327);
#6325=LINE('',#92,#6328);
#6326=VECTOR('',#6329,1.0);
#6327=VECTOR('',#6330,1.0);
#6328=VECTOR('',#6331,1.0);
#6329=DIRECTION('',(0.8521263836198348,-0.5233360548815476,0));
#6330=DIRECTION('',(NaN,NaN,NaN));
#6331=DIRECTION('',(-0.8521263836198348,0.5233360548815476,0));
#6332=FACE_SURFACE('',(#6337),#6333,.T.);
#6333=PLANE('',#6334);
#6334=AXIS2_PLACEMENT_3D('',#98,#6335,#6336);
#6335=DIRECTION('',(NaN,NaN,NaN));
#6336=DIRECTION('',(0.8521263836198348,-0.5233360548815476,0));
#6337=FACE_BOUND('',#6338,.T.);
#6338=EDGE_LOOP('',(#6339,#6340,#6341));
#6339=ORIENTED_EDGE('',*,*,#6342,.T.);
#6340=ORIENTED_EDGE('',*,*,#6343,.T.);
#6341=ORIENTED_EDGE('',*,*,#6344,.T.);
#6342=EDGE_CURVE('',#99,#93,#6345,.F.);
#6343=EDGE_CURVE('',#93,#99,#6346,.T.);
#6344=EDGE_CURVE('',#99,#99,#6347,.T.);
#6345=LINE('',#98,#6348);
#6346=LINE('',#92,#6349);
#6347=LINE('',#98,#6350);
#6348=VECTOR('',#6351,1.0);
#6349=VECTOR('',#6352,1.0);
#6350=VECTOR('',#6353,1.0);
#6351=DIRECTION('',(0.8521263836198348,-0.5233360548815476,0));
#6352=DIRECTION('',(-0.8521263836198348,0.5233360548815476,0));
#6353=DIRECTION('',(NaN,NaN,NaN));
#6354=FACE_SURFACE('',(#6359),#6355,.T.);
#6355=PLANE('',#6356);
#6356=AXIS2_PLACEMENT_3D('',#80,#6357,#6358);
#6357=DIRECTION('',(NaN,NaN,NaN));
#6358=DIRECTION('',(0.9363294401239118,0.35112274144128247,0));
#6359=FACE_BOUND('',#6360,.T.);
#6360=EDGE_LOOP('',(#6361,#6362,#6363));
#6361=ORIENTED_EDGE('',*,*,#6364,.T.);
#6362=ORIENTED_EDGE('',*,*,#6365,.T.);
#6363=ORIENTED_EDGE('',*,*,#6366,.T.);
#6364=EDGE_CURVE('',#81,#79,#6367,.F.);
#6365=EDGE_CURVE('',#79,#79,#6368,.T.);
#6366=EDGE_CURVE('',#79,#81,#6369,.T.);
#6367=LINE('',#80,#6370);
#6368=LINE('',#78,#6371);
#6369=LINE('',#78,#6372);
#6370=VECTOR('',#6373,1.0);
#6371=VECTOR('',#6374,1.0);
#6372=VECTOR('',#6375,1.0);
#6373=DIRECTION('',(0.9363294401239118,0.35112274144128247,0));
#6374=DIRECTION('',(NaN,NaN,NaN));
#6375=DIRECTION('',(-0.9363294401239118,-0.35112274144128247,0));
#6376=FACE_SURFACE('',(#6381),#6377,.T.);
#6377=PLANE('',#6378);
#6378=AXIS2_PLACEMENT_3D('',#80,#6379,#6380);
#6379=DIRECTION('',(NaN,NaN,NaN));
#6380=DIRECTION('',(0.9363294401239118,0.35112274144128247,0));
#6381=FACE_BOUND('',#6382,.T.);
#6382=EDGE_LOOP('',(#6383,#6384,#6385));
#6383=ORIENTED_EDGE('',*,*,#6386,.T.);
#6384=ORIENTED_EDGE('',*,*,#6387,.T.);
#6385=ORIENTED_EDGE('',*,*,#6388,.T.);
#6386=EDGE_CURVE('',#81,#79,#6389,.F.);
#6387=EDGE_CURVE('',#79,#81,#6390,.T.);
#6388=EDGE_CURVE('',#81,#81,#6391,.T.);
#6389=LINE('',#80,#6392);
#6390=LINE('',#78,#6393);
#6391=LINE('',#80,#6394);
#6392=VECTOR('',#6395,1.0);
#6393=VECTOR('',#6396,1.0);
#6394=VECTOR('',#6397,1.0);
#6395=DIRECTION('',(0.9363294401239118,0.35112274144128247,0));
#6396=DIRECTION('',(-0.9363294401239118,-0.35112274144128247,0));
#6397=DIRECTION('',(NaN,NaN,NaN));
#6398=FACE_SURFACE('',(#6403),#6399,.T.);
#6399=PLANE('',#6400);
#6400=AXIS2_PLACEMENT_3D('',#84,#6401,#6402);
#6401=DIRECTION('',(NaN,NaN,NaN));
#6402=DIRECTION('',(0,1,0));
#6403=FACE_BOUND('',#6404,.T.);
#6404=EDGE_LOOP('',(#6405,#6406,#6407));
#6405=ORIENTED_EDGE('',*,*,#6408,.T.);
#6406=ORIENTED_EDGE('',*,*,#6409,.T.);
#6407=ORIENTED_EDGE('',*,*,#6410,.T.);
#6408=EDGE_CURVE('',#85,#83,#6411,.F.);
#6409=EDGE_CURVE('',#83,#83,#6412,.T.);
#6410=EDGE_CURVE('',#83,#85,#6413,.T.);
#6411=LINE('',#84,#6414);
#6412=LINE('',#82,#6415);
#6413=LINE('',#82,#6416);
#6414=VECTOR('',#6417,1.0);
#6415=VECTOR('',#6418,1.0);
#6416=VECTOR('',#6419,1.0);
#6417=DIRECTION('',(0,1,0));
#6418=DIRECTION('',(NaN,NaN,NaN));
#6419=DIRECTION('',(0,-1,0));
#6420=FACE_SURFACE('',(#6425),#6421,.T.);
#6421=PLANE('',#6422);
#6422=AXIS2_PLACEMENT_3D('',#84,#6423,#6424);
#6423=DIRECTION('',(NaN,NaN,NaN));
#6424=DIRECTION('',(0,1,0));
#6425=FACE_BOUND('',#6426,.T.);
#6426=EDGE_LOOP('',(#6427,#6428,#6429));
#6427=ORIENTED_EDGE('',*,*,#6430,.T.);
#6428=ORIENTED_EDGE('',*,*,#6431,.T.);
#6429=ORIENTED_EDGE('',*,*,#6432,.T.);
#6430=EDGE_CURVE('',#85,#83,#6433,.F.);
#6431=EDGE_CURVE('',#83,#85,#6434,.T.);
#6432=EDGE_CURVE('',#85,#85,#6435,.T.);
#6433=LINE('',#84,#6436);
#6434=LINE('',#82,#6437);
#6435=LINE('',#84,#6438);
#6436=VECTOR('',#6439,1.0);
#6437=VECTOR('',#6440,1.0);
#6438=VECTOR('',#6441,1.0);
#6439=DIRECTION('',(0,1,0));
#6440=DIRECTION('',(0,-1,0));
#6441=DIRECTION('',(NaN,NaN,NaN));
#6442=FACE_SURFACE('',(#6447),#6443,.T.);
#6443=PLANE('',#6444);
#6444=AXIS2_PLACEMENT_3D('',#88,#6445,#6446);
#6445=DIRECTION('',(NaN,NaN,NaN));
#6446=DIRECTION('',(0.25090250211599835,-0.9680123627474658,0));
#6447=FACE_BOUND('',#6448,.T.);
#6448=EDGE_LOOP('',(#6449,#6450,#6451));
#6449=ORIENTED_EDGE('',*,*,#6452,.T.);
#6450=ORIENTED_EDGE('',*,*,#6453,.T.);
#6451=ORIENTED_EDGE('',*,*,#6454,.T.);
#6452=EDGE_CURVE('',#89,#87,#6455,.F.);
#6453=EDGE_CURVE('',#87,#87,#6456,.T.);
#6454=EDGE_CURVE('',#87,#89,#6457,.T.);
#6455=LINE('',#88,#6458);
#6456=LINE('',#86,#6459);
#6457=LINE('',#86,#6460);
#6458=VECTOR('',#6461,1.0);
#6459=VECTOR('',#6462,1.0);
#6460=VECTOR('',#6463,1.0);
#6461=DIRECTION('',(0.25090250211599835,-0.9680123627474658,0));
#6462=DIRECTION('',(NaN,NaN,NaN));
#6463=DIRECTION('',(-0.25090250211599835,0.9680123627474658,0));
#6464=FACE_SURFACE('',(#6469),#6465,.T.);
#6465=PLANE('',#6466);
#6466=AXIS2_PLACEMENT_3D('',#88,#6467,#6468);
#6467=DIRECTION('',(NaN,NaN,NaN));
#6468=DIRECTION('',(0.25090250211599835,-0.9680123627474658,0));
#6469=FACE_BOUND('',#6470,.T.);
#6470=EDGE_LOOP('',(#6471,#6472,#6473));
#6471=ORIENTED_EDGE('',*,*,#6474,.T.);
#6472=ORIENTED_EDGE('',*,*,#6475,.T.);
#6473=ORIENTED_EDGE('',*,*,#6476,.T.);
#6474=EDGE_CURVE('',#89,#87,#6477,.F.);
#6475=EDGE_CURVE('',#87,#89,#6478,.T.);
#6476=EDGE_CURVE('',#89,#89,#6479,.T.);
#6477=LINE('',#88,#6480);
#6478=LINE('',#86,#6481);
#6479=LINE('',#88,#6482);
#6480=VECTOR('',#6483,1.0);
#6481=VECTOR('',#6484,1.0);
#6482=VECTOR('',#6485,1.0);
#6483=DIRECTION('',(0.25090250211599835,-0.9680123627474658,0));
#6484=DIRECTION('',(-0.25090250211599835,0.9680123627474658,0));
#6485=DIRECTION('',(NaN,NaN,NaN));
#6486=FACE_SURFACE('',(#6491),#6487,.T.);
#6487=PLANE('',#6488);
#6488=AXIS2_PLACEMENT_3D('',#92,#6489,#6490);
#6489=DIRECTION('',(NaN,NaN,NaN));
#6490=DIRECTION('',(0.9660566576639533,-0.25833028119667134,0));
#6491=FACE_BOUND('',#6492,.T.);
#6492=EDGE_LOOP('',(#6493,#6494,#6495));
#6493=ORIENTED_EDGE('',*,*,#6496,.T.);
#6494=ORIENTED_EDGE('',*,*,#6497,.T.);
#6495=ORIENTED_EDGE('',*,*,#6498,.T.);
#6496=EDGE_CURVE('',#93,#91,#6499,.F.);
#6497=EDGE_CURVE('',#91,#91,#6500,.T.);
#6498=EDGE_CURVE('',#91,#93,#6501,.T.);
#6499=LINE('',#92,#6502);
#6500=LINE('',#90,#6503);
#6501=LINE('',#90,#6504);
#6502=VECTOR('',#6505,1.0);
#6503=VECTOR('',#6506,1.0);
#6504=VECTOR('',#6507,1.0);
#6505=DIRECTION('',(0.9660566576639533,-0.25833028119667134,0));
#6506=DIRECTION('',(NaN,NaN,NaN));
#6507=DIRECTION('',(-0.9660566576639533,0.25833028119667134,0));
#6508=FACE_SURFACE('',(#6513),#6509,.T.);
#6509=PLANE('',#6510);
#6510=AXIS2_PLACEMENT_3D('',#92,#6511,#6512);
#6511=DIRECTION('',(NaN,NaN,NaN));
#6512=DIRECTION('',(0.9660566576639533,-0.25833028119667134,0));
#6513=FACE_BOUND('',#6514,.T.);
#6514=EDGE_LOOP('',(#6515,#6516,#6517));
#6515=ORIENTED_EDGE('',*,*,#6518,.T.);
#6516=ORIENTED_EDGE('',*,*,#6519,.T.);
#6517=ORIENTED_EDGE('',*,*,#6520,.T.);
#6518=EDGE_CURVE('',#93,#91,#6521,.F.);
#6519=EDGE_CURVE('',#91,#93,#6522,.T.);
#6520=EDGE_CURVE('',#93,#93,#6523,.T.);
#6521=LINE('',#92,#6524);
#6522=LINE('',#90,#6525);
#6523=LINE('',#92,#6526);
#6524=VECTOR('',#6527,1.0);
#6525=VECTOR('',#6528,1.0);
#6526=VECTOR('',#6529,1.0);
#6527=DIRECTION('',(0.9660566576639533,-0.25833028119667134,0));
#6528=DIRECTION('',(-0.9660566576639533,0.25833028119667134,0));
#6529=DIRECTION('',(NaN,NaN,NaN));
#6530=FACE_SURFACE('',(#6535),#6531,.T.);
#6531=PLANE('',#6532);
#6532=AXIS2_PLACEMENT_3D('',#96,#6533,#6534);
#6533=DIRECTION('',(0,0,1));
#6534=DIRECTION('',(0.9995677513435365,0.029399157709466474,0));
#6535=FACE_BOUND('',#6536,.T.);
#6536=EDGE_LOOP('',(#6537,#6538,#6539));
#6537=ORIENTED_EDGE('',*,*,#6540,.T.);
#6538=ORIENTED_EDGE('',*,*,#6541,.T.);
#6539=ORIENTED_EDGE('',*,*,#6542,.T.);
#6540=EDGE_CURVE('',#97,#95,#6543,.F.);
#6541=EDGE_CURVE('',#95,#103,#6544,.T.);
#6542=EDGE_CURVE('',#103,#97,#6545,.T.);
#6543=LINE('',#96,#6546);
#6544=LINE('',#94,#6547);
#6545=LINE('',#102,#6548);
#6546=VECTOR('',#6549,1.0);
#6547=VECTOR('',#6550,1.0);
#6548=VECTOR('',#6551,1.0);
#6549=DIRECTION('',(0.9995677513435365,0.029399157709466474,0));
#6550=DIRECTION('',(-0.022455787916752082,0.99974783700143,0));
#6551=DIRECTION('',(-0.9410827243129388,-0.3381764421123052,0));
#6552=FACE_SURFACE('',(#6557),#6553,.T.);
#6553=PLANE('',#6554);
#6554=AXIS2_PLACEMENT_3D('',#102,#6555,#6556);
#6555=DIRECTION('',(2.798547257816206E-05,1.4809895729572425E-07,0.9999999996083957));
#6556=DIRECTION('',(-0.0017936005494603637,0.999998391497236,-9.79039601233823E-08));
#6557=FACE_BOUND('',#6558,.T.);
#6558=EDGE_LOOP('',(#6559,#6560,#6561));
#6559=ORIENTED_EDGE('',*,*,#6562,.T.);
#6560=ORIENTED_EDGE('',*,*,#6563,.T.);
#6561=ORIENTED_EDGE('',*,*,#6564,.T.);
#6562=EDGE_CURVE('',#103,#127,#6565,.F.);
#6563=EDGE_CURVE('',#127,#111,#6566,.T.);
#6564=EDGE_CURVE('',#111,#103,#6567,.T.);
#6565=LINE('',#102,#6568);
#6566=LINE('',#126,#6569);
#6567=LINE('',#110,#6570);
#6568=VECTOR('',#6571,1.0);
#6569=VECTOR('',#6572,1.0);
#6570=VECTOR('',#6573,1.0);
#6571=DIRECTION('',(-0.0017936005494603637,0.999998391497236,-9.79039601233823E-08));
#6572=DIRECTION('',(-0.005291920054415227,0.9999859976930365,0));
#6573=DIRECTION('',(0.0032069405986525604,-0.9999948577527753,5.8350447573736546E-08));
#6574=FACE_SURFACE('',(#6579),#6575,.T.);
#6575=PLANE('',#6576);
#6576=AXIS2_PLACEMENT_3D('',#110,#6577,#6578);
#6577=DIRECTION('',(0,0,1));
#6578=DIRECTION('',(-0.6507899106838546,0.7592578561675215,0));
#6579=FACE_BOUND('',#6580,.T.);
#6580=EDGE_LOOP('',(#6581,#6582,#6583));
#6581=ORIENTED_EDGE('',*,*,#6584,.T.);
#6582=ORIENTED_EDGE('',*,*,#6585,.T.);
#6583=ORIENTED_EDGE('',*,*,#6586,.T.);
#6584=EDGE_CURVE('',#111,#109,#6587,.F.);
#6585=EDGE_CURVE('',#109,#119,#6588,.T.);
#6586=EDGE_CURVE('',#119,#111,#6589,.T.);
#6587=LINE('',#110,#6590);
#6588=LINE('',#108,#6591);
#6589=LINE('',#118,#6592);
#6590=VECTOR('',#6593,1.0);
#6591=VECTOR('',#6594,1.0);
#6592=VECTOR('',#6595,1.0);
#6593=DIRECTION('',(-0.6507899106838546,0.7592578561675215,0));
#6594=DIRECTION('',(-0.9999973938891307,-0.00228302758345499,0));
#6595=DIRECTION('',(0.9999087040428727,-0.013512349140804361,0));
#6596=FACE_SURFACE('',(#6601),#6597,.T.);
#6597=PLANE('',#6598);
#6598=AXIS2_PLACEMENT_3D('',#118,#6599,#6600);
#6599=DIRECTION('',(0,0,1));
#6600=DIRECTION('',(-0.780869017369053,-0.6246947876468074,0));
#6601=FACE_BOUND('',#6602,.T.);
#6602=EDGE_LOOP('',(#6603,#6604,#6605));
#6603=ORIENTED_EDGE('',*,*,#6606,.T.);
#6604=ORIENTED_EDGE('',*,*,#6607,.T.);
#6605=ORIENTED_EDGE('',*,*,#6608,.T.);
#6606=EDGE_CURVE('',#119,#125,#6609,.F.);
#6607=EDGE_CURVE('',#125,#117,#6610,.T.);
#6608=EDGE_CURVE('',#117,#119,#6611,.T.);
#6609=LINE('',#118,#6612);
#6610=LINE('',#124,#6613);
#6611=LINE('',#116,#6614);
#6612=VECTOR('',#6615,1.0);
#6613=VECTOR('',#6616,1.0);
#6614=VECTOR('',#6617,1.0);
#6615=DIRECTION('',(-0.780869017369053,-0.6246947876468074,0));
#6616=DIRECTION('',(0.0052847651739866995,-0.9999860355310247,0));
#6617=DIRECTION('',(0.09218700631350372,0.9957417114226731,0));
#6618=FACE_SURFACE('',(#6623),#6619,.T.);
#6619=PLANE('',#6620);
#6620=AXIS2_PLACEMENT_3D('',#116,#6621,#6622);
#6621=DIRECTION('',(1.2359124432943265E-05,1.4279871166826378E-07,0.9999999999236159));
#6622=DIRECTION('',(0.003601167603549495,-0.9999935157749182,9.829050722063145E-08));
#6623=FACE_BOUND('',#6624,.T.);
#6624=EDGE_LOOP('',(#6625,#6626,#6627));
#6625=ORIENTED_EDGE('',*,*,#6628,.T.);
#6626=ORIENTED_EDGE('',*,*,#6629,.T.);
#6627=ORIENTED_EDGE('',*,*,#6630,.T.);
#6628=EDGE_CURVE('',#117,#107,#6631,.F.);
#6629=EDGE_CURVE('',#107,#89,#6632,.T.);
#6630=EDGE_CURVE('',#89,#117,#6633,.T.);
#6631=LINE('',#116,#6634);
#6632=LINE('',#106,#6635);
#6633=LINE('',#88,#6636);
#6634=VECTOR('',#6637,1.0);
#6635=VECTOR('',#6638,1.0);
#6636=VECTOR('',#6639,1.0);
#6637=DIRECTION('',(0.003601167603549495,-0.9999935157749182,9.829050722063145E-08));
#6638=DIRECTION('',(0.011553341157856696,-0.9999332579267929,0));
#6639=DIRECTION('',(-0.006654969289761906,0.9999778554466837,-6.054595590962103E-08));
#6640=FACE_SURFACE('',(#6645),#6641,.T.);
#6641=PLANE('',#6642);
#6642=AXIS2_PLACEMENT_3D('',#88,#6643,#6644);
#6643=DIRECTION('',(0,0,1));
#6644=DIRECTION('',(0.25090250211599835,-0.9680123627474658,0));
#6645=FACE_BOUND('',#6646,.T.);
#6646=EDGE_LOOP('',(#6647,#6648,#6649));
#6647=ORIENTED_EDGE('',*,*,#6650,.T.);
#6648=ORIENTED_EDGE('',*,*,#6651,.T.);
#6649=ORIENTED_EDGE('',*,*,#6652,.T.);
#6650=EDGE_CURVE('',#89,#87,#6653,.F.);
#6651=EDGE_CURVE('',#87,#99,#6654,.T.);
#6652=EDGE_CURVE('',#99,#89,#6655,.T.);
#6653=LINE('',#88,#6656);
#6654=LINE('',#86,#6657);
#6655=LINE('',#98,#6658);
#6656=VECTOR('',#6659,1.0);
#6657=VECTOR('',#6660,1.0);
#6658=VECTOR('',#6661,1.0);
#6659=DIRECTION('',(0.25090250211599835,-0.9680123627474658,0));
#6660=DIRECTION('',(0.4419971592873076,-0.897016449783364,0));
#6661=DIRECTION('',(-0.3304621042550772,0.9438192611148103,0));
#6662=FACE_SURFACE('',(#6667),#6663,.T.);
#6663=PLANE('',#6664);
#6664=AXIS2_PLACEMENT_3D('',#98,#6665,#6666);
#6665=DIRECTION('',(0,0,1));
#6666=DIRECTION('',(0.8521263836198348,-0.5233360548815476,0));
#6667=FACE_BOUND('',#6668,.T.);
#6668=EDGE_LOOP('',(#6669,#6670,#6671));
#6669=ORIENTED_EDGE('',*,*,#6672,.T.);
#6670=ORIENTED_EDGE('',*,*,#6673,.T.);
#6671=ORIENTED_EDGE('',*,*,#6674,.T.);
#6672=EDGE_CURVE('',#99,#93,#6675,.F.);
#6673=EDGE_CURVE('',#93,#91,#6676,.T.);
#6674=EDGE_CURVE('',#91,#99,#6677,.T.);
#6675=LINE('',#98,#6678);
#6676=LINE('',#92,#6679);
#6677=LINE('',#90,#6680);
#6678=VECTOR('',#6681,1.0);
#6679=VECTOR('',#6682,1.0);
#6680=VECTOR('',#6683,1.0);
#6681=DIRECTION('',(0.8521263836198348,-0.5233360548815476,0));
#6682=DIRECTION('',(0.9660566576639533,-0.25833028119667134,0));
#6683=DIRECTION('',(-0.9189419213624836,0.3943928817342256,0));
#6684=FACE_SURFACE('',(#6689),#6685,.T.);
#6685=PLANE('',#6686);
#6686=AXIS2_PLACEMENT_3D('',#90,#6687,#6688);
#6687=DIRECTION('',(0,0,1));
#6688=DIRECTION('',(0.9999971512118747,0.002386957924848048,0));
#6689=FACE_BOUND('',#6690,.T.);
#6690=EDGE_LOOP('',(#6691,#6692,#6693));
#6691=ORIENTED_EDGE('',*,*,#6694,.T.);
#6692=ORIENTED_EDGE('',*,*,#6695,.T.);
#6693=ORIENTED_EDGE('',*,*,#6696,.T.);
#6694=EDGE_CURVE('',#91,#81,#6697,.F.);
#6695=EDGE_CURVE('',#81,#79,#6698,.T.);
#6696=EDGE_CURVE('',#79,#91,#6699,.T.);
#6697=LINE('',#90,#6700);
#6698=LINE('',#80,#6701);
#6699=LINE('',#78,#6702);
#6700=VECTOR('',#6703,1.0);
#6701=VECTOR('',#6704,1.0);
#6702=VECTOR('',#6705,1.0);
#6703=DIRECTION('',(0.9999971512118747,0.002386957924848048,0));
#6704=DIRECTION('',(0.9363294401239118,0.35112274144128247,0));
#6705=DIRECTION('',(-0.9999582622383404,-0.009136398704011055,0));
#6706=FACE_SURFACE('',(#6711),#6707,.T.);
#6707=PLANE('',#6708);
#6708=AXIS2_PLACEMENT_3D('',#78,#6709,#6710);
#6709=DIRECTION('',(0,0,1));
#6710=DIRECTION('',(0.7071055749817895,0.707107987389248,0));
#6711=FACE_BOUND('',#6712,.T.);
#6712=EDGE_LOOP('',(#6713,#6714,#6715));
#6713=ORIENTED_EDGE('',*,*,#6716,.T.);
#6714=ORIENTED_EDGE('',*,*,#6717,.T.);
#6715=ORIENTED_EDGE('',*,*,#6718,.T.);
#6716=EDGE_CURVE('',#79,#123,#6719,.F.);
#6717=EDGE_CURVE('',#123,#121,#6720,.T.);
#6718=EDGE_CURVE('',#121,#79,#6721,.T.);
#6719=LINE('',#78,#6722);
#6720=LINE('',#122,#6723);
#6721=LINE('',#120,#6724);
#6722=VECTOR('',#6725,1.0);
#6723=VECTOR('',#6726,1.0);
#6724=VECTOR('',#6727,1.0);
#6725=DIRECTION('',(0.7071055749817895,0.707107987389248,0));
#6726=DIRECTION('',(-0.0905354118482558,0.9958932368489439,0));
#6727=DIRECTION('',(-0.0766962187526702,-0.9970545070501624,0));
#6728=FACE_SURFACE('',(#6733),#6729,.T.);
#6729=PLANE('',#6730);
#6730=AXIS2_PLACEMENT_3D('',#78,#6731,#6732);
#6731=DIRECTION('',(0,-0,1));
#6732=DIRECTION('',(0.0766962187526702,0.9970545070501624,0));
#6733=FACE_BOUND('',#6734,.T.);
#6734=EDGE_LOOP('',(#6735,#6736,#6737));
#6735=ORIENTED_EDGE('',*,*,#6738,.T.);
#6736=ORIENTED_EDGE('',*,*,#6739,.T.);
#6737=ORIENTED_EDGE('',*,*,#6740,.T.);
#6738=EDGE_CURVE('',#79,#121,#6741,.F.);
#6739=EDGE_CURVE('',#121,#113,#6742,.T.);
#6740=EDGE_CURVE('',#113,#79,#6743,.T.);
#6741=LINE('',#78,#6744);
#6742=LINE('',#120,#6745);
#6743=LINE('',#112,#6746);
#6744=VECTOR('',#6747,1.0);
#6745=VECTOR('',#6748,1.0);
#6746=VECTOR('',#6749,1.0);
#6747=DIRECTION('',(0.0766962187526702,0.9970545070501624,0));
#6748=DIRECTION('',(-0.9994448958781449,0.03331516326125553,0));
#6749=DIRECTION('',(0.719844245334259,-0.6941356225257073,0));
#6750=FACE_SURFACE('',(#6755),#6751,.T.);
#6751=PLANE('',#6752);
#6752=AXIS2_PLACEMENT_3D('',#98,#6753,#6754);
#6753=DIRECTION('',(-0,0,1));
#6754=DIRECTION('',(0.9189419213624836,-0.3943928817342256,0));
#6755=FACE_BOUND('',#6756,.T.);
#6756=EDGE_LOOP('',(#6757,#6758,#6759));
#6757=ORIENTED_EDGE('',*,*,#6760,.T.);
#6758=ORIENTED_EDGE('',*,*,#6761,.T.);
#6759=ORIENTED_EDGE('',*,*,#6762,.T.);
#6760=EDGE_CURVE('',#99,#91,#6763,.F.);
#6761=EDGE_CURVE('',#91,#79,#6764,.T.);
#6762=EDGE_CURVE('',#79,#99,#6765,.T.);
#6763=LINE('',#98,#6766);
#6764=LINE('',#90,#6767);
#6765=LINE('',#78,#6768);
#6766=VECTOR('',#6769,1.0);
#6767=VECTOR('',#6770,1.0);
#6768=VECTOR('',#6771,1.0);
#6769=DIRECTION('',(0.9189419213624836,-0.3943928817342256,0));
#6770=DIRECTION('',(0.9999582622383404,0.009136398704011055,0));
#6771=DIRECTION('',(-0.999990860614253,-0.004275358226577532,0));
#6772=FACE_SURFACE('',(#6777),#6773,.T.);
#6773=PLANE('',#6774);
#6774=AXIS2_PLACEMENT_3D('',#116,#6775,#6776);
#6775=DIRECTION('',(1.76277223294885E-07,6.172044218875469E-08,0.9999999999999825));
#6776=DIRECTION('',(0.006654969289761906,-0.9999778554466837,6.054595590962103E-08));
#6777=FACE_BOUND('',#6778,.T.);
#6778=EDGE_LOOP('',(#6779,#6780,#6781));
#6779=ORIENTED_EDGE('',*,*,#6782,.T.);
#6780=ORIENTED_EDGE('',*,*,#6783,.T.);
#6781=ORIENTED_EDGE('',*,*,#6784,.T.);
#6782=EDGE_CURVE('',#117,#89,#6785,.F.);
#6783=EDGE_CURVE('',#89,#99,#6786,.T.);
#6784=EDGE_CURVE('',#99,#117,#6787,.T.);
#6785=LINE('',#116,#6788);
#6786=LINE('',#88,#6789);
#6787=LINE('',#98,#6790);
#6788=VECTOR('',#6791,1.0);
#6789=VECTOR('',#6792,1.0);
#6790=VECTOR('',#6793,1.0);
#6791=DIRECTION('',(0.006654969289761906,-0.9999778554466837,6.054595590962103E-08));
#6792=DIRECTION('',(0.3304621042550772,-0.9438192611148103,0));
#6793=DIRECTION('',(-0.016868978624422964,0.9998577086566695,-5.873804319239167E-08));
#6794=FACE_SURFACE('',(#6799),#6795,.T.);
#6795=PLANE('',#6796);
#6796=AXIS2_PLACEMENT_3D('',#110,#6797,#6798);
#6797=DIRECTION('',(0,0,1));
#6798=DIRECTION('',(-0.9999087040428727,0.013512349140804361,0));
#6799=FACE_BOUND('',#6800,.T.);
#6800=EDGE_LOOP('',(#6801,#6802,#6803));
#6801=ORIENTED_EDGE('',*,*,#6804,.T.);
#6802=ORIENTED_EDGE('',*,*,#6805,.T.);
#6803=ORIENTED_EDGE('',*,*,#6806,.T.);
#6804=EDGE_CURVE('',#111,#119,#6807,.F.);
#6805=EDGE_CURVE('',#119,#117,#6808,.T.);
#6806=EDGE_CURVE('',#117,#111,#6809,.T.);
#6807=LINE('',#110,#6810);
#6808=LINE('',#118,#6811);
#6809=LINE('',#116,#6812);
#6810=VECTOR('',#6813,1.0);
#6811=VECTOR('',#6814,1.0);
#6812=VECTOR('',#6815,1.0);
#6813=DIRECTION('',(-0.9999087040428727,0.013512349140804361,0));
#6814=DIRECTION('',(-0.09218700631350372,-0.9957417114226731,0));
#6815=DIRECTION('',(0.9780518671097717,0.20836157333608704,0));
#6816=FACE_SURFACE('',(#6821),#6817,.T.);
#6817=PLANE('',#6818);
#6818=AXIS2_PLACEMENT_3D('',#96,#6819,#6820);
#6819=DIRECTION('',(-2.0944103504109692E-08,5.828358078648827E-08,0.9999999999999981));
#6820=DIRECTION('',(0.9410827243129388,0.3381764421123052,0));
#6821=FACE_BOUND('',#6822,.T.);
#6822=EDGE_LOOP('',(#6823,#6824,#6825));
#6823=ORIENTED_EDGE('',*,*,#6826,.T.);
#6824=ORIENTED_EDGE('',*,*,#6827,.T.);
#6825=ORIENTED_EDGE('',*,*,#6828,.T.);
#6826=EDGE_CURVE('',#97,#103,#6829,.F.);
#6827=EDGE_CURVE('',#103,#111,#6830,.T.);
#6828=EDGE_CURVE('',#111,#97,#6831,.T.);
#6829=LINE('',#96,#6832);
#6830=LINE('',#102,#6833);
#6831=LINE('',#110,#6834);
#6832=VECTOR('',#6835,1.0);
#6833=VECTOR('',#6836,1.0);
#6834=VECTOR('',#6837,1.0);
#6835=DIRECTION('',(0.9410827243129388,0.3381764421123052,0));
#6836=DIRECTION('',(-0.0032069405986525604,0.9999948577527753,-5.8350447573736546E-08));
#6837=DIRECTION('',(-0.1329554044538548,-0.9911220209573132,5.498150862542089E-08));
#6838=FACE_SURFACE('',(#6843),#6839,.T.);
#6839=PLANE('',#6840);
#6840=AXIS2_PLACEMENT_3D('',#82,#6841,#6842);
#6841=DIRECTION('',(-6.406882324263845E-08,6.406860466201171E-08,0.9999999999999959));
#6842=DIRECTION('',(0.7071055749817895,0.707107987389248,0));
#6843=FACE_BOUND('',#6844,.T.);
#6844=EDGE_LOOP('',(#6845,#6846,#6847));
#6845=ORIENTED_EDGE('',*,*,#6848,.T.);
#6846=ORIENTED_EDGE('',*,*,#6849,.T.);
#6847=ORIENTED_EDGE('',*,*,#6850,.T.);
#6848=EDGE_CURVE('',#83,#97,#6851,.F.);
#6849=EDGE_CURVE('',#97,#111,#6852,.T.);
#6850=EDGE_CURVE('',#111,#83,#6853,.T.);
#6851=LINE('',#82,#6854);
#6852=LINE('',#96,#6855);
#6853=LINE('',#110,#6856);
#6854=VECTOR('',#6857,1.0);
#6855=VECTOR('',#6858,1.0);
#6856=VECTOR('',#6859,1.0);
#6857=DIRECTION('',(0.7071055749817895,0.707107987389248,0));
#6858=DIRECTION('',(0.1329554044538548,0.9911220209573132,-5.498150862542089E-08));
#6859=DIRECTION('',(-0.15935452715282838,-0.9872214213011667,5.3040241922145187E-08));
#6860=FACE_SURFACE('',(#6865),#6861,.T.);
#6861=PLANE('',#6862);
#6862=AXIS2_PLACEMENT_3D('',#110,#6863,#6864);
#6863=DIRECTION('',(-1.2470356214874499E-08,5.85360101874867E-08,0.9999999999999982));
#6864=DIRECTION('',(-0.9780518671097717,-0.20836157333608704,0));
#6865=FACE_BOUND('',#6866,.T.);
#6866=EDGE_LOOP('',(#6867,#6868,#6869));
#6867=ORIENTED_EDGE('',*,*,#6870,.T.);
#6868=ORIENTED_EDGE('',*,*,#6871,.T.);
#6869=ORIENTED_EDGE('',*,*,#6872,.T.);
#6870=EDGE_CURVE('',#111,#117,#6873,.F.);
#6871=EDGE_CURVE('',#117,#99,#6874,.T.);
#6872=EDGE_CURVE('',#99,#111,#6875,.T.);
#6873=LINE('',#110,#6876);
#6874=LINE('',#116,#6877);
#6875=LINE('',#98,#6878);
#6876=VECTOR('',#6879,1.0);
#6877=VECTOR('',#6880,1.0);
#6878=VECTOR('',#6881,1.0);
#6879=DIRECTION('',(-0.9780518671097717,-0.20836157333608704,0));
#6880=DIRECTION('',(0.016868978624422964,-0.9998577086566695,5.873804319239167E-08));
#6881=DIRECTION('',(0.8070750254273018,0.5904488998478356,-2.4498009757475914E-08));
#6882=FACE_SURFACE('',(#6887),#6883,.T.);
#6883=PLANE('',#6884);
#6884=AXIS2_PLACEMENT_3D('',#98,#6885,#6886);
#6885=DIRECTION('',(0,0,1));
#6886=DIRECTION('',(0.999990860614253,0.004275358226577532,0));
#6887=FACE_BOUND('',#6888,.T.);
#6888=EDGE_LOOP('',(#6889,#6890,#6891));
#6889=ORIENTED_EDGE('',*,*,#6892,.T.);
#6890=ORIENTED_EDGE('',*,*,#6893,.T.);
#6891=ORIENTED_EDGE('',*,*,#6894,.T.);
#6892=EDGE_CURVE('',#99,#79,#6895,.F.);
#6893=EDGE_CURVE('',#79,#113,#6896,.T.);
#6894=EDGE_CURVE('',#113,#99,#6897,.T.);
#6895=LINE('',#98,#6898);
#6896=LINE('',#78,#6899);
#6897=LINE('',#112,#6900);
#6898=VECTOR('',#6901,1.0);
#6899=VECTOR('',#6902,1.0);
#6900=VECTOR('',#6903,1.0);
#6901=DIRECTION('',(0.999990860614253,0.004275358226577532,0));
#6902=DIRECTION('',(-0.719844245334259,0.6941356225257073,0));
#6903=DIRECTION('',(-0.9976235065998698,-0.0689009367090149,0));
#6904=FACE_SURFACE('',(#6909),#6905,.T.);
#6905=PLANE('',#6906);
#6906=AXIS2_PLACEMENT_3D('',#98,#6907,#6908);
#6907=DIRECTION('',(0,0,1));
#6908=DIRECTION('',(0.9976235065998698,0.0689009367090149,0));
#6909=FACE_BOUND('',#6910,.T.);
#6910=EDGE_LOOP('',(#6911,#6912,#6913));
#6911=ORIENTED_EDGE('',*,*,#6914,.T.);
#6912=ORIENTED_EDGE('',*,*,#6915,.T.);
#6913=ORIENTED_EDGE('',*,*,#6916,.T.);
#6914=EDGE_CURVE('',#99,#113,#6917,.F.);
#6915=EDGE_CURVE('',#113,#85,#6918,.T.);
#6916=EDGE_CURVE('',#85,#99,#6919,.T.);
#6917=LINE('',#98,#6920);
#6918=LINE('',#112,#6921);
#6919=LINE('',#84,#6922);
#6920=VECTOR('',#6923,1.0);
#6921=VECTOR('',#6924,1.0);
#6922=VECTOR('',#6925,1.0);
#6923=DIRECTION('',(0.9976235065998698,0.0689009367090149,0));
#6924=DIRECTION('',(-0.857491893190151,0.514497476294268,0));
#6925=DIRECTION('',(-0.9963698312768307,-0.08513024915610198,0));
#6926=FACE_SURFACE('',(#6931),#6927,.T.);
#6927=PLANE('',#6928);
#6928=AXIS2_PLACEMENT_3D('',#82,#6929,#6930);
#6929=DIRECTION('',(-1.0150685010350934E-08,5.536528923795779E-08,0.9999999999999983));
#6930=DIRECTION('',(0.15935452715282838,0.9872214213011667,-5.3040241922145187E-08));
#6931=FACE_BOUND('',#6932,.T.);
#6932=EDGE_LOOP('',(#6933,#6934,#6935));
#6933=ORIENTED_EDGE('',*,*,#6936,.T.);
#6934=ORIENTED_EDGE('',*,*,#6937,.T.);
#6935=ORIENTED_EDGE('',*,*,#6938,.T.);
#6936=EDGE_CURVE('',#83,#111,#6939,.F.);
#6937=EDGE_CURVE('',#111,#99,#6940,.T.);
#6938=EDGE_CURVE('',#99,#83,#6941,.T.);
#6939=LINE('',#82,#6942);
#6940=LINE('',#110,#6943);
#6941=LINE('',#98,#6944);
#6942=VECTOR('',#6945,1.0);
#6943=VECTOR('',#6946,1.0);
#6944=VECTOR('',#6947,1.0);
#6945=DIRECTION('',(0.15935452715282838,0.9872214213011667,-5.3040241922145187E-08));
#6946=DIRECTION('',(-0.8070750254273018,-0.5904488998478356,2.4498009757475914E-08));
#6947=DIRECTION('',(0.9836053536723298,0.18033443439102548,0));
#6948=FACE_SURFACE('',(#6953),#6949,.T.);
#6949=PLANE('',#6950);
#6950=AXIS2_PLACEMENT_3D('',#84,#6951,#6952);
#6951=DIRECTION('',(0,-0,1));
#6952=DIRECTION('',(0,1,0));
#6953=FACE_BOUND('',#6954,.T.);
#6954=EDGE_LOOP('',(#6955,#6956,#6957));
#6955=ORIENTED_EDGE('',*,*,#6958,.T.);
#6956=ORIENTED_EDGE('',*,*,#6959,.T.);
#6957=ORIENTED_EDGE('',*,*,#6960,.T.);
#6958=EDGE_CURVE('',#85,#83,#6961,.F.);
#6959=EDGE_CURVE('',#83,#99,#6962,.T.);
#6960=EDGE_CURVE('',#99,#85,#6963,.T.);
#6961=LINE('',#84,#6964);
#6962=LINE('',#82,#6965);
#6963=LINE('',#98,#6966);
#6964=VECTOR('',#6967,1.0);
#6965=VECTOR('',#6968,1.0);
#6966=VECTOR('',#6969,1.0);
#6967=DIRECTION('',(0,1,0));
#6968=DIRECTION('',(-0.9836053536723298,-0.18033443439102548,0));
#6969=DIRECTION('',(0.9963698312768307,0.08513024915610198,0));
#6970=FACE_SURFACE('',(#6975),#6971,.T.);
#6971=PLANE('',#6972);
#6972=AXIS2_PLACEMENT_3D('',#68,#6973,#6974);
#6973=DIRECTION('',(0.9999859976930365,0.005291920054415227,0));
#6974=DIRECTION('',(-0.005291920054415222,0.9999859976930355,-4.5134416402968254E-08));
#6975=FACE_BOUND('',#6976,.T.);
#6976=EDGE_LOOP('',(#6977,#6978,#6979));
#6977=ORIENTED_EDGE('',*,*,#6980,.T.);
#6978=ORIENTED_EDGE('',*,*,#6981,.T.);
#6979=ORIENTED_EDGE('',*,*,#6982,.T.);
#6980=EDGE_CURVE('',#69,#67,#6983,.F.);
#6981=EDGE_CURVE('',#67,#111,#6984,.T.);
#6982=EDGE_CURVE('',#111,#69,#6985,.T.);
#6983=LINE('',#68,#6986);
#6984=LINE('',#66,#6987);
#6985=LINE('',#110,#6988);
#6986=VECTOR('',#6989,1.0);
#6987=VECTOR('',#6990,1.0);
#6988=VECTOR('',#6991,1.0);
#6989=DIRECTION('',(-0.005291920054415222,0.9999859976930355,-4.5134416402968254E-08));
#6990=DIRECTION('',(0,0,1));
#6991=DIRECTION('',(0.003119725604940316,-0.5895179612514929,-0.8077492436852128));
#6992=FACE_SURFACE('',(#6997),#6993,.T.);
#6993=PLANE('',#6994);
#6994=AXIS2_PLACEMENT_3D('',#110,#6995,#6996);
#6995=DIRECTION('',(0.9999859976930365,0.005291920054415227,0));
#6996=DIRECTION('',(0.005291920054415227,-0.9999859976930365,0));
#6997=FACE_BOUND('',#6998,.T.);
#6998=EDGE_LOOP('',(#6999,#7000,#7001));
#6999=ORIENTED_EDGE('',*,*,#7002,.T.);
#7000=ORIENTED_EDGE('',*,*,#7003,.T.);
#7001=ORIENTED_EDGE('',*,*,#7004,.T.);
#7002=EDGE_CURVE('',#111,#127,#7005,.F.);
#7003=EDGE_CURVE('',#127,#129,#7006,.T.);
#7004=EDGE_CURVE('',#129,#111,#7007,.T.);
#7005=LINE('',#110,#7008);
#7006=LINE('',#126,#7009);
#7007=LINE('',#128,#7010);
#7008=VECTOR('',#7011,1.0);
#7009=VECTOR('',#7012,1.0);
#7010=VECTOR('',#7013,1.0);
#7011=DIRECTION('',(0.005291920054415227,-0.9999859976930365,0));
#7012=DIRECTION('',(0,0,-1));
#7013=DIRECTION('',(-0.004365683368320248,0.824959975545971,0.5651742913083704));
#7014=FACE_SURFACE('',(#7019),#7015,.T.);
#7015=PLANE('',#7016);
#7016=AXIS2_PLACEMENT_3D('',#110,#7017,#7018);
#7017=DIRECTION('',(0.9999859976930365,0.005291920054415227,0));
#7018=DIRECTION('',(0.004365683368320248,-0.824959975545971,-0.5651742913083704));
#7019=FACE_BOUND('',#7020,.T.);
#7020=EDGE_LOOP('',(#7021,#7022,#7023));
#7021=ORIENTED_EDGE('',*,*,#7024,.T.);
#7022=ORIENTED_EDGE('',*,*,#7025,.T.);
#7023=ORIENTED_EDGE('',*,*,#7026,.T.);
#7024=EDGE_CURVE('',#111,#129,#7027,.F.);
#7025=EDGE_CURVE('',#129,#69,#7028,.T.);
#7026=EDGE_CURVE('',#69,#111,#7029,.T.);
#7027=LINE('',#110,#7030);
#7028=LINE('',#128,#7031);
#7029=LINE('',#68,#7032);
#7030=VECTOR('',#7033,1.0);
#7031=VECTOR('',#7034,1.0);
#7032=VECTOR('',#7035,1.0);
#7033=DIRECTION('',(0.004365683368320248,-0.824959975545971,-0.5651742913083704));
#7034=DIRECTION('',(0,0,-1));
#7035=DIRECTION('',(-0.003119725604940316,0.5895179612514929,0.8077492436852128));
#7036=FACE_SURFACE('',(#7041),#7037,.T.);
#7037=PLANE('',#7038);
#7038=AXIS2_PLACEMENT_3D('',#104,#7039,#7040);
#7039=DIRECTION('',(0.44721369366229385,0.0016104579512747294,-0.8944256920650899));
#7040=DIRECTION('',(-0.8944268519473195,0,-0.44721427360450783));
#7041=FACE_BOUND('',#7042,.T.);
#7042=EDGE_LOOP('',(#7043,#7044,#7045));
#7043=ORIENTED_EDGE('',*,*,#7046,.T.);
#7044=ORIENTED_EDGE('',*,*,#7047,.T.);
#7045=ORIENTED_EDGE('',*,*,#7048,.T.);
#7046=EDGE_CURVE('',#105,#131,#7049,.F.);
#7047=EDGE_CURVE('',#131,#133,#7050,.T.);
#7048=EDGE_CURVE('',#133,#105,#7051,.T.);
#7049=LINE('',#104,#7052);
#7050=LINE('',#130,#7053);
#7051=LINE('',#132,#7054);
#7052=VECTOR('',#7055,1.0);
#7053=VECTOR('',#7056,1.0);
#7054=VECTOR('',#7057,1.0);
#7055=DIRECTION('',(-0.8944268519473195,0,-0.44721427360450783));
#7056=DIRECTION('',(-0.0036011676035495083,0.9999935157749219,-4.9145253610315904E-08));
#7057=DIRECTION('',(0.05535634708293247,-0.9981311770232427,0.025881041165880657));
#7058=FACE_SURFACE('',(#7063),#7059,.T.);
#7059=PLANE('',#7060);
#7060=AXIS2_PLACEMENT_3D('',#104,#7061,#7062);
#7061=DIRECTION('',(0.44721369366229385,0.0016104579512747294,-0.8944256920650899));
#7062=DIRECTION('',(-0.05535634708293247,0.9981311770232427,-0.025881041165880657));
#7063=FACE_BOUND('',#7064,.T.);
#7064=EDGE_LOOP('',(#7065,#7066,#7067));
#7065=ORIENTED_EDGE('',*,*,#7068,.T.);
#7066=ORIENTED_EDGE('',*,*,#7069,.T.);
#7067=ORIENTED_EDGE('',*,*,#7070,.T.);
#7068=EDGE_CURVE('',#105,#133,#7071,.F.);
#7069=EDGE_CURVE('',#133,#115,#7072,.T.);
#7070=EDGE_CURVE('',#115,#105,#7073,.T.);
#7071=LINE('',#104,#7074);
#7072=LINE('',#132,#7075);
#7073=LINE('',#114,#7076);
#7074=VECTOR('',#7077,1.0);
#7075=VECTOR('',#7078,1.0);
#7076=VECTOR('',#7079,1.0);
#7077=DIRECTION('',(-0.05535634708293247,0.9981311770232427,-0.025881041165880657));
#7078=DIRECTION('',(0.8944268519473195,0,0.44721427360450783));
#7079=DIRECTION('',(0.0036011676035495083,-0.9999935157749219,4.9145253610315904E-08));
#7080=FACE_SURFACE('',(#7085),#7081,.T.);
#7081=PLANE('',#7082);
#7082=AXIS2_PLACEMENT_3D('',#130,#7083,#7084);
#7083=DIRECTION('',(0.9363239362389985,0.003372048098298186,-0.351121226526581));
#7084=DIRECTION('',(-0.35112322279214125,0,-0.9363292596176094));
#7085=FACE_BOUND('',#7086,.T.);
#7086=EDGE_LOOP('',(#7087,#7088,#7089));
#7087=ORIENTED_EDGE('',*,*,#7090,.T.);
#7088=ORIENTED_EDGE('',*,*,#7091,.T.);
#7089=ORIENTED_EDGE('',*,*,#7092,.T.);
#7090=EDGE_CURVE('',#131,#135,#7093,.F.);
#7091=EDGE_CURVE('',#135,#137,#7094,.T.);
#7092=EDGE_CURVE('',#137,#131,#7095,.T.);
#7093=LINE('',#130,#7096);
#7094=LINE('',#134,#7097);
#7095=LINE('',#136,#7098);
#7096=VECTOR('',#7099,1.0);
#7097=VECTOR('',#7100,1.0);
#7098=VECTOR('',#7101,1.0);
#7099=DIRECTION('',(-0.35112322279214125,0,-0.9363292596176094));
#7100=DIRECTION('',(-0.0036013641820143976,0.9999935150669859,-4.9145253575523986E-08));
#7101=DIRECTION('',(0.029447669731584473,-0.9971853672540255,0.06895054808943797));
#7102=FACE_SURFACE('',(#7107),#7103,.T.);
#7103=PLANE('',#7104);
#7104=AXIS2_PLACEMENT_3D('',#130,#7105,#7106);
#7105=DIRECTION('',(0.9363230616484761,0.0033718608839132524,-0.351123560558678));
#7106=DIRECTION('',(-0.029447669731584473,0.9971853672540255,-0.06895054808943797));
#7107=FACE_BOUND('',#7108,.T.);
#7108=EDGE_LOOP('',(#7109,#7110,#7111));
#7109=ORIENTED_EDGE('',*,*,#7112,.T.);
#7110=ORIENTED_EDGE('',*,*,#7113,.T.);
#7111=ORIENTED_EDGE('',*,*,#7114,.T.);
#7112=EDGE_CURVE('',#131,#137,#7115,.F.);
#7113=EDGE_CURVE('',#137,#133,#7116,.T.);
#7114=EDGE_CURVE('',#133,#131,#7117,.T.);
#7115=LINE('',#130,#7118);
#7116=LINE('',#136,#7119);
#7117=LINE('',#132,#7120);
#7118=VECTOR('',#7121,1.0);
#7119=VECTOR('',#7122,1.0);
#7120=VECTOR('',#7123,1.0);
#7121=DIRECTION('',(-0.029447669731584473,0.9971853672540255,-0.06895054808943797));
#7122=DIRECTION('',(0.35112555661584754,0,0.9363283844310238));
#7123=DIRECTION('',(0.0036011676035495083,-0.9999935157749219,4.9145253610315904E-08));
#7124=FACE_SURFACE('',(#7129),#7125,.T.);
#7125=PLANE('',#7126);
#7126=AXIS2_PLACEMENT_3D('',#134,#7127,#7128);
#7127=DIRECTION('',(0.983863425432053,0.0035430712766561555,-0.17888601606340196));
#7128=DIRECTION('',(-0.17888713888372237,0,-0.9838696008831637));
#7129=FACE_BOUND('',#7130,.T.);
#7130=EDGE_LOOP('',(#7131,#7132,#7133));
#7131=ORIENTED_EDGE('',*,*,#7134,.T.);
#7132=ORIENTED_EDGE('',*,*,#7135,.T.);
#7133=ORIENTED_EDGE('',*,*,#7136,.T.);
#7134=EDGE_CURVE('',#135,#139,#7137,.F.);
#7135=EDGE_CURVE('',#139,#141,#7138,.T.);
#7136=EDGE_CURVE('',#141,#135,#7139,.T.);
#7137=LINE('',#134,#7140);
#7138=LINE('',#138,#7141);
#7139=LINE('',#140,#7142);
#7140=VECTOR('',#7143,1.0);
#7141=VECTOR('',#7144,1.0);
#7142=VECTOR('',#7145,1.0);
#7143=DIRECTION('',(-0.17888713888372237,0,-0.9838696008831637));
#7144=DIRECTION('',(-0.0036011676035495083,0.9999935157749219,-4.9145253610315904E-08));
#7145=DIRECTION('',(0.020789391974318814,-0.9952956626055081,0.09462740184534797));
#7146=FACE_SURFACE('',(#7151),#7147,.T.);
#7147=PLANE('',#7148);
#7148=AXIS2_PLACEMENT_3D('',#134,#7149,#7150);
#7149=DIRECTION('',(0.9838637827912727,0.003543265973866337,-0.17888404673946104));
#7150=DIRECTION('',(-0.020789391974318814,0.9952956626055081,-0.09462740184534797));
#7151=FACE_BOUND('',#7152,.T.);
#7152=EDGE_LOOP('',(#7153,#7154,#7155));
#7153=ORIENTED_EDGE('',*,*,#7156,.T.);
#7154=ORIENTED_EDGE('',*,*,#7157,.T.);
#7155=ORIENTED_EDGE('',*,*,#7158,.T.);
#7156=EDGE_CURVE('',#135,#141,#7159,.F.);
#7157=EDGE_CURVE('',#141,#137,#7160,.T.);
#7158=EDGE_CURVE('',#137,#135,#7161,.T.);
#7159=LINE('',#134,#7162);
#7160=LINE('',#140,#7163);
#7161=LINE('',#136,#7164);
#7162=VECTOR('',#7165,1.0);
#7163=VECTOR('',#7166,1.0);
#7164=VECTOR('',#7167,1.0);
#7165=DIRECTION('',(-0.020789391974318814,0.9952956626055081,-0.09462740184534797));
#7166=DIRECTION('',(0.17888516967082513,0,0.9838699589233528));
#7167=DIRECTION('',(0.0036013641820143976,-0.9999935150669859,4.9145253575523986E-08));
#7168=FACE_SURFACE('',(#7173),#7169,.T.);
#7169=PLANE('',#7170);
#7170=AXIS2_PLACEMENT_3D('',#138,#7171,#7172);
#7171=DIRECTION('',(0.928471682934993,0.003343585573995432,-0.37138814523806624));
#7172=DIRECTION('',(-0.3713902212343332,0,-0.9284768729330382));
#7173=FACE_BOUND('',#7174,.T.);
#7174=EDGE_LOOP('',(#7175,#7176,#7177));
#7175=ORIENTED_EDGE('',*,*,#7178,.T.);
#7176=ORIENTED_EDGE('',*,*,#7179,.T.);
#7177=ORIENTED_EDGE('',*,*,#7180,.T.);
#7178=EDGE_CURVE('',#139,#143,#7181,.F.);
#7179=EDGE_CURVE('',#143,#145,#7182,.T.);
#7180=EDGE_CURVE('',#145,#139,#7183,.T.);
#7181=LINE('',#138,#7184);
#7182=LINE('',#142,#7185);
#7183=LINE('',#144,#7186);
#7184=VECTOR('',#7187,1.0);
#7185=VECTOR('',#7188,1.0);
#7186=VECTOR('',#7189,1.0);
#7187=DIRECTION('',(-0.3713902212343332,0,-0.9284768729330382));
#7188=DIRECTION('',(-0.0036011676035495083,0.9999935157749219,-4.9145253610315904E-08));
#7189=DIRECTION('',(0.038004456899976814,-0.9955658485398068,0.08604825667584644));
#7190=FACE_SURFACE('',(#7195),#7191,.T.);
#7191=PLANE('',#7192);
#7192=AXIS2_PLACEMENT_3D('',#138,#7193,#7194);
#7193=DIRECTION('',(0.928471682934993,0.003343585573995432,-0.37138814523806624));
#7194=DIRECTION('',(-0.038004456899976814,0.9955658485398068,-0.08604825667584644));
#7195=FACE_BOUND('',#7196,.T.);
#7196=EDGE_LOOP('',(#7197,#7198,#7199));
#7197=ORIENTED_EDGE('',*,*,#7200,.T.);
#7198=ORIENTED_EDGE('',*,*,#7201,.T.);
#7199=ORIENTED_EDGE('',*,*,#7202,.T.);
#7200=EDGE_CURVE('',#139,#145,#7203,.F.);
#7201=EDGE_CURVE('',#145,#141,#7204,.T.);
#7202=EDGE_CURVE('',#141,#139,#7205,.T.);
#7203=LINE('',#138,#7206);
#7204=LINE('',#144,#7207);
#7205=LINE('',#140,#7208);
#7206=VECTOR('',#7209,1.0);
#7207=VECTOR('',#7210,1.0);
#7208=VECTOR('',#7211,1.0);
#7209=DIRECTION('',(-0.038004456899976814,0.9955658485398068,-0.08604825667584644));
#7210=DIRECTION('',(0.3713902212343332,0,0.9284768729330382));
#7211=DIRECTION('',(0.0036011676035495083,-0.9999935157749219,4.9145253610315904E-08));
#7212=FACE_SURFACE('',(#7217),#7213,.T.);
#7213=PLANE('',#7214);
#7214=AXIS2_PLACEMENT_3D('',#142,#7215,#7216);
#7215=DIRECTION('',(0.9138059816893702,0.0032907748655107093,-0.40613765970359217));
#7216=DIRECTION('',(-0.40613985879426595,0,-0.913810929623067));
#7217=FACE_BOUND('',#7218,.T.);
#7218=EDGE_LOOP('',(#7219,#7220,#7221));
#7219=ORIENTED_EDGE('',*,*,#7222,.T.);
#7220=ORIENTED_EDGE('',*,*,#7223,.T.);
#7221=ORIENTED_EDGE('',*,*,#7224,.T.);
#7222=EDGE_CURVE('',#143,#147,#7225,.F.);
#7223=EDGE_CURVE('',#147,#149,#7226,.T.);
#7224=EDGE_CURVE('',#149,#143,#7227,.T.);
#7225=LINE('',#142,#7228);
#7226=LINE('',#146,#7229);
#7227=LINE('',#148,#7230);
#7228=VECTOR('',#7231,1.0);
#7229=VECTOR('',#7232,1.0);
#7230=VECTOR('',#7233,1.0);
#7231=DIRECTION('',(-0.40613985879426595,0,-0.913810929623067));
#7232=DIRECTION('',(-0.0036011676035495096,0.9999935157749222,-3.685894020773694E-08));
#7233=DIRECTION('',(0.038031413356756576,-0.9962668702078004,0.07749796722779986));
#7234=FACE_SURFACE('',(#7239),#7235,.T.);
#7235=PLANE('',#7236);
#7236=AXIS2_PLACEMENT_3D('',#142,#7237,#7238);
#7237=DIRECTION('',(0.9138059578970511,0.0032907697898604646,-0.4061377132772124));
#7238=DIRECTION('',(-0.038031413356756576,0.9962668702078004,-0.07749796722779986));
#7239=FACE_BOUND('',#7240,.T.);
#7240=EDGE_LOOP('',(#7241,#7242,#7243));
#7241=ORIENTED_EDGE('',*,*,#7244,.T.);
#7242=ORIENTED_EDGE('',*,*,#7245,.T.);
#7243=ORIENTED_EDGE('',*,*,#7246,.T.);
#7244=EDGE_CURVE('',#143,#149,#7247,.F.);
#7245=EDGE_CURVE('',#149,#145,#7248,.T.);
#7246=EDGE_CURVE('',#145,#143,#7249,.T.);
#7247=LINE('',#142,#7250);
#7248=LINE('',#148,#7251);
#7249=LINE('',#144,#7252);
#7250=VECTOR('',#7253,1.0);
#7251=VECTOR('',#7254,1.0);
#7252=VECTOR('',#7255,1.0);
#7253=DIRECTION('',(-0.038031413356756576,0.9962668702078004,-0.07749796722779986));
#7254=DIRECTION('',(0.40613991236139235,0,0.9138109058153554));
#7255=DIRECTION('',(0.0036011676035495083,-0.9999935157749219,4.9145253610315904E-08));
#7256=FACE_SURFACE('',(#7261),#7257,.T.);
#7257=PLANE('',#7258);
#7258=AXIS2_PLACEMENT_3D('',#146,#7259,#7260);
#7259=DIRECTION('',(0.7525743368422633,0.002710131531967647,-0.6585017256723836));
#7260=DIRECTION('',(-0.6585041439716965,0,-0.7525771006163442));
#7261=FACE_BOUND('',#7262,.T.);
#7262=EDGE_LOOP('',(#7263,#7264,#7265));
#7263=ORIENTED_EDGE('',*,*,#7266,.T.);
#7264=ORIENTED_EDGE('',*,*,#7267,.T.);
#7265=ORIENTED_EDGE('',*,*,#7268,.T.);
#7266=EDGE_CURVE('',#147,#151,#7269,.F.);
#7267=EDGE_CURVE('',#151,#153,#7270,.T.);
#7268=EDGE_CURVE('',#153,#147,#7271,.T.);
#7269=LINE('',#146,#7272);
#7270=LINE('',#150,#7273);
#7271=LINE('',#152,#7274);
#7272=VECTOR('',#7275,1.0);
#7273=VECTOR('',#7276,1.0);
#7274=VECTOR('',#7277,1.0);
#7275=DIRECTION('',(-0.6585041439716965,0,-0.7525771006163442));
#7276=DIRECTION('',(-0.0036011676035495083,0.9999935157749219,-4.9145253610315904E-08));
#7277=DIRECTION('',(0.06382006442997144,-0.995584286038253,0.06883987775887102));
#7278=FACE_SURFACE('',(#7283),#7279,.T.);
#7279=PLANE('',#7280);
#7280=AXIS2_PLACEMENT_3D('',#146,#7281,#7282);
#7281=DIRECTION('',(0.7525743948121195,0.0027101398313416516,-0.658501659386874));
#7282=DIRECTION('',(-0.06382006442997144,0.995584286038253,-0.06883987775887102));
#7283=FACE_BOUND('',#7284,.T.);
#7284=EDGE_LOOP('',(#7285,#7286,#7287));
#7285=ORIENTED_EDGE('',*,*,#7288,.T.);
#7286=ORIENTED_EDGE('',*,*,#7289,.T.);
#7287=ORIENTED_EDGE('',*,*,#7290,.T.);
#7288=EDGE_CURVE('',#147,#153,#7291,.F.);
#7289=EDGE_CURVE('',#153,#149,#7292,.T.);
#7290=EDGE_CURVE('',#149,#147,#7293,.T.);
#7291=LINE('',#146,#7294);
#7292=LINE('',#152,#7295);
#7293=LINE('',#148,#7296);
#7294=VECTOR('',#7297,1.0);
#7295=VECTOR('',#7298,1.0);
#7296=VECTOR('',#7299,1.0);
#7297=DIRECTION('',(-0.06382006442997144,0.995584286038253,-0.06883987775887102));
#7298=DIRECTION('',(0.6585040777007549,0,0.7525771586033408));
#7299=DIRECTION('',(0.0036011676035495096,-0.9999935157749222,3.685894020773694E-08));
#7300=FACE_SURFACE('',(#7305),#7301,.T.);
#7301=PLANE('',#7302);
#7302=AXIS2_PLACEMENT_3D('',#150,#7303,#7304);
#7303=DIRECTION('',(0.554699680813011,0.0019976527370799634,-0.8320482398812498));
#7304=DIRECTION('',(-0.8320499000789187,0,-0.5547007876131614));
#7305=FACE_BOUND('',#7306,.T.);
#7306=EDGE_LOOP('',(#7307,#7308,#7309));
#7307=ORIENTED_EDGE('',*,*,#7310,.T.);
#7308=ORIENTED_EDGE('',*,*,#7311,.T.);
#7309=ORIENTED_EDGE('',*,*,#7312,.T.);
#7310=EDGE_CURVE('',#151,#155,#7313,.F.);
#7311=EDGE_CURVE('',#155,#157,#7314,.T.);
#7312=EDGE_CURVE('',#157,#151,#7315,.T.);
#7313=LINE('',#150,#7316);
#7314=LINE('',#154,#7317);
#7315=LINE('',#156,#7318);
#7316=VECTOR('',#7319,1.0);
#7317=VECTOR('',#7320,1.0);
#7318=VECTOR('',#7321,1.0);
#7319=DIRECTION('',(-0.8320499000789187,0,-0.5547007876131614));
#7320=DIRECTION('',(-0.0036013641820143985,0.9999935150669861,-4.3002096878583496E-08));
#7321=DIRECTION('',(0.08101320063599853,-0.9953754717447555,0.051619100840842376));
#7322=FACE_SURFACE('',(#7327),#7323,.T.);
#7323=PLANE('',#7324);
#7324=AXIS2_PLACEMENT_3D('',#150,#7325,#7326);
#7325=DIRECTION('',(0.5546986649719984,0.0019975349232403054,-0.8320489173915878));
#7326=DIRECTION('',(-0.08101320063599853,0.9953754717447555,-0.051619100840842376));
#7327=FACE_BOUND('',#7328,.T.);
#7328=EDGE_LOOP('',(#7329,#7330,#7331));
#7329=ORIENTED_EDGE('',*,*,#7332,.T.);
#7330=ORIENTED_EDGE('',*,*,#7333,.T.);
#7331=ORIENTED_EDGE('',*,*,#7334,.T.);
#7332=EDGE_CURVE('',#151,#157,#7335,.F.);
#7333=EDGE_CURVE('',#157,#153,#7336,.T.);
#7334=EDGE_CURVE('',#153,#151,#7337,.T.);
#7335=LINE('',#150,#7338);
#7336=LINE('',#156,#7339);
#7337=LINE('',#152,#7340);
#7338=VECTOR('',#7341,1.0);
#7339=VECTOR('',#7342,1.0);
#7340=VECTOR('',#7343,1.0);
#7341=DIRECTION('',(-0.08101320063599853,0.9953754717447555,-0.051619100840842376));
#7342=DIRECTION('',(0.8320505773947894,0,0.554699771639576));
#7343=DIRECTION('',(0.0036011676035495083,-0.9999935157749219,4.9145253610315904E-08));
#7344=FACE_SURFACE('',(#7349),#7345,.T.);
#7345=PLANE('',#7346);
#7346=AXIS2_PLACEMENT_3D('',#154,#7347,#7348);
#7347=DIRECTION('',(0.17888525843103942,0.0006441546437636099,-0.9838697319161999));
#7348=DIRECTION('',(-0.983869936037358,0,-0.1788852955439467));
#7349=FACE_BOUND('',#7350,.T.);
#7350=EDGE_LOOP('',(#7351,#7352,#7353));
#7351=ORIENTED_EDGE('',*,*,#7354,.T.);
#7352=ORIENTED_EDGE('',*,*,#7355,.T.);
#7353=ORIENTED_EDGE('',*,*,#7356,.T.);
#7354=EDGE_CURVE('',#155,#159,#7357,.F.);
#7355=EDGE_CURVE('',#159,#161,#7358,.T.);
#7356=EDGE_CURVE('',#161,#155,#7359,.T.);
#7357=LINE('',#154,#7360);
#7358=LINE('',#158,#7361);
#7359=LINE('',#160,#7362);
#7360=VECTOR('',#7363,1.0);
#7361=VECTOR('',#7364,1.0);
#7362=VECTOR('',#7365,1.0);
#7363=DIRECTION('',(-0.983869936037358,0,-0.1788852955439467));
#7364=DIRECTION('',(-0.0036011676035495083,0.9999935157749219,-4.6073675259671163E-08));
#7365=DIRECTION('',(0.09818440933511786,-0.9950195844591764,0.017200241457664626));
#7366=FACE_SURFACE('',(#7371),#7367,.T.);
#7367=PLANE('',#7368);
#7368=AXIS2_PLACEMENT_3D('',#154,#7369,#7370);
#7369=DIRECTION('',(0.17888564723450817,0.0006441942317247747,-0.9838696611987193));
#7370=DIRECTION('',(-0.09818440933511786,0.9950195844591764,-0.017200241457664626));
#7371=FACE_BOUND('',#7372,.T.);
#7372=EDGE_LOOP('',(#7373,#7374,#7375));
#7373=ORIENTED_EDGE('',*,*,#7376,.T.);
#7374=ORIENTED_EDGE('',*,*,#7377,.T.);
#7375=ORIENTED_EDGE('',*,*,#7378,.T.);
#7376=EDGE_CURVE('',#155,#161,#7379,.F.);
#7377=EDGE_CURVE('',#161,#157,#7380,.T.);
#7378=EDGE_CURVE('',#157,#155,#7381,.T.);
#7379=LINE('',#154,#7382);
#7380=LINE('',#160,#7383);
#7381=LINE('',#156,#7384);
#7382=VECTOR('',#7385,1.0);
#7383=VECTOR('',#7386,1.0);
#7384=VECTOR('',#7387,1.0);
#7385=DIRECTION('',(-0.09818440933511786,0.9950195844591764,-0.017200241457664626));
#7386=DIRECTION('',(0.9838698653449529,0,0.17888568435205796));
#7387=DIRECTION('',(0.0036013641820143985,-0.9999935150669861,4.3002096878583496E-08));
#7388=FACE_SURFACE('',(#7393),#7389,.T.);
#7389=PLANE('',#7390);
#7390=AXIS2_PLACEMENT_3D('',#158,#7391,#7392);
#7391=DIRECTION('',(0.022216735109728894,7.996064291349253E-05,-0.9997531746823112));
#7392=DIRECTION('',(-0.9997531778783743,0,-0.02221673518075251));
#7393=FACE_BOUND('',#7394,.T.);
#7394=EDGE_LOOP('',(#7395,#7396,#7397));
#7395=ORIENTED_EDGE('',*,*,#7398,.T.);
#7396=ORIENTED_EDGE('',*,*,#7399,.T.);
#7397=ORIENTED_EDGE('',*,*,#7400,.T.);
#7398=EDGE_CURVE('',#159,#163,#7401,.F.);
#7399=EDGE_CURVE('',#163,#165,#7402,.T.);
#7400=EDGE_CURVE('',#165,#159,#7403,.T.);
#7401=LINE('',#158,#7404);
#7402=LINE('',#162,#7405);
#7403=LINE('',#164,#7406);
#7404=VECTOR('',#7407,1.0);
#7405=VECTOR('',#7408,1.0);
#7406=VECTOR('',#7409,1.0);
#7407=DIRECTION('',(-0.9997531778783743,0,-0.02221673518075251));
#7408=DIRECTION('',(-0.0036011676035495083,0.9999935157749219,-4.6073675259671163E-08));
#7409=DIRECTION('',(0.36538703949977963,-0.9308209199926157,0.008045263804689196));
#7410=FACE_SURFACE('',(#7415),#7411,.T.);
#7411=PLANE('',#7412);
#7412=AXIS2_PLACEMENT_3D('',#158,#7413,#7414);
#7413=DIRECTION('',(0.022216735109728894,7.996064291349253E-05,-0.9997531746823112));
#7414=DIRECTION('',(-0.36538703949977963,0.9308209199926157,-0.008045263804689196));
#7415=FACE_BOUND('',#7416,.T.);
#7416=EDGE_LOOP('',(#7417,#7418,#7419));
#7417=ORIENTED_EDGE('',*,*,#7420,.T.);
#7418=ORIENTED_EDGE('',*,*,#7421,.T.);
#7419=ORIENTED_EDGE('',*,*,#7422,.T.);
#7420=EDGE_CURVE('',#159,#165,#7423,.F.);
#7421=EDGE_CURVE('',#165,#161,#7424,.T.);
#7422=EDGE_CURVE('',#161,#159,#7425,.T.);
#7423=LINE('',#158,#7426);
#7424=LINE('',#164,#7427);
#7425=LINE('',#160,#7428);
#7426=VECTOR('',#7429,1.0);
#7427=VECTOR('',#7430,1.0);
#7428=VECTOR('',#7431,1.0);
#7429=DIRECTION('',(-0.36538703949977963,0.9308209199926157,-0.008045263804689196));
#7430=DIRECTION('',(0.9997531778783743,0,0.02221673518075251));
#7431=DIRECTION('',(0.0036011676035495083,-0.9999935157749219,4.6073675259671163E-08));
#7432=FACE_SURFACE('',(#7437),#7433,.T.);
#7433=PLANE('',#7434);
#7434=AXIS2_PLACEMENT_3D('',#166,#7435,#7436);
#7435=DIRECTION('',(-0.44721301556021104,-0.0016104557467232876,0.8944260311204221));
#7436=DIRECTION('',(-0.0036011681344870292,0.9999935157730098,-4.9145260856037845E-08));
#7437=FACE_BOUND('',#7438,.T.);
#7438=EDGE_LOOP('',(#7439,#7440,#7441));
#7439=ORIENTED_EDGE('',*,*,#7442,.T.);
#7440=ORIENTED_EDGE('',*,*,#7443,.T.);
#7441=ORIENTED_EDGE('',*,*,#7444,.T.);
#7442=EDGE_CURVE('',#167,#169,#7445,.F.);
#7443=EDGE_CURVE('',#169,#171,#7446,.T.);
#7444=EDGE_CURVE('',#171,#167,#7447,.T.);
#7445=LINE('',#166,#7448);
#7446=LINE('',#168,#7449);
#7447=LINE('',#170,#7450);
#7448=VECTOR('',#7451,1.0);
#7449=VECTOR('',#7452,1.0);
#7450=VECTOR('',#7453,1.0);
#7451=DIRECTION('',(-0.0036011681344870292,0.9999935157730098,-4.9145260856037845E-08));
#7452=DIRECTION('',(-0.894427190999916,0,-0.447213595499958));
#7453=DIRECTION('',(0.05535635528429348,-0.9981311777409084,0.025880995946570496));
#7454=FACE_SURFACE('',(#7459),#7455,.T.);
#7455=PLANE('',#7456);
#7456=AXIS2_PLACEMENT_3D('',#166,#7457,#7458);
#7457=DIRECTION('',(-0.44721301556021104,-0.0016104557467232876,0.8944260311204221));
#7458=DIRECTION('',(-0.05535635528429348,0.9981311777409084,-0.025880995946570496));
#7459=FACE_BOUND('',#7460,.T.);
#7460=EDGE_LOOP('',(#7461,#7462,#7463));
#7461=ORIENTED_EDGE('',*,*,#7464,.T.);
#7462=ORIENTED_EDGE('',*,*,#7465,.T.);
#7463=ORIENTED_EDGE('',*,*,#7466,.T.);
#7464=EDGE_CURVE('',#167,#171,#7467,.F.);
#7465=EDGE_CURVE('',#171,#173,#7468,.T.);
#7466=EDGE_CURVE('',#173,#167,#7469,.T.);
#7467=LINE('',#166,#7470);
#7468=LINE('',#170,#7471);
#7469=LINE('',#172,#7472);
#7470=VECTOR('',#7473,1.0);
#7471=VECTOR('',#7474,1.0);
#7472=VECTOR('',#7475,1.0);
#7473=DIRECTION('',(-0.05535635528429348,0.9981311777409084,-0.025880995946570496));
#7474=DIRECTION('',(0.0036011681344870292,-0.9999935157730098,4.9145260856037845E-08));
#7475=DIRECTION('',(0.894427190999916,0,0.447213595499958));
#7476=FACE_SURFACE('',(#7481),#7477,.T.);
#7477=PLANE('',#7478);
#7478=AXIS2_PLACEMENT_3D('',#172,#7479,#7480);
#7479=DIRECTION('',(-0.9363239778420911,-0.0033718646805581424,0.3511211173463355));
#7480=DIRECTION('',(-0.0036011681344870292,0.9999935157730098,-4.9145260856037845E-08));
#7481=FACE_BOUND('',#7482,.T.);
#7482=EDGE_LOOP('',(#7483,#7484,#7485));
#7483=ORIENTED_EDGE('',*,*,#7486,.T.);
#7484=ORIENTED_EDGE('',*,*,#7487,.T.);
#7485=ORIENTED_EDGE('',*,*,#7488,.T.);
#7486=EDGE_CURVE('',#173,#171,#7489,.F.);
#7487=EDGE_CURVE('',#171,#175,#7490,.T.);
#7488=EDGE_CURVE('',#175,#173,#7491,.T.);
#7489=LINE('',#172,#7492);
#7490=LINE('',#170,#7493);
#7491=LINE('',#174,#7494);
#7492=VECTOR('',#7495,1.0);
#7493=VECTOR('',#7496,1.0);
#7494=VECTOR('',#7497,1.0);
#7495=DIRECTION('',(-0.0036011681344870292,0.9999935157730098,-4.9145260856037845E-08));
#7496=DIRECTION('',(-0.351123113394111,0,-0.9363293006418341));
#7497=DIRECTION('',(0.029447478140071162,-0.9971853704991136,0.06895058298329056));
#7498=FACE_SURFACE('',(#7503),#7499,.T.);
#7499=PLANE('',#7500);
#7500=AXIS2_PLACEMENT_3D('',#172,#7501,#7502);
#7501=DIRECTION('',(-0.9363239778420911,-0.0033718646805581424,0.3511211173463355));
#7502=DIRECTION('',(-0.029447478140071162,0.9971853704991136,-0.06895058298329056));
#7503=FACE_BOUND('',#7504,.T.);
#7504=EDGE_LOOP('',(#7505,#7506,#7507));
#7505=ORIENTED_EDGE('',*,*,#7508,.T.);
#7506=ORIENTED_EDGE('',*,*,#7509,.T.);
#7507=ORIENTED_EDGE('',*,*,#7510,.T.);
#7508=EDGE_CURVE('',#173,#175,#7511,.F.);
#7509=EDGE_CURVE('',#175,#177,#7512,.T.);
#7510=EDGE_CURVE('',#177,#173,#7513,.T.);
#7511=LINE('',#172,#7514);
#7512=LINE('',#174,#7515);
#7513=LINE('',#176,#7516);
#7514=VECTOR('',#7517,1.0);
#7515=VECTOR('',#7518,1.0);
#7516=VECTOR('',#7519,1.0);
#7517=DIRECTION('',(-0.029447478140071162,0.9971853704991136,-0.06895058298329056));
#7518=DIRECTION('',(0.0036011681344870292,-0.9999935157730098,4.9145260856037845E-08));
#7519=DIRECTION('',(0.351123113394111,0,0.9363293006418341));
#7520=FACE_SURFACE('',(#7525),#7521,.T.);
#7521=PLANE('',#7522);
#7522=AXIS2_PLACEMENT_3D('',#176,#7523,#7524);
#7523=DIRECTION('',(-0.9838637834636789,-0.0035430730884722494,0.17888404686171652));
#7524=DIRECTION('',(-0.0036011681344870292,0.9999935157730098,-4.9145260856037845E-08));
#7525=FACE_BOUND('',#7526,.T.);
#7526=EDGE_LOOP('',(#7527,#7528,#7529));
#7527=ORIENTED_EDGE('',*,*,#7530,.T.);
#7528=ORIENTED_EDGE('',*,*,#7531,.T.);
#7529=ORIENTED_EDGE('',*,*,#7532,.T.);
#7530=EDGE_CURVE('',#177,#175,#7533,.F.);
#7531=EDGE_CURVE('',#175,#179,#7534,.T.);
#7532=EDGE_CURVE('',#179,#177,#7535,.T.);
#7533=LINE('',#176,#7536);
#7534=LINE('',#174,#7537);
#7535=LINE('',#178,#7538);
#7536=VECTOR('',#7539,1.0);
#7537=VECTOR('',#7540,1.0);
#7538=VECTOR('',#7541,1.0);
#7539=DIRECTION('',(-0.0036011681344870292,0.9999935157730098,-4.9145260856037845E-08));
#7540=DIRECTION('',(-0.17888516967082513,0,-0.9838699589233528));
#7541=DIRECTION('',(0.020789199437701567,-0.9952956652765441,0.09462741605085137));
#7542=FACE_SURFACE('',(#7547),#7543,.T.);
#7543=PLANE('',#7544);
#7544=AXIS2_PLACEMENT_3D('',#176,#7545,#7546);
#7545=DIRECTION('',(-0.9838637834636789,-0.0035430730884722494,0.17888404686171652));
#7546=DIRECTION('',(-0.020789199437701567,0.9952956652765441,-0.09462741605085137));
#7547=FACE_BOUND('',#7548,.T.);
#7548=EDGE_LOOP('',(#7549,#7550,#7551));
#7549=ORIENTED_EDGE('',*,*,#7552,.T.);
#7550=ORIENTED_EDGE('',*,*,#7553,.T.);
#7551=ORIENTED_EDGE('',*,*,#7554,.T.);
#7552=EDGE_CURVE('',#177,#179,#7555,.F.);
#7553=EDGE_CURVE('',#179,#181,#7556,.T.);
#7554=EDGE_CURVE('',#181,#177,#7557,.T.);
#7555=LINE('',#176,#7558);
#7556=LINE('',#178,#7559);
#7557=LINE('',#180,#7560);
#7558=VECTOR('',#7561,1.0);
#7559=VECTOR('',#7562,1.0);
#7560=VECTOR('',#7563,1.0);
#7561=DIRECTION('',(-0.020789199437701567,0.9952956652765441,-0.09462741605085137));
#7562=DIRECTION('',(0.0036011681344870292,-0.9999935157730098,4.9145260856037845E-08));
#7563=DIRECTION('',(0.17888516967082513,0,0.9838699589233528));
#7564=FACE_SURFACE('',(#7569),#7565,.T.);
#7565=PLANE('',#7566);
#7566=AXIS2_PLACEMENT_3D('',#180,#7567,#7568);
#7567=DIRECTION('',(-0.9284709547536488,-0.0033435834445528596,0.3713899657080103));
#7568=DIRECTION('',(-0.0036011681344870292,0.9999935157730098,-4.9145260856037845E-08));
#7569=FACE_BOUND('',#7570,.T.);
#7570=EDGE_LOOP('',(#7571,#7572,#7573));
#7571=ORIENTED_EDGE('',*,*,#7574,.T.);
#7572=ORIENTED_EDGE('',*,*,#7575,.T.);
#7573=ORIENTED_EDGE('',*,*,#7576,.T.);
#7574=EDGE_CURVE('',#181,#179,#7577,.F.);
#7575=EDGE_CURVE('',#179,#183,#7578,.T.);
#7576=EDGE_CURVE('',#183,#181,#7579,.T.);
#7577=LINE('',#180,#7580);
#7578=LINE('',#178,#7581);
#7579=LINE('',#182,#7582);
#7580=VECTOR('',#7583,1.0);
#7581=VECTOR('',#7584,1.0);
#7582=VECTOR('',#7585,1.0);
#7583=DIRECTION('',(-0.0036011681344870292,0.9999935157730098,-4.9145260856037845E-08));
#7584=DIRECTION('',(-0.371392041711809,0,-0.9284761447410126));
#7585=DIRECTION('',(0.03800465788161615,-0.9955658398360607,0.08604826861024276));
#7586=FACE_SURFACE('',(#7591),#7587,.T.);
#7587=PLANE('',#7588);
#7588=AXIS2_PLACEMENT_3D('',#180,#7589,#7590);
#7589=DIRECTION('',(-0.9284709729440831,-0.0033435880731055483,0.3713899201904447));
#7590=DIRECTION('',(-0.03800465788161615,0.9955658398360607,-0.08604826861024276));
#7591=FACE_BOUND('',#7592,.T.);
#7592=EDGE_LOOP('',(#7593,#7594,#7595));
#7593=ORIENTED_EDGE('',*,*,#7596,.T.);
#7594=ORIENTED_EDGE('',*,*,#7597,.T.);
#7595=ORIENTED_EDGE('',*,*,#7598,.T.);
#7596=EDGE_CURVE('',#181,#183,#7599,.F.);
#7597=EDGE_CURVE('',#183,#185,#7600,.T.);
#7598=EDGE_CURVE('',#185,#181,#7601,.T.);
#7599=LINE('',#180,#7602);
#7600=LINE('',#182,#7603);
#7601=LINE('',#184,#7604);
#7602=VECTOR('',#7605,1.0);
#7603=VECTOR('',#7606,1.0);
#7604=VECTOR('',#7607,1.0);
#7605=DIRECTION('',(-0.03800465788161615,0.9955658398360607,-0.08604826861024276));
#7606=DIRECTION('',(0.003601168134487031,-0.9999935157730103,3.685894564202841E-08));
#7607=DIRECTION('',(0.37139199619973673,0,0.9284761629459178));
#7608=FACE_SURFACE('',(#7613),#7609,.T.);
#7609=PLANE('',#7610);
#7610=AXIS2_PLACEMENT_3D('',#184,#7611,#7612);
#7611=DIRECTION('',(-0.9138067911324284,-0.0032907782657184024,0.4061358384317498));
#7612=DIRECTION('',(-0.003601168134487031,0.9999935157730103,-3.685894564202841E-08));
#7613=FACE_BOUND('',#7614,.T.);
#7614=EDGE_LOOP('',(#7615,#7616,#7617));
#7615=ORIENTED_EDGE('',*,*,#7618,.T.);
#7616=ORIENTED_EDGE('',*,*,#7619,.T.);
#7617=ORIENTED_EDGE('',*,*,#7620,.T.);
#7618=EDGE_CURVE('',#185,#183,#7621,.F.);
#7619=EDGE_CURVE('',#183,#187,#7622,.T.);
#7620=EDGE_CURVE('',#187,#185,#7623,.T.);
#7621=LINE('',#184,#7624);
#7622=LINE('',#182,#7625);
#7623=LINE('',#186,#7626);
#7624=VECTOR('',#7627,1.0);
#7625=VECTOR('',#7628,1.0);
#7626=VECTOR('',#7629,1.0);
#7627=DIRECTION('',(-0.003601168134487031,0.9999935157730103,-3.685894564202841E-08));
#7628=DIRECTION('',(-0.4061380375171064,0,-0.9138117390807329));
#7629=DIRECTION('',(0.03803122342917154,-0.9962668784238751,0.07749795481190593));
#7630=FACE_SURFACE('',(#7635),#7631,.T.);
#7631=PLANE('',#7632);
#7632=AXIS2_PLACEMENT_3D('',#184,#7633,#7634);
#7633=DIRECTION('',(-0.9138067665691774,-0.00329077302558648,0.4061358937415886));
#7634=DIRECTION('',(-0.03803122342917154,0.9962668784238751,-0.07749795481190593));
#7635=FACE_BOUND('',#7636,.T.);
#7636=EDGE_LOOP('',(#7637,#7638,#7639));
#7637=ORIENTED_EDGE('',*,*,#7640,.T.);
#7638=ORIENTED_EDGE('',*,*,#7641,.T.);
#7639=ORIENTED_EDGE('',*,*,#7642,.T.);
#7640=EDGE_CURVE('',#185,#187,#7643,.F.);
#7641=EDGE_CURVE('',#187,#189,#7644,.T.);
#7642=EDGE_CURVE('',#189,#185,#7645,.T.);
#7643=LINE('',#184,#7646);
#7644=LINE('',#186,#7647);
#7645=LINE('',#188,#7648);
#7646=VECTOR('',#7649,1.0);
#7647=VECTOR('',#7650,1.0);
#7648=VECTOR('',#7651,1.0);
#7649=DIRECTION('',(-0.03803122342917154,0.9962668784238751,-0.07749795481190593));
#7650=DIRECTION('',(0.0036011679575078375,-0.999993515773647,4.9145258440796955E-08));
#7651=DIRECTION('',(0.4061380910840368,5.773336978359292E-07,0.913811715273054));
#7652=FACE_SURFACE('',(#7657),#7653,.T.);
#7653=PLANE('',#7654);
#7654=AXIS2_PLACEMENT_3D('',#188,#7655,#7656);
#7655=DIRECTION('',(-0.7525744093246642,-0.0027101320593766673,0.6585016428330709));
#7656=DIRECTION('',(-0.0036011679575078375,0.999993515773647,-4.9145258440796955E-08));
#7657=FACE_BOUND('',#7658,.T.);
#7658=EDGE_LOOP('',(#7659,#7660,#7661));
#7659=ORIENTED_EDGE('',*,*,#7662,.T.);
#7660=ORIENTED_EDGE('',*,*,#7663,.T.);
#7661=ORIENTED_EDGE('',*,*,#7664,.T.);
#7662=EDGE_CURVE('',#189,#187,#7665,.F.);
#7663=EDGE_CURVE('',#187,#191,#7666,.T.);
#7664=EDGE_CURVE('',#191,#189,#7667,.T.);
#7665=LINE('',#188,#7668);
#7666=LINE('',#186,#7669);
#7667=LINE('',#190,#7670);
#7668=VECTOR('',#7671,1.0);
#7669=VECTOR('',#7672,1.0);
#7670=VECTOR('',#7673,1.0);
#7671=DIRECTION('',(-0.0036011679575078375,0.999993515773647,-4.9145258440796955E-08));
#7672=DIRECTION('',(-0.6585040611330208,0,-0.7525771731000872));
#7673=DIRECTION('',(0.0638200705804671,-0.9955842841280167,0.06883989968331468));
#7674=FACE_SURFACE('',(#7679),#7675,.T.);
#7675=PLANE('',#7676);
#7676=AXIS2_PLACEMENT_3D('',#188,#7677,#7678);
#7677=DIRECTION('',(-0.7525744383095838,-0.002710136209063741,0.6585016096903202));
#7678=DIRECTION('',(-0.0638200705804671,0.9955842841280167,-0.06883989968331468));
#7679=FACE_BOUND('',#7680,.T.);
#7680=EDGE_LOOP('',(#7681,#7682,#7683));
#7681=ORIENTED_EDGE('',*,*,#7684,.T.);
#7682=ORIENTED_EDGE('',*,*,#7685,.T.);
#7683=ORIENTED_EDGE('',*,*,#7686,.T.);
#7684=EDGE_CURVE('',#189,#191,#7687,.F.);
#7685=EDGE_CURVE('',#191,#193,#7688,.T.);
#7686=EDGE_CURVE('',#193,#189,#7689,.T.);
#7687=LINE('',#188,#7690);
#7688=LINE('',#190,#7691);
#7689=LINE('',#192,#7692);
#7690=VECTOR('',#7693,1.0);
#7691=VECTOR('',#7694,1.0);
#7692=VECTOR('',#7695,1.0);
#7693=DIRECTION('',(-0.0638200705804671,0.9955842841280167,-0.06883989968331468));
#7694=DIRECTION('',(0.003601167957507839,-0.9999935157736474,4.300210113569735E-08));
#7695=DIRECTION('',(0.6585040279975541,0,0.7525772020935768));
#7696=FACE_SURFACE('',(#7701),#7697,.T.);
#7697=PLANE('',#7698);
#7698=AXIS2_PLACEMENT_3D('',#192,#7699,#7700);
#7699=DIRECTION('',(-0.5546986649661172,-0.0019975402309996685,0.832048917382766));
#7700=DIRECTION('',(-0.003601167957507839,0.9999935157736474,-4.300210113569735E-08));
#7701=FACE_BOUND('',#7702,.T.);
#7702=EDGE_LOOP('',(#7703,#7704,#7705));
#7703=ORIENTED_EDGE('',*,*,#7706,.T.);
#7704=ORIENTED_EDGE('',*,*,#7707,.T.);
#7705=ORIENTED_EDGE('',*,*,#7708,.T.);
#7706=EDGE_CURVE('',#193,#191,#7709,.F.);
#7707=EDGE_CURVE('',#191,#195,#7710,.T.);
#7708=EDGE_CURVE('',#195,#193,#7711,.T.);
#7709=LINE('',#192,#7712);
#7710=LINE('',#190,#7713);
#7711=LINE('',#194,#7714);
#7712=VECTOR('',#7715,1.0);
#7713=VECTOR('',#7716,1.0);
#7714=VECTOR('',#7717,1.0);
#7715=DIRECTION('',(-0.003601167957507839,0.9999935157736474,-4.300210113569735E-08));
#7716=DIRECTION('',(-0.8320505773947894,0,-0.554699771639576));
#7717=DIRECTION('',(0.08101320855097167,-0.9953754711561317,0.05161909976923023));
#7718=FACE_SURFACE('',(#7723),#7719,.T.);
#7719=PLANE('',#7720);
#7720=AXIS2_PLACEMENT_3D('',#192,#7721,#7722);
#7721=DIRECTION('',(-0.5546996353217162,-0.001997652769598454,0.8320482702087465));
#7722=DIRECTION('',(-0.08101320855097167,0.9953754711561317,-0.05161909976923023));
#7723=FACE_BOUND('',#7724,.T.);
#7724=EDGE_LOOP('',(#7725,#7726,#7727));
#7725=ORIENTED_EDGE('',*,*,#7728,.T.);
#7726=ORIENTED_EDGE('',*,*,#7729,.T.);
#7727=ORIENTED_EDGE('',*,*,#7730,.T.);
#7728=EDGE_CURVE('',#193,#195,#7731,.F.);
#7729=EDGE_CURVE('',#195,#197,#7732,.T.);
#7730=EDGE_CURVE('',#197,#193,#7733,.T.);
#7731=LINE('',#192,#7734);
#7732=LINE('',#194,#7735);
#7733=LINE('',#196,#7736);
#7734=VECTOR('',#7737,1.0);
#7735=VECTOR('',#7738,1.0);
#7736=VECTOR('',#7739,1.0);
#7737=DIRECTION('',(-0.08101320855097167,0.9953754711561317,-0.05161909976923023));
#7738=DIRECTION('',(0.00360136453599205,-0.9999935150657114,4.300210110525442E-08));
#7739=DIRECTION('',(0.8320499304065299,0,0.5547007421218118));
#7740=FACE_SURFACE('',(#7745),#7741,.T.);
#7741=PLANE('',#7742);
#7742=AXIS2_PLACEMENT_3D('',#196,#7743,#7744);
#7743=DIRECTION('',(-0.1788852891955625,-0.0006441930056034465,0.9838697262975377));
#7744=DIRECTION('',(-0.00360136453599205,0.9999935150657114,-4.300210110525442E-08));
#7745=FACE_BOUND('',#7746,.T.);
#7746=EDGE_LOOP('',(#7747,#7748,#7749));
#7747=ORIENTED_EDGE('',*,*,#7750,.T.);
#7748=ORIENTED_EDGE('',*,*,#7751,.T.);
#7749=ORIENTED_EDGE('',*,*,#7752,.T.);
#7750=EDGE_CURVE('',#197,#195,#7753,.F.);
#7751=EDGE_CURVE('',#195,#199,#7754,.T.);
#7752=EDGE_CURVE('',#199,#197,#7755,.T.);
#7753=LINE('',#196,#7756);
#7754=LINE('',#194,#7757);
#7755=LINE('',#198,#7758);
#7756=VECTOR('',#7759,1.0);
#7757=VECTOR('',#7760,1.0);
#7758=VECTOR('',#7761,1.0);
#7759=DIRECTION('',(-0.00360136453599205,0.9999935150657114,-4.300210110525442E-08));
#7760=DIRECTION('',(-0.9838699304430075,0,-0.1788853263128967));
#7761=DIRECTION('',(0.09818461260747814,-0.9950195643778571,0.017200242801163775));
#7762=FACE_SURFACE('',(#7767),#7763,.T.);
#7763=PLANE('',#7764);
#7764=AXIS2_PLACEMENT_3D('',#196,#7765,#7766);
#7765=DIRECTION('',(-0.1788852895178963,-0.0006441930384235367,0.9838697262389099));
#7766=DIRECTION('',(-0.09818461260747814,0.9950195643778571,-0.017200242801163775));
#7767=FACE_BOUND('',#7768,.T.);
#7768=EDGE_LOOP('',(#7769,#7770,#7771));
#7769=ORIENTED_EDGE('',*,*,#7772,.T.);
#7770=ORIENTED_EDGE('',*,*,#7773,.T.);
#7771=ORIENTED_EDGE('',*,*,#7774,.T.);
#7772=EDGE_CURVE('',#197,#199,#7775,.F.);
#7773=EDGE_CURVE('',#199,#201,#7776,.T.);
#7774=EDGE_CURVE('',#201,#197,#7777,.T.);
#7775=LINE('',#196,#7778);
#7776=LINE('',#198,#7779);
#7777=LINE('',#200,#7780);
#7778=VECTOR('',#7781,1.0);
#7779=VECTOR('',#7782,1.0);
#7780=VECTOR('',#7783,1.0);
#7781=DIRECTION('',(-0.09818461260747814,0.9950195643778571,-0.017200242801163775));
#7782=DIRECTION('',(0.0036013647129809014,-0.999993515065074,4.3002103218590186E-08));
#7783=DIRECTION('',(0.9838699304428803,-5.085776605864718E-07,0.17888532631287354));
#7784=FACE_SURFACE('',(#7789),#7785,.T.);
#7785=PLANE('',#7786);
#7786=AXIS2_PLACEMENT_3D('',#200,#7787,#7788);
#7787=DIRECTION('',(-0.022216746333156828,-7.996813338041991E-05,0.9997531744323025));
#7788=DIRECTION('',(-0.0036013647129809014,0.999993515065074,-4.3002103218590186E-08));
#7789=FACE_BOUND('',#7790,.T.);
#7790=EDGE_LOOP('',(#7791,#7792,#7793));
#7791=ORIENTED_EDGE('',*,*,#7794,.T.);
#7792=ORIENTED_EDGE('',*,*,#7795,.T.);
#7793=ORIENTED_EDGE('',*,*,#7796,.T.);
#7794=EDGE_CURVE('',#201,#199,#7797,.F.);
#7795=EDGE_CURVE('',#199,#203,#7798,.T.);
#7796=EDGE_CURVE('',#203,#201,#7799,.T.);
#7797=LINE('',#200,#7800);
#7798=LINE('',#198,#7801);
#7799=LINE('',#202,#7802);
#7800=VECTOR('',#7803,1.0);
#7801=VECTOR('',#7804,1.0);
#7802=VECTOR('',#7805,1.0);
#7803=DIRECTION('',(-0.0036013647129809014,0.999993515065074,-4.3002103218590186E-08));
#7804=DIRECTION('',(-0.9997531776289644,0,-0.02221674640419379));
#7805=DIRECTION('',(0.3653870861839136,-0.9308209016829215,0.00804526197349414));
#7806=FACE_SURFACE('',(#7811),#7807,.T.);
#7807=PLANE('',#7808);
#7808=AXIS2_PLACEMENT_3D('',#200,#7809,#7810);
#7809=DIRECTION('',(-0.02221673510972342,-7.996372554318134E-05,0.9997531746820648));
#7810=DIRECTION('',(-0.3653870861839136,0.9308209016829215,-0.00804526197349414));
#7811=FACE_BOUND('',#7812,.T.);
#7812=EDGE_LOOP('',(#7813,#7814,#7815));
#7813=ORIENTED_EDGE('',*,*,#7816,.T.);
#7814=ORIENTED_EDGE('',*,*,#7817,.T.);
#7815=ORIENTED_EDGE('',*,*,#7818,.T.);
#7816=EDGE_CURVE('',#201,#203,#7819,.F.);
#7817=EDGE_CURVE('',#203,#205,#7820,.T.);
#7818=EDGE_CURVE('',#205,#201,#7821,.T.);
#7819=LINE('',#200,#7822);
#7820=LINE('',#202,#7823);
#7821=LINE('',#204,#7824);
#7822=VECTOR('',#7825,1.0);
#7823=VECTOR('',#7826,1.0);
#7824=VECTOR('',#7827,1.0);
#7825=DIRECTION('',(-0.3653870861839136,0.9308209016829215,-0.00804526197349414));
#7826=DIRECTION('',(0.0036011681344870297,-0.99999351577301,4.300210324903312E-08));
#7827=DIRECTION('',(0.9997531778783743,0,0.02221673518075251));
#7828=FACE_SURFACE('',(#7833),#7829,.T.);
#7829=PLANE('',#7830);
#7830=AXIS2_PLACEMENT_3D('',#152,#7831,#7832);
#7831=DIRECTION('',(0.0014460313467139776,-0.9999966021032101,-0.0021690494182249414));
#7832=DIRECTION('',(-0.8320505773947894,0,-0.554699771639576));
#7833=FACE_BOUND('',#7834,.T.);
#7834=EDGE_LOOP('',(#7835,#7836,#7837));
#7835=ORIENTED_EDGE('',*,*,#7838,.T.);
#7836=ORIENTED_EDGE('',*,*,#7839,.T.);
#7837=ORIENTED_EDGE('',*,*,#7840,.T.);
#7838=EDGE_CURVE('',#153,#157,#7841,.F.);
#7839=EDGE_CURVE('',#157,#195,#7842,.T.);
#7840=EDGE_CURVE('',#195,#153,#7843,.T.);
#7841=LINE('',#152,#7844);
#7842=LINE('',#156,#7845);
#7843=LINE('',#194,#7846);
#7844=VECTOR('',#7847,1.0);
#7845=VECTOR('',#7848,1.0);
#7846=VECTOR('',#7849,1.0);
#7847=DIRECTION('',(-0.8320505773947894,0,-0.554699771639576));
#7848=DIRECTION('',(0.7097020237836111,0.0025543496145251127,-0.7044973475716522));
#7849=DIRECTION('',(0.3351071138114634,-0.001559062169843249,0.9421787471589993));
#7850=FACE_SURFACE('',(#7855),#7851,.T.);
#7851=PLANE('',#7852);
#7852=AXIS2_PLACEMENT_3D('',#152,#7853,#7854);
#7853=DIRECTION('',(0.0014460313467139776,-0.9999966021032101,-0.0021690494182249414));
#7854=DIRECTION('',(-0.3351071138114634,0.001559062169843249,-0.9421787471589993));
#7855=FACE_BOUND('',#7856,.T.);
#7856=EDGE_LOOP('',(#7857,#7858,#7859));
#7857=ORIENTED_EDGE('',*,*,#7860,.T.);
#7858=ORIENTED_EDGE('',*,*,#7861,.T.);
#7859=ORIENTED_EDGE('',*,*,#7862,.T.);
#7860=EDGE_CURVE('',#153,#195,#7863,.F.);
#7861=EDGE_CURVE('',#195,#191,#7864,.T.);
#7862=EDGE_CURVE('',#191,#153,#7865,.T.);
#7863=LINE('',#152,#7866);
#7864=LINE('',#194,#7867);
#7865=LINE('',#190,#7868);
#7866=VECTOR('',#7869,1.0);
#7867=VECTOR('',#7870,1.0);
#7868=VECTOR('',#7871,1.0);
#7869=DIRECTION('',(-0.3351071138114634,0.001559062169843249,-0.9421787471589993));
#7870=DIRECTION('',(0.8320505773947894,0,0.554699771639576));
#7871=DIRECTION('',(-0.7097020237836111,-0.0025543496145251127,0.7044973475716522));
#7872=FACE_SURFACE('',(#7877),#7873,.T.);
#7873=PLANE('',#7874);
#7874=AXIS2_PLACEMENT_3D('',#134,#7875,#7876);
#7875=DIRECTION('',(-0.0026252844481038083,0.9999960693316697,0.0009844809683088975));
#7876=DIRECTION('',(0.35112322279214125,0,0.9363292596176094));
#7877=FACE_BOUND('',#7878,.T.);
#7878=EDGE_LOOP('',(#7879,#7880,#7881));
#7879=ORIENTED_EDGE('',*,*,#7882,.T.);
#7880=ORIENTED_EDGE('',*,*,#7883,.T.);
#7881=ORIENTED_EDGE('',*,*,#7884,.T.);
#7882=EDGE_CURVE('',#135,#131,#7885,.F.);
#7883=EDGE_CURVE('',#131,#173,#7886,.T.);
#7884=EDGE_CURVE('',#173,#135,#7887,.T.);
#7885=LINE('',#134,#7888);
#7886=LINE('',#130,#7889);
#7887=LINE('',#172,#7890);
#7888=VECTOR('',#7891,1.0);
#7889=VECTOR('',#7892,1.0);
#7890=VECTOR('',#7893,1.0);
#7891=DIRECTION('',(0.35112322279214125,0,0.9363292596176094));
#7892=DIRECTION('',(0.7097005648978519,0.0025567415747591873,-0.7044988085555502));
#7893=DIRECTION('',(-0.9387907188964087,-0.0021254655986461877,-0.344481448716695));
#7894=FACE_SURFACE('',(#7899),#7895,.T.);
#7895=PLANE('',#7896);
#7896=AXIS2_PLACEMENT_3D('',#134,#7897,#7898);
#7897=DIRECTION('',(-0.0026252842992418217,0.9999960693324599,0.0009844805626210698));
#7898=DIRECTION('',(0.9387907188964087,0.0021254655986461877,0.344481448716695));
#7899=FACE_BOUND('',#7900,.T.);
#7900=EDGE_LOOP('',(#7901,#7902,#7903));
#7901=ORIENTED_EDGE('',*,*,#7904,.T.);
#7902=ORIENTED_EDGE('',*,*,#7905,.T.);
#7903=ORIENTED_EDGE('',*,*,#7906,.T.);
#7904=EDGE_CURVE('',#135,#173,#7907,.F.);
#7905=EDGE_CURVE('',#173,#177,#7908,.T.);
#7906=EDGE_CURVE('',#177,#135,#7909,.T.);
#7907=LINE('',#134,#7910);
#7908=LINE('',#172,#7911);
#7909=LINE('',#176,#7912);
#7910=VECTOR('',#7913,1.0);
#7911=VECTOR('',#7914,1.0);
#7912=VECTOR('',#7915,1.0);
#7913=DIRECTION('',(0.9387907188964087,0.0021254655986461877,0.344481448716695));
#7914=DIRECTION('',(-0.351123113394111,0,-0.9363293006418341));
#7915=DIRECTION('',(-0.7097003660910612,-0.0025567408585450368,0.7044990088327987));
#7916=FACE_SURFACE('',(#7921),#7917,.T.);
#7917=PLANE('',#7918);
#7918=AXIS2_PLACEMENT_3D('',#154,#7919,#7920);
#7919=DIRECTION('',(-0.0014469339016111933,0.999996597872679,0.0021703975100464197));
#7920=DIRECTION('',(0.8320499000789187,0,0.5547007876131614));
#7921=FACE_BOUND('',#7922,.T.);
#7922=EDGE_LOOP('',(#7923,#7924,#7925));
#7923=ORIENTED_EDGE('',*,*,#7926,.T.);
#7924=ORIENTED_EDGE('',*,*,#7927,.T.);
#7925=ORIENTED_EDGE('',*,*,#7928,.T.);
#7926=EDGE_CURVE('',#155,#151,#7929,.F.);
#7927=EDGE_CURVE('',#151,#193,#7930,.T.);
#7928=EDGE_CURVE('',#193,#155,#7931,.T.);
#7929=LINE('',#154,#7932);
#7930=LINE('',#150,#7933);
#7931=LINE('',#192,#7934);
#7932=VECTOR('',#7935,1.0);
#7933=VECTOR('',#7936,1.0);
#7934=VECTOR('',#7937,1.0);
#7935=DIRECTION('',(0.8320499000789187,0,0.5547007876131614));
#7936=DIRECTION('',(0.709701971197824,0.0025559399292598654,-0.7044973947780085));
#7937=DIRECTION('',(-0.9976673994906057,-0.001295433252410197,-0.06825014173128609));
#7938=FACE_SURFACE('',(#7943),#7939,.T.);
#7939=PLANE('',#7940);
#7940=AXIS2_PLACEMENT_3D('',#154,#7941,#7942);
#7941=DIRECTION('',(-0.001446933921209947,0.999996597872029,0.0021703977965495556));
#7942=DIRECTION('',(0.9976673994906057,0.001295433252410197,0.06825014173128609));
#7943=FACE_BOUND('',#7944,.T.);
#7944=EDGE_LOOP('',(#7945,#7946,#7947));
#7945=ORIENTED_EDGE('',*,*,#7948,.T.);
#7946=ORIENTED_EDGE('',*,*,#7949,.T.);
#7947=ORIENTED_EDGE('',*,*,#7950,.T.);
#7948=EDGE_CURVE('',#155,#193,#7951,.F.);
#7949=EDGE_CURVE('',#193,#197,#7952,.T.);
#7950=EDGE_CURVE('',#197,#155,#7953,.T.);
#7951=LINE('',#154,#7954);
#7952=LINE('',#192,#7955);
#7953=LINE('',#196,#7956);
#7954=VECTOR('',#7957,1.0);
#7955=VECTOR('',#7958,1.0);
#7956=VECTOR('',#7959,1.0);
#7957=DIRECTION('',(0.9976673994906057,0.001295433252410197,0.06825014173128609));
#7958=DIRECTION('',(-0.8320499304065299,0,-0.5547007421218118));
#7959=DIRECTION('',(-0.7097020208994046,-0.0025559401082564863,0.7044973447085973));
#7960=FACE_SURFACE('',(#7965),#7961,.T.);
#7961=PLANE('',#7962);
#7962=AXIS2_PLACEMENT_3D('',#144,#7963,#7964);
#7963=DIRECTION('',(0.0024973669704734655,-0.9999962655825069,-0.0011099456091710014));
#7964=DIRECTION('',(-0.40613991236139235,0,-0.9138109058153554));
#7965=FACE_BOUND('',#7966,.T.);
#7966=EDGE_LOOP('',(#7967,#7968,#7969));
#7967=ORIENTED_EDGE('',*,*,#7970,.T.);
#7968=ORIENTED_EDGE('',*,*,#7971,.T.);
#7969=ORIENTED_EDGE('',*,*,#7972,.T.);
#7970=EDGE_CURVE('',#145,#149,#7973,.F.);
#7971=EDGE_CURVE('',#149,#187,#7974,.T.);
#7972=EDGE_CURVE('',#187,#145,#7975,.T.);
#7973=LINE('',#144,#7976);
#7974=LINE('',#148,#7977);
#7975=LINE('',#186,#7978);
#7976=VECTOR('',#7979,1.0);
#7977=VECTOR('',#7980,1.0);
#7978=VECTOR('',#7981,1.0);
#7979=DIRECTION('',(-0.40613991236139235,0,-0.9138109058153554));
#7980=DIRECTION('',(0.7097020486344032,0.002554349703967736,-0.7044973225369427));
#7981=DIRECTION('',(-0.07631438707823851,-0.001297297728979942,0.9970829611138059));
#7982=FACE_SURFACE('',(#7987),#7983,.T.);
#7983=PLANE('',#7984);
#7984=AXIS2_PLACEMENT_3D('',#144,#7985,#7986);
#7985=DIRECTION('',(0.0024973787479708525,-0.9999962655540945,-0.001109944707712057));
#7986=DIRECTION('',(0.07631438707823851,0.001297297728979942,-0.9970829611138059));
#7987=FACE_BOUND('',#7988,.T.);
#7988=EDGE_LOOP('',(#7989,#7990,#7991));
#7989=ORIENTED_EDGE('',*,*,#7992,.T.);
#7990=ORIENTED_EDGE('',*,*,#7993,.T.);
#7991=ORIENTED_EDGE('',*,*,#7994,.T.);
#7992=EDGE_CURVE('',#145,#187,#7995,.F.);
#7993=EDGE_CURVE('',#187,#183,#7996,.T.);
#7994=EDGE_CURVE('',#183,#145,#7997,.T.);
#7995=LINE('',#144,#7998);
#7996=LINE('',#186,#7999);
#7997=LINE('',#182,#8000);
#7998=VECTOR('',#8001,1.0);
#7999=VECTOR('',#8002,1.0);
#8000=VECTOR('',#8003,1.0);
#8001=DIRECTION('',(0.07631438707823851,0.001297297728979942,-0.9970829611138059));
#8002=DIRECTION('',(0.4061380375171064,0,0.9138117390807329));
#8003=DIRECTION('',(-0.7097003704180529,-0.002554355112819957,0.7044990131280782));
#8004=FACE_SURFACE('',(#8009),#8005,.T.);
#8005=PLANE('',#8006);
#8006=AXIS2_PLACEMENT_3D('',#104,#8007,#8008);
#8007=DIRECTION('',(-0.7044946451488234,-0.0025370546224380893,-0.7097047684146389));
#8008=DIRECTION('',(-0.0036011676035495083,0.9999935157749219,-4.9145253610315904E-08));
#8009=FACE_BOUND('',#8010,.T.);
#8010=EDGE_LOOP('',(#8011,#8012,#8013));
#8011=ORIENTED_EDGE('',*,*,#8014,.T.);
#8012=ORIENTED_EDGE('',*,*,#8015,.T.);
#8013=ORIENTED_EDGE('',*,*,#8016,.T.);
#8014=EDGE_CURVE('',#105,#115,#8017,.F.);
#8015=EDGE_CURVE('',#115,#169,#8018,.T.);
#8016=EDGE_CURVE('',#169,#105,#8019,.T.);
#8017=LINE('',#104,#8020);
#8018=LINE('',#114,#8021);
#8019=LINE('',#168,#8022);
#8020=VECTOR('',#8023,1.0);
#8021=VECTOR('',#8024,1.0);
#8022=VECTOR('',#8025,1.0);
#8023=DIRECTION('',(-0.0036011676035495083,0.9999935157749219,-4.9145253610315904E-08));
#8024=DIRECTION('',(0.7097001716113136,0.0025543543972743094,-0.7044992134051573));
#8025=DIRECTION('',(-0.04018039129099475,-0.9982471087301956,0.04345395341631962));
#8026=FACE_SURFACE('',(#8031),#8027,.T.);
#8027=PLANE('',#8028);
#8028=AXIS2_PLACEMENT_3D('',#104,#8029,#8030);
#8029=DIRECTION('',(-0.7044946408517994,-0.0025370549810189514,-0.7097047726788355));
#8030=DIRECTION('',(0.04018039129099475,0.9982471087301956,-0.04345395341631962));
#8031=FACE_BOUND('',#8032,.T.);
#8032=EDGE_LOOP('',(#8033,#8034,#8035));
#8033=ORIENTED_EDGE('',*,*,#8036,.T.);
#8034=ORIENTED_EDGE('',*,*,#8037,.T.);
#8035=ORIENTED_EDGE('',*,*,#8038,.T.);
#8036=EDGE_CURVE('',#105,#169,#8039,.F.);
#8037=EDGE_CURVE('',#169,#167,#8040,.T.);
#8038=EDGE_CURVE('',#167,#105,#8041,.T.);
#8039=LINE('',#104,#8042);
#8040=LINE('',#168,#8043);
#8041=LINE('',#166,#8044);
#8042=VECTOR('',#8045,1.0);
#8043=VECTOR('',#8046,1.0);
#8044=VECTOR('',#8047,1.0);
#8045=DIRECTION('',(0.04018039129099475,0.9982471087301956,-0.04345395341631962));
#8046=DIRECTION('',(0.0036011681344870292,-0.9999935157730098,4.9145260856037845E-08));
#8047=DIRECTION('',(-0.7097001672843255,-0.0025567401423310845,0.7044992091098791));
#8048=FACE_SURFACE('',(#8053),#8049,.T.);
#8049=PLANE('',#8050);
#8050=AXIS2_PLACEMENT_3D('',#146,#8051,#8052);
#8051=DIRECTION('',(-0.0024997069506971182,0.9999962585812691,0.0011109854293403338));
#8052=DIRECTION('',(0.40613985879426595,0,0.913810929623067));
#8053=FACE_BOUND('',#8054,.T.);
#8054=EDGE_LOOP('',(#8055,#8056,#8057));
#8055=ORIENTED_EDGE('',*,*,#8058,.T.);
#8056=ORIENTED_EDGE('',*,*,#8059,.T.);
#8057=ORIENTED_EDGE('',*,*,#8060,.T.);
#8058=EDGE_CURVE('',#147,#143,#8061,.F.);
#8059=EDGE_CURVE('',#143,#185,#8062,.T.);
#8060=EDGE_CURVE('',#185,#147,#8063,.T.);
#8061=LINE('',#146,#8064);
#8062=LINE('',#142,#8065);
#8063=LINE('',#184,#8066);
#8064=VECTOR('',#8067,1.0);
#8065=VECTOR('',#8068,1.0);
#8066=VECTOR('',#8069,1.0);
#8067=DIRECTION('',(0.40613985879426595,0,0.913810929623067));
#8068=DIRECTION('',(0.7097002666876865,0.002556740500438036,-0.7044991089713599));
#8069=DIRECTION('',(-0.9164233182530452,-0.0018461735402454423,-0.4002060636788716));
#8070=FACE_SURFACE('',(#8075),#8071,.T.);
#8071=PLANE('',#8072);
#8072=AXIS2_PLACEMENT_3D('',#146,#8073,#8074);
#8073=DIRECTION('',(-0.002499361467559705,0.9999962603234351,0.0011101943068455382));
#8074=DIRECTION('',(0.9164233182530452,0.0018461735402454423,0.4002060636788716));
#8075=FACE_BOUND('',#8076,.T.);
#8076=EDGE_LOOP('',(#8077,#8078,#8079));
#8077=ORIENTED_EDGE('',*,*,#8080,.T.);
#8078=ORIENTED_EDGE('',*,*,#8081,.T.);
#8079=ORIENTED_EDGE('',*,*,#8082,.T.);
#8080=EDGE_CURVE('',#147,#185,#8083,.F.);
#8081=EDGE_CURVE('',#185,#189,#8084,.T.);
#8082=EDGE_CURVE('',#189,#147,#8085,.T.);
#8083=LINE('',#146,#8086);
#8084=LINE('',#184,#8087);
#8085=LINE('',#188,#8088);
#8086=VECTOR('',#8089,1.0);
#8087=VECTOR('',#8090,1.0);
#8088=VECTOR('',#8091,1.0);
#8089=DIRECTION('',(0.9164233182530452,0.0018461735402454423,0.4002060636788716));
#8090=DIRECTION('',(-0.4061380910840368,-5.773336978359292E-07,-0.913811715273054));
#8091=DIRECTION('',(-0.7097021451533714,-0.002555940555748092,0.7044972195350231));
#8092=FACE_SURFACE('',(#8097),#8093,.T.);
#8093=PLANE('',#8094);
#8094=AXIS2_PLACEMENT_3D('',#136,#8095,#8096);
#8095=DIRECTION('',(0.0030488910121250225,-0.9999951984722117,-0.0005543429607391105));
#8096=DIRECTION('',(-0.17888516967082513,0,-0.9838699589233528));
#8097=FACE_BOUND('',#8098,.T.);
#8098=EDGE_LOOP('',(#8099,#8100,#8101));
#8099=ORIENTED_EDGE('',*,*,#8102,.T.);
#8100=ORIENTED_EDGE('',*,*,#8103,.T.);
#8101=ORIENTED_EDGE('',*,*,#8104,.T.);
#8102=EDGE_CURVE('',#137,#141,#8105,.F.);
#8103=EDGE_CURVE('',#141,#179,#8106,.T.);
#8104=EDGE_CURVE('',#179,#137,#8107,.T.);
#8105=LINE('',#136,#8108);
#8106=LINE('',#140,#8109);
#8107=LINE('',#178,#8110);
#8108=VECTOR('',#8111,1.0);
#8109=VECTOR('',#8112,1.0);
#8110=VECTOR('',#8113,1.0);
#8111=DIRECTION('',(-0.17888516967082513,0,-0.9838699589233528));
#8112=DIRECTION('',(0.7097019492312405,0.0025543493461972614,-0.7044974226757649));
#8113=DIRECTION('',(-0.18827555680955416,-0.0011184658961772556,0.9821156060984325));
#8114=FACE_SURFACE('',(#8119),#8115,.T.);
#8115=PLANE('',#8116);
#8116=AXIS2_PLACEMENT_3D('',#136,#8117,#8118);
#8117=DIRECTION('',(0.0030488910121250225,-0.9999951984722117,-0.0005543429607391105));
#8118=DIRECTION('',(0.18827555680955416,0.0011184658961772556,-0.9821156060984325));
#8119=FACE_BOUND('',#8120,.T.);
#8120=EDGE_LOOP('',(#8121,#8122,#8123));
#8121=ORIENTED_EDGE('',*,*,#8124,.T.);
#8122=ORIENTED_EDGE('',*,*,#8125,.T.);
#8123=ORIENTED_EDGE('',*,*,#8126,.T.);
#8124=EDGE_CURVE('',#137,#179,#8127,.F.);
#8125=EDGE_CURVE('',#179,#175,#8128,.T.);
#8126=EDGE_CURVE('',#175,#137,#8129,.T.);
#8127=LINE('',#136,#8130);
#8128=LINE('',#178,#8131);
#8129=LINE('',#174,#8132);
#8130=VECTOR('',#8133,1.0);
#8131=VECTOR('',#8134,1.0);
#8132=VECTOR('',#8135,1.0);
#8133=DIRECTION('',(0.18827555680955416,0.0011184658961772556,-0.9821156060984325));
#8134=DIRECTION('',(0.17888516967082513,0,0.9838699589233528));
#8135=DIRECTION('',(-0.7097019492312405,-0.0025543493461972614,0.7044974226757649));
#8136=FACE_SURFACE('',(#8141),#8137,.T.);
#8137=PLANE('',#8138);
#8138=AXIS2_PLACEMENT_3D('',#156,#8139,#8140);
#8139=DIRECTION('',(0.0005571767749905789,-0.9999951492834818,-0.0030644679062436634));
#8140=DIRECTION('',(-0.9838698653449529,0,-0.17888568435205796));
#8141=FACE_BOUND('',#8142,.T.);
#8142=EDGE_LOOP('',(#8143,#8144,#8145));
#8143=ORIENTED_EDGE('',*,*,#8146,.T.);
#8144=ORIENTED_EDGE('',*,*,#8147,.T.);
#8145=ORIENTED_EDGE('',*,*,#8148,.T.);
#8146=EDGE_CURVE('',#157,#161,#8149,.F.);
#8147=EDGE_CURVE('',#161,#199,#8150,.T.);
#8148=EDGE_CURVE('',#199,#157,#8151,.T.);
#8149=LINE('',#156,#8152);
#8150=LINE('',#160,#8153);
#8151=LINE('',#198,#8154);
#8152=VECTOR('',#8155,1.0);
#8153=VECTOR('',#8156,1.0);
#8154=VECTOR('',#8157,1.0);
#8155=DIRECTION('',(-0.9838698653449529,0,-0.17888568435205796));
#8156=DIRECTION('',(0.7097004449705944,0.002554355381149626,-0.7044989380241302));
#8157=DIRECTION('',(0.6441074302580341,-0.0019852389207360376,0.7649324657202224));
#8158=FACE_SURFACE('',(#8163),#8159,.T.);
#8159=PLANE('',#8160);
#8160=AXIS2_PLACEMENT_3D('',#156,#8161,#8162);
#8161=DIRECTION('',(0.0005571754146765901,-0.9999951492877498,-0.003064466760809375));
#8162=DIRECTION('',(-0.6441074302580341,0.0019852389207360376,-0.7649324657202224));
#8163=FACE_BOUND('',#8164,.T.);
#8164=EDGE_LOOP('',(#8165,#8166,#8167));
#8165=ORIENTED_EDGE('',*,*,#8168,.T.);
#8166=ORIENTED_EDGE('',*,*,#8169,.T.);
#8167=ORIENTED_EDGE('',*,*,#8170,.T.);
#8168=EDGE_CURVE('',#157,#199,#8171,.F.);
#8169=EDGE_CURVE('',#199,#195,#8172,.T.);
#8170=EDGE_CURVE('',#195,#157,#8173,.T.);
#8171=LINE('',#156,#8174);
#8172=LINE('',#198,#8175);
#8173=LINE('',#194,#8176);
#8174=VECTOR('',#8177,1.0);
#8175=VECTOR('',#8178,1.0);
#8176=VECTOR('',#8179,1.0);
#8177=DIRECTION('',(-0.6441074302580341,0.0019852389207360376,-0.7649324657202224));
#8178=DIRECTION('',(0.9838699304430075,0,0.1788853263128967));
#8179=DIRECTION('',(-0.7097020237836111,-0.0025543496145251127,0.7044973475716522));
#8180=FACE_SURFACE('',(#8185),#8181,.T.);
#8181=PLANE('',#8182);
#8182=AXIS2_PLACEMENT_3D('',#138,#8183,#8184);
#8183=DIRECTION('',(-0.0030517449223845593,0.9999951894755549,0.0005548681626897119));
#8184=DIRECTION('',(0.17888713888372237,0,0.9838696008831637));
#8185=FACE_BOUND('',#8186,.T.);
#8186=EDGE_LOOP('',(#8187,#8188,#8189));
#8187=ORIENTED_EDGE('',*,*,#8190,.T.);
#8188=ORIENTED_EDGE('',*,*,#8191,.T.);
#8189=ORIENTED_EDGE('',*,*,#8192,.T.);
#8190=EDGE_CURVE('',#139,#135,#8193,.F.);
#8191=EDGE_CURVE('',#135,#177,#8194,.T.);
#8192=EDGE_CURVE('',#177,#139,#8195,.T.);
#8193=LINE('',#138,#8196);
#8194=LINE('',#134,#8197);
#8195=LINE('',#176,#8198);
#8196=VECTOR('',#8199,1.0);
#8197=VECTOR('',#8200,1.0);
#8198=VECTOR('',#8201,1.0);
#8199=DIRECTION('',(0.17888713888372237,0,0.9838696008831637));
#8200=DIRECTION('',(0.7097003660910612,0.0025567408585450368,-0.7044990088327987));
#8201=DIRECTION('',(-0.7646195997216655,-0.001975832700862553,-0.6444788311547699));
#8202=FACE_SURFACE('',(#8207),#8203,.T.);
#8203=PLANE('',#8204);
#8204=AXIS2_PLACEMENT_3D('',#138,#8205,#8206);
#8205=DIRECTION('',(-0.0030517386413521337,0.9999951894988578,0.0005548607107047755));
#8206=DIRECTION('',(0.7646195997216655,0.001975832700862553,0.6444788311547699));
#8207=FACE_BOUND('',#8208,.T.);
#8208=EDGE_LOOP('',(#8209,#8210,#8211));
#8209=ORIENTED_EDGE('',*,*,#8212,.T.);
#8210=ORIENTED_EDGE('',*,*,#8213,.T.);
#8211=ORIENTED_EDGE('',*,*,#8214,.T.);
#8212=EDGE_CURVE('',#139,#177,#8215,.F.);
#8213=EDGE_CURVE('',#177,#181,#8216,.T.);
#8214=EDGE_CURVE('',#181,#139,#8217,.T.);
#8215=LINE('',#138,#8218);
#8216=LINE('',#176,#8219);
#8217=LINE('',#180,#8220);
#8218=VECTOR('',#8221,1.0);
#8219=VECTOR('',#8222,1.0);
#8220=VECTOR('',#8223,1.0);
#8221=DIRECTION('',(0.7646195997216655,0.001975832700862553,0.6444788311547699));
#8222=DIRECTION('',(-0.17888516967082513,0,-0.9838699589233528));
#8223=DIRECTION('',(-0.7097019449042588,-0.0025567350865364357,0.7044974183805145));
#8224=FACE_SURFACE('',(#8229),#8225,.T.);
#8225=PLANE('',#8226);
#8226=AXIS2_PLACEMENT_3D('',#158,#8227,#8228);
#8227=DIRECTION('',(-0.0005575222612106684,0.9999951432449637,0.0030663749628430837));
#8228=DIRECTION('',(0.983869936037358,0,0.1788852955439467));
#8229=FACE_BOUND('',#8230,.T.);
#8230=EDGE_LOOP('',(#8231,#8232,#8233));
#8231=ORIENTED_EDGE('',*,*,#8234,.T.);
#8232=ORIENTED_EDGE('',*,*,#8235,.T.);
#8233=ORIENTED_EDGE('',*,*,#8236,.T.);
#8234=EDGE_CURVE('',#159,#155,#8237,.F.);
#8235=EDGE_CURVE('',#155,#197,#8238,.T.);
#8236=EDGE_CURVE('',#197,#159,#8239,.T.);
#8237=LINE('',#158,#8240);
#8238=LINE('',#154,#8241);
#8239=LINE('',#196,#8242);
#8240=VECTOR('',#8243,1.0);
#8241=VECTOR('',#8244,1.0);
#8242=VECTOR('',#8245,1.0);
#8243=DIRECTION('',(0.983869936037358,0,0.1788852955439467));
#8244=DIRECTION('',(0.7097020208994046,0.0025559401082564863,-0.7044973447085973));
#8245=DIRECTION('',(-0.9826134380300331,-0.0011171370361221767,0.18565985944097022));
#8246=FACE_SURFACE('',(#8251),#8247,.T.);
#8247=PLANE('',#8248);
#8248=AXIS2_PLACEMENT_3D('',#158,#8249,#8250);
#8249=DIRECTION('',(-0.0005572588847633954,0.9999951391165335,0.0030677688700942686));
#8250=DIRECTION('',(0.9826134380300331,0.0011171370361221767,-0.18565985944097022));
#8251=FACE_BOUND('',#8252,.T.);
#8252=EDGE_LOOP('',(#8253,#8254,#8255));
#8253=ORIENTED_EDGE('',*,*,#8256,.T.);
#8254=ORIENTED_EDGE('',*,*,#8257,.T.);
#8255=ORIENTED_EDGE('',*,*,#8258,.T.);
#8256=EDGE_CURVE('',#159,#197,#8259,.F.);
#8257=EDGE_CURVE('',#197,#201,#8260,.T.);
#8258=EDGE_CURVE('',#201,#159,#8261,.T.);
#8259=LINE('',#158,#8262);
#8260=LINE('',#196,#8263);
#8261=LINE('',#200,#8264);
#8262=VECTOR('',#8265,1.0);
#8263=VECTOR('',#8266,1.0);
#8264=VECTOR('',#8267,1.0);
#8265=DIRECTION('',(0.9826134380300331,0.0011171370361221767,-0.18565985944097022));
#8266=DIRECTION('',(-0.9838699304428803,5.085776605864718E-07,-0.17888532631287354));
#8267=DIRECTION('',(-0.7097019946058374,-0.0025567352655887416,0.7044973683111084));
#8268=FACE_SURFACE('',(#8273),#8269,.T.);
#8269=PLANE('',#8270);
#8270=AXIS2_PLACEMENT_3D('',#114,#8271,#8272);
#8271=DIRECTION('',(0.001205622288310055,-0.9999963661916624,-0.002411240006450046));
#8272=DIRECTION('',(-0.8944268519473195,0,-0.44721427360450783));
#8273=FACE_BOUND('',#8274,.T.);
#8274=EDGE_LOOP('',(#8275,#8276,#8277));
#8275=ORIENTED_EDGE('',*,*,#8278,.T.);
#8276=ORIENTED_EDGE('',*,*,#8279,.T.);
#8277=ORIENTED_EDGE('',*,*,#8280,.T.);
#8278=EDGE_CURVE('',#115,#133,#8281,.F.);
#8279=EDGE_CURVE('',#133,#171,#8282,.T.);
#8280=EDGE_CURVE('',#171,#115,#8283,.T.);
#8281=LINE('',#114,#8284);
#8282=LINE('',#132,#8285);
#8283=LINE('',#170,#8286);
#8284=VECTOR('',#8287,1.0);
#8285=VECTOR('',#8288,1.0);
#8286=VECTOR('',#8289,1.0);
#8287=DIRECTION('',(-0.8944268519473195,0,-0.44721427360450783));
#8288=DIRECTION('',(0.7097005692248473,0.002554355828365802,-0.7044988128508308));
#8289=DIRECTION('',(0.11441136130595887,-0.002257471634977639,0.9934308955463055));
#8290=FACE_SURFACE('',(#8295),#8291,.T.);
#8291=PLANE('',#8292);
#8292=AXIS2_PLACEMENT_3D('',#114,#8293,#8294);
#8293=DIRECTION('',(0.001205619863605001,-0.9999963661952589,-0.002411239727210002));
#8294=DIRECTION('',(-0.11441136130595887,0.002257471634977639,-0.9934308955463055));
#8295=FACE_BOUND('',#8296,.T.);
#8296=EDGE_LOOP('',(#8297,#8298,#8299));
#8297=ORIENTED_EDGE('',*,*,#8300,.T.);
#8298=ORIENTED_EDGE('',*,*,#8301,.T.);
#8299=ORIENTED_EDGE('',*,*,#8302,.T.);
#8300=EDGE_CURVE('',#115,#171,#8303,.F.);
#8301=EDGE_CURVE('',#171,#169,#8304,.T.);
#8302=EDGE_CURVE('',#169,#115,#8305,.T.);
#8303=LINE('',#114,#8306);
#8304=LINE('',#170,#8307);
#8305=LINE('',#168,#8308);
#8306=VECTOR('',#8309,1.0);
#8307=VECTOR('',#8310,1.0);
#8308=VECTOR('',#8311,1.0);
#8309=DIRECTION('',(-0.11441136130595887,0.002257471634977639,-0.9934308955463055));
#8310=DIRECTION('',(0.894427190999916,0,0.447213595499958));
#8311=DIRECTION('',(-0.7097001716113136,-0.0025543543972743094,0.7044992134051573));
#8312=FACE_SURFACE('',(#8317),#8313,.T.);
#8313=PLANE('',#8314);
#8314=AXIS2_PLACEMENT_3D('',#148,#8315,#8316);
#8315=DIRECTION('',(0.0019261528373663802,-0.9999967247071345,-0.0016853813368911486));
#8316=DIRECTION('',(-0.6585040777007549,0,-0.7525771586033408));
#8317=FACE_BOUND('',#8318,.T.);
#8318=EDGE_LOOP('',(#8319,#8320,#8321));
#8319=ORIENTED_EDGE('',*,*,#8322,.T.);
#8320=ORIENTED_EDGE('',*,*,#8323,.T.);
#8321=ORIENTED_EDGE('',*,*,#8324,.T.);
#8322=EDGE_CURVE('',#149,#153,#8325,.F.);
#8323=EDGE_CURVE('',#153,#191,#8326,.T.);
#8324=EDGE_CURVE('',#191,#149,#8327,.T.);
#8325=LINE('',#148,#8328);
#8326=LINE('',#152,#8329);
#8327=LINE('',#190,#8330);
#8328=VECTOR('',#8331,1.0);
#8329=VECTOR('',#8332,1.0);
#8330=VECTOR('',#8333,1.0);
#8331=DIRECTION('',(-0.6585040777007549,0,-0.7525771586033408));
#8332=DIRECTION('',(0.7097020237836111,0.0025543496145251127,-0.7044973475716522));
#8333=DIRECTION('',(0.14611540797946806,-0.001385855363116271,0.9892665803290365));
#8334=FACE_SURFACE('',(#8339),#8335,.T.);
#8335=PLANE('',#8336);
#8336=AXIS2_PLACEMENT_3D('',#148,#8337,#8338);
#8337=DIRECTION('',(0.0019261529403069462,-0.9999967247069106,-0.0016853813520952329));
#8338=DIRECTION('',(-0.14611540797946806,0.001385855363116271,-0.9892665803290365));
#8339=FACE_BOUND('',#8340,.T.);
#8340=EDGE_LOOP('',(#8341,#8342,#8343));
#8341=ORIENTED_EDGE('',*,*,#8344,.T.);
#8342=ORIENTED_EDGE('',*,*,#8345,.T.);
#8343=ORIENTED_EDGE('',*,*,#8346,.T.);
#8344=EDGE_CURVE('',#149,#191,#8347,.F.);
#8345=EDGE_CURVE('',#191,#187,#8348,.T.);
#8346=EDGE_CURVE('',#187,#149,#8349,.T.);
#8347=LINE('',#148,#8350);
#8348=LINE('',#190,#8351);
#8349=LINE('',#186,#8352);
#8350=VECTOR('',#8353,1.0);
#8351=VECTOR('',#8354,1.0);
#8352=VECTOR('',#8355,1.0);
#8353=DIRECTION('',(-0.14611540797946806,0.001385855363116271,-0.9892665803290365));
#8354=DIRECTION('',(0.6585040611330208,0,0.7525771731000872));
#8355=DIRECTION('',(-0.7097020486344032,-0.002554349703967736,0.7044973225369427));
#8356=FACE_SURFACE('',(#8361),#8357,.T.);
#8357=PLANE('',#8358);
#8358=AXIS2_PLACEMENT_3D('',#164,#8359,#8360);
#8359=DIRECTION('',(0.7044928000741562,0.0025370457981283372,0.7097065999709269));
#8360=DIRECTION('',(0.0036011676035495083,-0.9999935157749219,4.6073675259671163E-08));
#8361=FACE_BOUND('',#8362,.T.);
#8362=EDGE_LOOP('',(#8363,#8364,#8365));
#8363=ORIENTED_EDGE('',*,*,#8366,.T.);
#8364=ORIENTED_EDGE('',*,*,#8367,.T.);
#8365=ORIENTED_EDGE('',*,*,#8368,.T.);
#8366=EDGE_CURVE('',#165,#163,#8369,.F.);
#8367=EDGE_CURVE('',#163,#205,#8370,.T.);
#8368=EDGE_CURVE('',#205,#165,#8371,.T.);
#8369=LINE('',#164,#8372);
#8370=LINE('',#162,#8373);
#8371=LINE('',#204,#8374);
#8372=VECTOR('',#8375,1.0);
#8373=VECTOR('',#8376,1.0);
#8374=VECTOR('',#8377,1.0);
#8375=DIRECTION('',(0.0036011676035495083,-0.9999935157749219,4.6073675259671163E-08));
#8376=DIRECTION('',(0.7097019946058374,0.0025567352655887416,-0.7044973683111084));
#8377=DIRECTION('',(-0.047369208192861105,0.9979318228655343,0.04345382638449207));
#8378=FACE_SURFACE('',(#8383),#8379,.T.);
#8379=PLANE('',#8380);
#8380=AXIS2_PLACEMENT_3D('',#164,#8381,#8382);
#8381=DIRECTION('',(0.7044927793417778,0.0025370439175878318,0.7097066205577185));
#8382=DIRECTION('',(0.047369208192861105,-0.9979318228655343,-0.04345382638449207));
#8383=FACE_BOUND('',#8384,.T.);
#8384=EDGE_LOOP('',(#8385,#8386,#8387));
#8385=ORIENTED_EDGE('',*,*,#8388,.T.);
#8386=ORIENTED_EDGE('',*,*,#8389,.T.);
#8387=ORIENTED_EDGE('',*,*,#8390,.T.);
#8388=EDGE_CURVE('',#165,#205,#8391,.F.);
#8389=EDGE_CURVE('',#205,#203,#8392,.T.);
#8390=EDGE_CURVE('',#203,#165,#8393,.T.);
#8391=LINE('',#164,#8394);
#8392=LINE('',#204,#8395);
#8393=LINE('',#202,#8396);
#8394=VECTOR('',#8397,1.0);
#8395=VECTOR('',#8398,1.0);
#8396=VECTOR('',#8399,1.0);
#8397=DIRECTION('',(0.047369208192861105,-0.9979318228655343,-0.04345382638449207));
#8398=DIRECTION('',(-0.0036011681344870297,0.99999351577301,-4.300210324903312E-08));
#8399=DIRECTION('',(-0.7097020237836111,-0.0025543496145251127,0.7044973475716522));
#8400=FACE_SURFACE('',(#8405),#8401,.T.);
#8401=PLANE('',#8402);
#8402=AXIS2_PLACEMENT_3D('',#130,#8403,#8404);
#8403=DIRECTION('',(-0.0012067474224305684,0.9999963594060596,0.00241349027042601));
#8404=DIRECTION('',(0.8944268519473195,0,0.44721427360450783));
#8405=FACE_BOUND('',#8406,.T.);
#8406=EDGE_LOOP('',(#8407,#8408,#8409));
#8407=ORIENTED_EDGE('',*,*,#8410,.T.);
#8408=ORIENTED_EDGE('',*,*,#8411,.T.);
#8409=ORIENTED_EDGE('',*,*,#8412,.T.);
#8410=EDGE_CURVE('',#131,#105,#8413,.F.);
#8411=EDGE_CURVE('',#105,#167,#8414,.T.);
#8412=EDGE_CURVE('',#167,#131,#8415,.T.);
#8413=LINE('',#130,#8416);
#8414=LINE('',#104,#8417);
#8415=LINE('',#166,#8418);
#8416=VECTOR('',#8419,1.0);
#8417=VECTOR('',#8420,1.0);
#8418=VECTOR('',#8421,1.0);
#8419=DIRECTION('',(0.8944268519473195,0,0.44721427360450783));
#8420=DIRECTION('',(0.7097001672843255,0.0025567401423310845,-0.7044992091098791));
#8421=DIRECTION('',(-0.9834967186185887,-0.0016234835144898114,0.18091867998564143));
#8422=FACE_SURFACE('',(#8427),#8423,.T.);
#8423=PLANE('',#8424);
#8424=AXIS2_PLACEMENT_3D('',#130,#8425,#8426);
#8425=DIRECTION('',(-0.0012067468072579684,0.9999963593987309,0.002413493614515937));
#8426=DIRECTION('',(0.9834967186185887,0.0016234835144898114,-0.18091867998564143));
#8427=FACE_BOUND('',#8428,.T.);
#8428=EDGE_LOOP('',(#8429,#8430,#8431));
#8429=ORIENTED_EDGE('',*,*,#8432,.T.);
#8430=ORIENTED_EDGE('',*,*,#8433,.T.);
#8431=ORIENTED_EDGE('',*,*,#8434,.T.);
#8432=EDGE_CURVE('',#131,#167,#8435,.F.);
#8433=EDGE_CURVE('',#167,#173,#8436,.T.);
#8434=EDGE_CURVE('',#173,#131,#8437,.T.);
#8435=LINE('',#130,#8438);
#8436=LINE('',#166,#8439);
#8437=LINE('',#172,#8440);
#8438=VECTOR('',#8441,1.0);
#8439=VECTOR('',#8442,1.0);
#8440=VECTOR('',#8443,1.0);
#8441=DIRECTION('',(0.9834967186185887,0.0016234835144898114,-0.18091867998564143));
#8442=DIRECTION('',(-0.894427190999916,0,-0.447213595499958));
#8443=DIRECTION('',(-0.7097005648978519,-0.0025567415747591873,0.7044988085555502));
#8444=FACE_SURFACE('',(#8449),#8445,.T.);
#8445=PLANE('',#8446);
#8446=AXIS2_PLACEMENT_3D('',#150,#8447,#8448);
#8447=DIRECTION('',(-0.0019273523343117376,0.9999967206260251,0.0016864311948880451));
#8448=DIRECTION('',(0.6585041439716965,0,0.7525771006163442));
#8449=FACE_BOUND('',#8450,.T.);
#8450=EDGE_LOOP('',(#8451,#8452,#8453));
#8451=ORIENTED_EDGE('',*,*,#8454,.T.);
#8452=ORIENTED_EDGE('',*,*,#8455,.T.);
#8453=ORIENTED_EDGE('',*,*,#8456,.T.);
#8454=EDGE_CURVE('',#151,#147,#8457,.F.);
#8455=EDGE_CURVE('',#147,#189,#8458,.T.);
#8456=EDGE_CURVE('',#189,#151,#8459,.T.);
#8457=LINE('',#150,#8460);
#8458=LINE('',#146,#8461);
#8459=LINE('',#188,#8462);
#8460=VECTOR('',#8463,1.0);
#8461=VECTOR('',#8464,1.0);
#8462=VECTOR('',#8465,1.0);
#8463=DIRECTION('',(0.6585041439716965,0,0.7525771006163442));
#8464=DIRECTION('',(0.7097021451533714,0.002555940555748092,-0.7044972195350231));
#8465=DIRECTION('',(-0.9711877538145884,-0.001469930511306846,-0.23831111208851788));
#8466=FACE_SURFACE('',(#8471),#8467,.T.);
#8467=PLANE('',#8468);
#8468=AXIS2_PLACEMENT_3D('',#150,#8469,#8470);
#8469=DIRECTION('',(-0.0019273521704521637,0.999996720627467,0.0016864305271032747));
#8470=DIRECTION('',(0.9711877538145884,0.001469930511306846,0.23831111208851788));
#8471=FACE_BOUND('',#8472,.T.);
#8472=EDGE_LOOP('',(#8473,#8474,#8475));
#8473=ORIENTED_EDGE('',*,*,#8476,.T.);
#8474=ORIENTED_EDGE('',*,*,#8477,.T.);
#8475=ORIENTED_EDGE('',*,*,#8478,.T.);
#8476=EDGE_CURVE('',#151,#189,#8479,.F.);
#8477=EDGE_CURVE('',#189,#193,#8480,.T.);
#8478=EDGE_CURVE('',#193,#151,#8481,.T.);
#8479=LINE('',#150,#8482);
#8480=LINE('',#188,#8483);
#8481=LINE('',#192,#8484);
#8482=VECTOR('',#8485,1.0);
#8483=VECTOR('',#8486,1.0);
#8484=VECTOR('',#8487,1.0);
#8485=DIRECTION('',(0.9711877538145884,0.001469930511306846,0.23831111208851788));
#8486=DIRECTION('',(-0.6585040279975541,0,-0.7525772020935768));
#8487=DIRECTION('',(-0.709701971197824,-0.0025559399292598654,0.7044973947780085));
#8488=FACE_SURFACE('',(#8493),#8489,.T.);
#8489=PLANE('',#8490);
#8490=AXIS2_PLACEMENT_3D('',#140,#8491,#8492);
#8491=DIRECTION('',(0.0025762444523924582,-0.9999961505135228,-0.0010304963160851532));
#8492=DIRECTION('',(-0.3713902212343332,0,-0.9284768729330382));
#8493=FACE_BOUND('',#8494,.T.);
#8494=EDGE_LOOP('',(#8495,#8496,#8497));
#8495=ORIENTED_EDGE('',*,*,#8498,.T.);
#8496=ORIENTED_EDGE('',*,*,#8499,.T.);
#8497=ORIENTED_EDGE('',*,*,#8500,.T.);
#8498=EDGE_CURVE('',#141,#145,#8501,.F.);
#8499=EDGE_CURVE('',#145,#183,#8502,.T.);
#8500=EDGE_CURVE('',#183,#141,#8503,.T.);
#8501=LINE('',#140,#8504);
#8502=LINE('',#144,#8505);
#8503=LINE('',#182,#8506);
#8504=VECTOR('',#8507,1.0);
#8505=VECTOR('',#8508,1.0);
#8506=VECTOR('',#8509,1.0);
#8507=DIRECTION('',(-0.3713902212343332,0,-0.9284768729330382));
#8508=DIRECTION('',(0.7097003704180529,0.002554355112819957,-0.7044990131280782));
#8509=DIRECTION('',(-0.07126602863871488,-0.0012114787348241431,0.9974566083200517));
#8510=FACE_SURFACE('',(#8515),#8511,.T.);
#8511=PLANE('',#8512);
#8512=AXIS2_PLACEMENT_3D('',#140,#8513,#8514);
#8513=DIRECTION('',(0.0025762320238076077,-0.9999961505446268,-0.0010304972041173326));
#8514=DIRECTION('',(0.07126602863871488,0.0012114787348241431,-0.9974566083200517));
#8515=FACE_BOUND('',#8516,.T.);
#8516=EDGE_LOOP('',(#8517,#8518,#8519));
#8517=ORIENTED_EDGE('',*,*,#8520,.T.);
#8518=ORIENTED_EDGE('',*,*,#8521,.T.);
#8519=ORIENTED_EDGE('',*,*,#8522,.T.);
#8520=EDGE_CURVE('',#141,#183,#8523,.F.);
#8521=EDGE_CURVE('',#183,#179,#8524,.T.);
#8522=EDGE_CURVE('',#179,#141,#8525,.T.);
#8523=LINE('',#140,#8526);
#8524=LINE('',#182,#8527);
#8525=LINE('',#178,#8528);
#8526=VECTOR('',#8529,1.0);
#8527=VECTOR('',#8530,1.0);
#8528=VECTOR('',#8531,1.0);
#8529=DIRECTION('',(0.07126602863871488,0.0012114787348241431,-0.9974566083200517));
#8530=DIRECTION('',(0.371392041711809,0,0.9284761447410126));
#8531=DIRECTION('',(-0.7097019492312405,-0.0025543493461972614,0.7044974226757649));
#8532=FACE_SURFACE('',(#8537),#8533,.T.);
#8533=PLANE('',#8534);
#8534=AXIS2_PLACEMENT_3D('',#160,#8535,#8536);
#8535=DIRECTION('',(7.880805851266677E-05,-0.9999937085296993,-0.003546362969151383));
#8536=DIRECTION('',(-0.9997531778783743,0,-0.02221673518075251));
#8537=FACE_BOUND('',#8538,.T.);
#8538=EDGE_LOOP('',(#8539,#8540,#8541));
#8539=ORIENTED_EDGE('',*,*,#8542,.T.);
#8540=ORIENTED_EDGE('',*,*,#8543,.T.);
#8541=ORIENTED_EDGE('',*,*,#8544,.T.);
#8542=EDGE_CURVE('',#161,#165,#8545,.F.);
#8543=EDGE_CURVE('',#165,#203,#8546,.T.);
#8544=EDGE_CURVE('',#203,#161,#8547,.T.);
#8545=LINE('',#160,#8548);
#8546=LINE('',#164,#8549);
#8547=LINE('',#202,#8550);
#8548=VECTOR('',#8551,1.0);
#8549=VECTOR('',#8552,1.0);
#8550=VECTOR('',#8553,1.0);
#8551=DIRECTION('',(-0.9997531778783743,0,-0.02221673518075251));
#8552=DIRECTION('',(0.7097020237836111,0.0025543496145251127,-0.7044973475716522));
#8553=DIRECTION('',(0.9887599617922623,-0.0004523007985129341,0.14951098080258762));
#8554=FACE_SURFACE('',(#8559),#8555,.T.);
#8555=PLANE('',#8556);
#8556=AXIS2_PLACEMENT_3D('',#160,#8557,#8558);
#8557=DIRECTION('',(7.88081052067364E-05,-0.9999937085286005,-0.003546363277949635));
#8558=DIRECTION('',(-0.9887599617922623,0.0004523007985129341,-0.14951098080258762));
#8559=FACE_BOUND('',#8560,.T.);
#8560=EDGE_LOOP('',(#8561,#8562,#8563));
#8561=ORIENTED_EDGE('',*,*,#8564,.T.);
#8562=ORIENTED_EDGE('',*,*,#8565,.T.);
#8563=ORIENTED_EDGE('',*,*,#8566,.T.);
#8564=EDGE_CURVE('',#161,#203,#8567,.F.);
#8565=EDGE_CURVE('',#203,#199,#8568,.T.);
#8566=EDGE_CURVE('',#199,#161,#8569,.T.);
#8567=LINE('',#160,#8570);
#8568=LINE('',#202,#8571);
#8569=LINE('',#198,#8572);
#8570=VECTOR('',#8573,1.0);
#8571=VECTOR('',#8574,1.0);
#8572=VECTOR('',#8575,1.0);
#8573=DIRECTION('',(-0.9887599617922623,0.0004523007985129341,-0.14951098080258762));
#8574=DIRECTION('',(0.9997531776289644,0,0.02221674640419379));
#8575=DIRECTION('',(-0.7097004449705944,-0.002554355381149626,0.7044989380241302));
#8576=FACE_SURFACE('',(#8581),#8577,.T.);
#8577=PLANE('',#8578);
#8578=AXIS2_PLACEMENT_3D('',#142,#8579,#8580);
#8579=DIRECTION('',(-0.0025786423667825266,0.9999961433441311,0.0010314554804777085));
#8580=DIRECTION('',(0.3713902212343332,0,0.9284768729330382));
#8581=FACE_BOUND('',#8582,.T.);
#8582=EDGE_LOOP('',(#8583,#8584,#8585));
#8583=ORIENTED_EDGE('',*,*,#8586,.T.);
#8584=ORIENTED_EDGE('',*,*,#8587,.T.);
#8585=ORIENTED_EDGE('',*,*,#8588,.T.);
#8586=EDGE_CURVE('',#143,#139,#8589,.F.);
#8587=EDGE_CURVE('',#139,#181,#8590,.T.);
#8588=EDGE_CURVE('',#181,#143,#8591,.T.);
#8589=LINE('',#142,#8592);
#8590=LINE('',#138,#8593);
#8591=LINE('',#180,#8594);
#8592=VECTOR('',#8595,1.0);
#8593=VECTOR('',#8596,1.0);
#8594=VECTOR('',#8597,1.0);
#8595=DIRECTION('',(0.3713902212343332,0,0.9284768729330382));
#8596=DIRECTION('',(0.7097019449042588,0.0025567350865364357,-0.7044974183805145));
#8597=DIRECTION('',(-0.8773588046883372,-0.0017674764252012688,-0.4798316411648345));
#8598=FACE_SURFACE('',(#8603),#8599,.T.);
#8599=PLANE('',#8600);
#8600=AXIS2_PLACEMENT_3D('',#142,#8601,#8602);
#8601=DIRECTION('',(-0.0025786463698411373,0.9999961433262587,0.0010314628000248276));
#8602=DIRECTION('',(0.8773588046883372,0.0017674764252012688,0.4798316411648345));
#8603=FACE_BOUND('',#8604,.T.);
#8604=EDGE_LOOP('',(#8605,#8606,#8607));
#8605=ORIENTED_EDGE('',*,*,#8608,.T.);
#8606=ORIENTED_EDGE('',*,*,#8609,.T.);
#8607=ORIENTED_EDGE('',*,*,#8610,.T.);
#8608=EDGE_CURVE('',#143,#181,#8611,.F.);
#8609=EDGE_CURVE('',#181,#185,#8612,.T.);
#8610=EDGE_CURVE('',#185,#143,#8613,.T.);
#8611=LINE('',#142,#8614);
#8612=LINE('',#180,#8615);
#8613=LINE('',#184,#8616);
#8614=VECTOR('',#8617,1.0);
#8615=VECTOR('',#8618,1.0);
#8616=VECTOR('',#8619,1.0);
#8617=DIRECTION('',(0.8773588046883372,0.0017674764252012688,0.4798316411648345));
#8618=DIRECTION('',(-0.37139199619973673,0,-0.9284761629459178));
#8619=DIRECTION('',(-0.7097002666876865,-0.002556740500438036,0.7044991089713599));
#8620=FACE_SURFACE('',(#8625),#8621,.T.);
#8621=PLANE('',#8622);
#8622=AXIS2_PLACEMENT_3D('',#162,#8623,#8624);
#8623=DIRECTION('',(-7.888165867226833E-05,0.9999936967727566,0.003549674976647325));
#8624=DIRECTION('',(0.9997531778783743,0,0.02221673518075251));
#8625=FACE_BOUND('',#8626,.T.);
#8626=EDGE_LOOP('',(#8627,#8628,#8629));
#8627=ORIENTED_EDGE('',*,*,#8630,.T.);
#8628=ORIENTED_EDGE('',*,*,#8631,.T.);
#8629=ORIENTED_EDGE('',*,*,#8632,.T.);
#8630=EDGE_CURVE('',#163,#159,#8633,.F.);
#8631=EDGE_CURVE('',#159,#201,#8634,.T.);
#8632=EDGE_CURVE('',#201,#163,#8635,.T.);
#8633=LINE('',#162,#8636);
#8634=LINE('',#158,#8637);
#8635=LINE('',#200,#8638);
#8636=VECTOR('',#8639,1.0);
#8637=VECTOR('',#8640,1.0);
#8638=VECTOR('',#8641,1.0);
#8639=DIRECTION('',(0.9997531778783743,0,0.02221673518075251));
#8640=DIRECTION('',(0.7097019946058374,0.0025567352655887416,-0.7044973683111084));
#8641=DIRECTION('',(-0.9967656133718682,-0.00036389063788714107,0.08036279974594608));
#8642=FACE_SURFACE('',(#8647),#8643,.T.);
#8643=PLANE('',#8644);
#8644=AXIS2_PLACEMENT_3D('',#162,#8645,#8646);
#8645=DIRECTION('',(-7.888165867226833E-05,0.9999936967727566,0.003549674976647325));
#8646=DIRECTION('',(0.9967656133718682,0.00036389063788714107,-0.08036279974594608));
#8647=FACE_BOUND('',#8648,.T.);
#8648=EDGE_LOOP('',(#8649,#8650,#8651));
#8649=ORIENTED_EDGE('',*,*,#8652,.T.);
#8650=ORIENTED_EDGE('',*,*,#8653,.T.);
#8651=ORIENTED_EDGE('',*,*,#8654,.T.);
#8652=EDGE_CURVE('',#163,#201,#8655,.F.);
#8653=EDGE_CURVE('',#201,#205,#8656,.T.);
#8654=EDGE_CURVE('',#205,#163,#8657,.T.);
#8655=LINE('',#162,#8658);
#8656=LINE('',#200,#8659);
#8657=LINE('',#204,#8660);
#8658=VECTOR('',#8661,1.0);
#8659=VECTOR('',#8662,1.0);
#8660=VECTOR('',#8663,1.0);
#8661=DIRECTION('',(0.9967656133718682,0.00036389063788714107,-0.08036279974594608));
#8662=DIRECTION('',(-0.9997531778783743,0,-0.02221673518075251));
#8663=DIRECTION('',(-0.7097019946058374,-0.0025567352655887416,0.7044973683111084));
#8664=FACE_SURFACE('',(#8669),#8665,.T.);
#8665=PLANE('',#8666);
#8666=AXIS2_PLACEMENT_3D('',#132,#8667,#8668);
#8667=DIRECTION('',(0.0026228203836608727,-0.9999960766994553,-0.0009835644015811177));
#8668=DIRECTION('',(-0.35112555661584754,0,-0.9363283844310238));
#8669=FACE_BOUND('',#8670,.T.);
#8670=EDGE_LOOP('',(#8671,#8672,#8673));
#8671=ORIENTED_EDGE('',*,*,#8674,.T.);
#8672=ORIENTED_EDGE('',*,*,#8675,.T.);
#8673=ORIENTED_EDGE('',*,*,#8676,.T.);
#8674=EDGE_CURVE('',#133,#137,#8677,.F.);
#8675=EDGE_CURVE('',#137,#175,#8678,.T.);
#8676=EDGE_CURVE('',#175,#133,#8679,.T.);
#8677=LINE('',#132,#8680);
#8678=LINE('',#136,#8681);
#8679=LINE('',#174,#8682);
#8680=VECTOR('',#8683,1.0);
#8681=VECTOR('',#8684,1.0);
#8682=VECTOR('',#8685,1.0);
#8683=DIRECTION('',(-0.35112555661584754,0,-0.9363283844310238));
#8684=DIRECTION('',(0.7097019492312405,0.0025543493461972614,-0.7044974226757649));
#8685=DIRECTION('',(-0.1571352584895197,-0.0013834877041257437,0.9875761218767921));
#8686=FACE_SURFACE('',(#8691),#8687,.T.);
#8687=PLANE('',#8688);
#8688=AXIS2_PLACEMENT_3D('',#132,#8689,#8690);
#8689=DIRECTION('',(0.0026228349990832585,-0.9999960766634087,-0.0009835620760408443));
#8690=DIRECTION('',(0.1571352584895197,0.0013834877041257437,-0.9875761218767921));
#8691=FACE_BOUND('',#8692,.T.);
#8692=EDGE_LOOP('',(#8693,#8694,#8695));
#8693=ORIENTED_EDGE('',*,*,#8696,.T.);
#8694=ORIENTED_EDGE('',*,*,#8697,.T.);
#8695=ORIENTED_EDGE('',*,*,#8698,.T.);
#8696=EDGE_CURVE('',#133,#175,#8699,.F.);
#8697=EDGE_CURVE('',#175,#171,#8700,.T.);
#8698=EDGE_CURVE('',#171,#133,#8701,.T.);
#8699=LINE('',#132,#8702);
#8700=LINE('',#174,#8703);
#8701=LINE('',#170,#8704);
#8702=VECTOR('',#8705,1.0);
#8703=VECTOR('',#8706,1.0);
#8704=VECTOR('',#8707,1.0);
#8705=DIRECTION('',(0.1571352584895197,0.0013834877041257437,-0.9875761218767921));
#8706=DIRECTION('',(0.351123113394111,0,0.9363293006418341));
#8707=DIRECTION('',(-0.7097005692248473,-0.002554355828365802,0.7044988128508308));
#8708=FACE_SURFACE('',(#8713),#8709,.T.);
#8709=PLANE('',#8710);
#8710=AXIS2_PLACEMENT_3D('',#206,#8711,#8712);
#8711=DIRECTION('',(NaN,NaN,NaN));
#8712=DIRECTION('',(1,0,0));
#8713=FACE_BOUND('',#8714,.T.);
#8714=EDGE_LOOP('',(#8715,#8716,#8717));
#8715=ORIENTED_EDGE('',*,*,#8718,.T.);
#8716=ORIENTED_EDGE('',*,*,#8719,.T.);
#8717=ORIENTED_EDGE('',*,*,#8720,.T.);
#8718=EDGE_CURVE('',#207,#209,#8721,.F.);
#8719=EDGE_CURVE('',#209,#209,#8722,.T.);
#8720=EDGE_CURVE('',#209,#207,#8723,.T.);
#8721=LINE('',#206,#8724);
#8722=LINE('',#208,#8725);
#8723=LINE('',#208,#8726);
#8724=VECTOR('',#8727,1.0);
#8725=VECTOR('',#8728,1.0);
#8726=VECTOR('',#8729,1.0);
#8727=DIRECTION('',(1,0,0));
#8728=DIRECTION('',(NaN,NaN,NaN));
#8729=DIRECTION('',(-1,0,0));
#8730=FACE_SURFACE('',(#8735),#8731,.T.);
#8731=PLANE('',#8732);
#8732=AXIS2_PLACEMENT_3D('',#206,#8733,#8734);
#8733=DIRECTION('',(NaN,NaN,NaN));
#8734=DIRECTION('',(1,0,0));
#8735=FACE_BOUND('',#8736,.T.);
#8736=EDGE_LOOP('',(#8737,#8738,#8739));
#8737=ORIENTED_EDGE('',*,*,#8740,.T.);
#8738=ORIENTED_EDGE('',*,*,#8741,.T.);
#8739=ORIENTED_EDGE('',*,*,#8742,.T.);
#8740=EDGE_CURVE('',#207,#209,#8743,.F.);
#8741=EDGE_CURVE('',#209,#207,#8744,.T.);
#8742=EDGE_CURVE('',#207,#207,#8745,.T.);
#8743=LINE('',#206,#8746);
#8744=LINE('',#208,#8747);
#8745=LINE('',#206,#8748);
#8746=VECTOR('',#8749,1.0);
#8747=VECTOR('',#8750,1.0);
#8748=VECTOR('',#8751,1.0);
#8749=DIRECTION('',(1,0,0));
#8750=DIRECTION('',(-1,0,0));
#8751=DIRECTION('',(NaN,NaN,NaN));
#8752=FACE_SURFACE('',(#8757),#8753,.T.);
#8753=PLANE('',#8754);
#8754=AXIS2_PLACEMENT_3D('',#210,#8755,#8756);
#8755=DIRECTION('',(NaN,NaN,NaN));
#8756=DIRECTION('',(0.4472157993337929,0,-0.8944260890796044));
#8757=FACE_BOUND('',#8758,.T.);
#8758=EDGE_LOOP('',(#8759,#8760,#8761));
#8759=ORIENTED_EDGE('',*,*,#8762,.T.);
#8760=ORIENTED_EDGE('',*,*,#8763,.T.);
#8761=ORIENTED_EDGE('',*,*,#8764,.T.);
#8762=EDGE_CURVE('',#211,#213,#8765,.F.);
#8763=EDGE_CURVE('',#213,#213,#8766,.T.);
#8764=EDGE_CURVE('',#213,#211,#8767,.T.);
#8765=LINE('',#210,#8768);
#8766=LINE('',#212,#8769);
#8767=LINE('',#212,#8770);
#8768=VECTOR('',#8771,1.0);
#8769=VECTOR('',#8772,1.0);
#8770=VECTOR('',#8773,1.0);
#8771=DIRECTION('',(0.4472157993337929,0,-0.8944260890796044));
#8772=DIRECTION('',(NaN,NaN,NaN));
#8773=DIRECTION('',(-0.4472157993337929,0,0.8944260890796044));
#8774=FACE_SURFACE('',(#8779),#8775,.T.);
#8775=PLANE('',#8776);
#8776=AXIS2_PLACEMENT_3D('',#210,#8777,#8778);
#8777=DIRECTION('',(NaN,NaN,NaN));
#8778=DIRECTION('',(0.4472157993337929,0,-0.8944260890796044));
#8779=FACE_BOUND('',#8780,.T.);
#8780=EDGE_LOOP('',(#8781,#8782,#8783));
#8781=ORIENTED_EDGE('',*,*,#8784,.T.);
#8782=ORIENTED_EDGE('',*,*,#8785,.T.);
#8783=ORIENTED_EDGE('',*,*,#8786,.T.);
#8784=EDGE_CURVE('',#211,#213,#8787,.F.);
#8785=EDGE_CURVE('',#213,#211,#8788,.T.);
#8786=EDGE_CURVE('',#211,#211,#8789,.T.);
#8787=LINE('',#210,#8790);
#8788=LINE('',#212,#8791);
#8789=LINE('',#210,#8792);
#8790=VECTOR('',#8793,1.0);
#8791=VECTOR('',#8794,1.0);
#8792=VECTOR('',#8795,1.0);
#8793=DIRECTION('',(0.4472157993337929,0,-0.8944260890796044));
#8794=DIRECTION('',(-0.4472157993337929,0,0.8944260890796044));
#8795=DIRECTION('',(NaN,NaN,NaN));
#8796=FACE_SURFACE('',(#8801),#8797,.T.);
#8797=PLANE('',#8798);
#8798=AXIS2_PLACEMENT_3D('',#214,#8799,#8800);
#8799=DIRECTION('',(NaN,NaN,NaN));
#8800=DIRECTION('',(0.44720901828058196,0,-0.8944294795949639));
#8801=FACE_BOUND('',#8802,.T.);
#8802=EDGE_LOOP('',(#8803,#8804,#8805));
#8803=ORIENTED_EDGE('',*,*,#8806,.T.);
#8804=ORIENTED_EDGE('',*,*,#8807,.T.);
#8805=ORIENTED_EDGE('',*,*,#8808,.T.);
#8806=EDGE_CURVE('',#215,#217,#8809,.F.);
#8807=EDGE_CURVE('',#217,#217,#8810,.T.);
#8808=EDGE_CURVE('',#217,#215,#8811,.T.);
#8809=LINE('',#214,#8812);
#8810=LINE('',#216,#8813);
#8811=LINE('',#216,#8814);
#8812=VECTOR('',#8815,1.0);
#8813=VECTOR('',#8816,1.0);
#8814=VECTOR('',#8817,1.0);
#8815=DIRECTION('',(0.44720901828058196,0,-0.8944294795949639));
#8816=DIRECTION('',(NaN,NaN,NaN));
#8817=DIRECTION('',(-0.44720901828058196,0,0.8944294795949639));
#8818=FACE_SURFACE('',(#8823),#8819,.T.);
#8819=PLANE('',#8820);
#8820=AXIS2_PLACEMENT_3D('',#214,#8821,#8822);
#8821=DIRECTION('',(NaN,NaN,NaN));
#8822=DIRECTION('',(0.44720901828058196,0,-0.8944294795949639));
#8823=FACE_BOUND('',#8824,.T.);
#8824=EDGE_LOOP('',(#8825,#8826,#8827));
#8825=ORIENTED_EDGE('',*,*,#8828,.T.);
#8826=ORIENTED_EDGE('',*,*,#8829,.T.);
#8827=ORIENTED_EDGE('',*,*,#8830,.T.);
#8828=EDGE_CURVE('',#215,#217,#8831,.F.);
#8829=EDGE_CURVE('',#217,#215,#8832,.T.);
#8830=EDGE_CURVE('',#215,#215,#8833,.T.);
#8831=LINE('',#214,#8834);
#8832=LINE('',#216,#8835);
#8833=LINE('',#214,#8836);
#8834=VECTOR('',#8837,1.0);
#8835=VECTOR('',#8838,1.0);
#8836=VECTOR('',#8839,1.0);
#8837=DIRECTION('',(0.44720901828058196,0,-0.8944294795949639));
#8838=DIRECTION('',(-0.44720901828058196,0,0.8944294795949639));
#8839=DIRECTION('',(NaN,NaN,NaN));
#8840=FACE_SURFACE('',(#8845),#8841,.T.);
#8841=PLANE('',#8842);
#8842=AXIS2_PLACEMENT_3D('',#218,#8843,#8844);
#8843=DIRECTION('',(NaN,NaN,NaN));
#8844=DIRECTION('',(1,0,0));
#8845=FACE_BOUND('',#8846,.T.);
#8846=EDGE_LOOP('',(#8847,#8848,#8849));
#8847=ORIENTED_EDGE('',*,*,#8850,.T.);
#8848=ORIENTED_EDGE('',*,*,#8851,.T.);
#8849=ORIENTED_EDGE('',*,*,#8852,.T.);
#8850=EDGE_CURVE('',#219,#221,#8853,.F.);
#8851=EDGE_CURVE('',#221,#221,#8854,.T.);
#8852=EDGE_CURVE('',#221,#219,#8855,.T.);
#8853=LINE('',#218,#8856);
#8854=LINE('',#220,#8857);
#8855=LINE('',#220,#8858);
#8856=VECTOR('',#8859,1.0);
#8857=VECTOR('',#8860,1.0);
#8858=VECTOR('',#8861,1.0);
#8859=DIRECTION('',(1,0,0));
#8860=DIRECTION('',(NaN,NaN,NaN));
#8861=DIRECTION('',(-1,0,0));
#8862=FACE_SURFACE('',(#8867),#8863,.T.);
#8863=PLANE('',#8864);
#8864=AXIS2_PLACEMENT_3D('',#218,#8865,#8866);
#8865=DIRECTION('',(NaN,NaN,NaN));
#8866=DIRECTION('',(1,0,0));
#8867=FACE_BOUND('',#8868,.T.);
#8868=EDGE_LOOP('',(#8869,#8870,#8871));
#8869=ORIENTED_EDGE('',*,*,#8872,.T.);
#8870=ORIENTED_EDGE('',*,*,#8873,.T.);
#8871=ORIENTED_EDGE('',*,*,#8874,.T.);
#8872=EDGE_CURVE('',#219,#221,#8875,.F.);
#8873=EDGE_CURVE('',#221,#219,#8876,.T.);
#8874=EDGE_CURVE('',#219,#219,#8877,.T.);
#8875=LINE('',#218,#8878);
#8876=LINE('',#220,#8879);
#8877=LINE('',#218,#8880);
#8878=VECTOR('',#8881,1.0);
#8879=VECTOR('',#8882,1.0);
#8880=VECTOR('',#8883,1.0);
#8881=DIRECTION('',(1,0,0));
#8882=DIRECTION('',(-1,0,0));
#8883=DIRECTION('',(NaN,NaN,NaN));
#8884=FACE_SURFACE('',(#8889),#8885,.T.);
#8885=PLANE('',#8886);
#8886=AXIS2_PLACEMENT_3D('',#222,#8887,#8888);
#8887=DIRECTION('',(NaN,NaN,NaN));
#8888=DIRECTION('',(0.7071082418129266,0,-0.7071053205571514));
#8889=FACE_BOUND('',#8890,.T.);
#8890=EDGE_LOOP('',(#8891,#8892,#8893));
#8891=ORIENTED_EDGE('',*,*,#8894,.T.);
#8892=ORIENTED_EDGE('',*,*,#8895,.T.);
#8893=ORIENTED_EDGE('',*,*,#8896,.T.);
#8894=EDGE_CURVE('',#223,#225,#8897,.F.);
#8895=EDGE_CURVE('',#225,#225,#8898,.T.);
#8896=EDGE_CURVE('',#225,#223,#8899,.T.);
#8897=LINE('',#222,#8900);
#8898=LINE('',#224,#8901);
#8899=LINE('',#224,#8902);
#8900=VECTOR('',#8903,1.0);
#8901=VECTOR('',#8904,1.0);
#8902=VECTOR('',#8905,1.0);
#8903=DIRECTION('',(0.7071082418129266,0,-0.7071053205571514));
#8904=DIRECTION('',(NaN,NaN,NaN));
#8905=DIRECTION('',(-0.7071082418129266,0,0.7071053205571514));
#8906=FACE_SURFACE('',(#8911),#8907,.T.);
#8907=PLANE('',#8908);
#8908=AXIS2_PLACEMENT_3D('',#222,#8909,#8910);
#8909=DIRECTION('',(NaN,NaN,NaN));
#8910=DIRECTION('',(0.7071082418129266,0,-0.7071053205571514));
#8911=FACE_BOUND('',#8912,.T.);
#8912=EDGE_LOOP('',(#8913,#8914,#8915));
#8913=ORIENTED_EDGE('',*,*,#8916,.T.);
#8914=ORIENTED_EDGE('',*,*,#8917,.T.);
#8915=ORIENTED_EDGE('',*,*,#8918,.T.);
#8916=EDGE_CURVE('',#223,#225,#8919,.F.);
#8917=EDGE_CURVE('',#225,#223,#8920,.T.);
#8918=EDGE_CURVE('',#223,#223,#8921,.T.);
#8919=LINE('',#222,#8922);
#8920=LINE('',#224,#8923);
#8921=LINE('',#222,#8924);
#8922=VECTOR('',#8925,1.0);
#8923=VECTOR('',#8926,1.0);
#8924=VECTOR('',#8927,1.0);
#8925=DIRECTION('',(0.7071082418129266,0,-0.7071053205571514));
#8926=DIRECTION('',(-0.7071082418129266,0,0.7071053205571514));
#8927=DIRECTION('',(NaN,NaN,NaN));
#8928=FACE_SURFACE('',(#8933),#8929,.T.);
#8929=PLANE('',#8930);
#8930=AXIS2_PLACEMENT_3D('',#226,#8931,#8932);
#8931=DIRECTION('',(NaN,NaN,NaN));
#8932=DIRECTION('',(0.44721308692176237,0,-0.894427445288833));
#8933=FACE_BOUND('',#8934,.T.);
#8934=EDGE_LOOP('',(#8935,#8936,#8937));
#8935=ORIENTED_EDGE('',*,*,#8938,.T.);
#8936=ORIENTED_EDGE('',*,*,#8939,.T.);
#8937=ORIENTED_EDGE('',*,*,#8940,.T.);
#8938=EDGE_CURVE('',#227,#229,#8941,.F.);
#8939=EDGE_CURVE('',#229,#229,#8942,.T.);
#8940=EDGE_CURVE('',#229,#227,#8943,.T.);
#8941=LINE('',#226,#8944);
#8942=LINE('',#228,#8945);
#8943=LINE('',#228,#8946);
#8944=VECTOR('',#8947,1.0);
#8945=VECTOR('',#8948,1.0);
#8946=VECTOR('',#8949,1.0);
#8947=DIRECTION('',(0.44721308692176237,0,-0.894427445288833));
#8948=DIRECTION('',(NaN,NaN,NaN));
#8949=DIRECTION('',(-0.44721308692176237,0,0.894427445288833));
#8950=FACE_SURFACE('',(#8955),#8951,.T.);
#8951=PLANE('',#8952);
#8952=AXIS2_PLACEMENT_3D('',#226,#8953,#8954);
#8953=DIRECTION('',(NaN,NaN,NaN));
#8954=DIRECTION('',(0.44721308692176237,0,-0.894427445288833));
#8955=FACE_BOUND('',#8956,.T.);
#8956=EDGE_LOOP('',(#8957,#8958,#8959));
#8957=ORIENTED_EDGE('',*,*,#8960,.T.);
#8958=ORIENTED_EDGE('',*,*,#8961,.T.);
#8959=ORIENTED_EDGE('',*,*,#8962,.T.);
#8960=EDGE_CURVE('',#227,#229,#8963,.F.);
#8961=EDGE_CURVE('',#229,#227,#8964,.T.);
#8962=EDGE_CURVE('',#227,#227,#8965,.T.);
#8963=LINE('',#226,#8966);
#8964=LINE('',#228,#8967);
#8965=LINE('',#226,#8968);
#8966=VECTOR('',#8969,1.0);
#8967=VECTOR('',#8970,1.0);
#8968=VECTOR('',#8971,1.0);
#8969=DIRECTION('',(0.44721308692176237,0,-0.894427445288833));
#8970=DIRECTION('',(-0.44721308692176237,0,0.894427445288833));
#8971=DIRECTION('',(NaN,NaN,NaN));
#8972=FACE_SURFACE('',(#8977),#8973,.T.);
#8973=PLANE('',#8974);
#8974=AXIS2_PLACEMENT_3D('',#208,#8975,#8976);
#8975=DIRECTION('',(NaN,NaN,NaN));
#8976=DIRECTION('',(0.0017939920762212994,-0.9999983907949196,4.2832980427134824E-08));
#8977=FACE_BOUND('',#8978,.T.);
#8978=EDGE_LOOP('',(#8979,#8980,#8981));
#8979=ORIENTED_EDGE('',*,*,#8982,.T.);
#8980=ORIENTED_EDGE('',*,*,#8983,.T.);
#8981=ORIENTED_EDGE('',*,*,#8984,.T.);
#8982=EDGE_CURVE('',#209,#221,#8985,.F.);
#8983=EDGE_CURVE('',#221,#221,#8986,.T.);
#8984=EDGE_CURVE('',#221,#209,#8987,.T.);
#8985=LINE('',#208,#8988);
#8986=LINE('',#220,#8989);
#8987=LINE('',#220,#8990);
#8988=VECTOR('',#8991,1.0);
#8989=VECTOR('',#8992,1.0);
#8990=VECTOR('',#8993,1.0);
#8991=DIRECTION('',(0.0017939920762212994,-0.9999983907949196,4.2832980427134824E-08));
#8992=DIRECTION('',(NaN,NaN,NaN));
#8993=DIRECTION('',(-0.0017939920762212994,0.9999983907949196,-4.2832980427134824E-08));
#8994=FACE_SURFACE('',(#8999),#8995,.T.);
#8995=PLANE('',#8996);
#8996=AXIS2_PLACEMENT_3D('',#208,#8997,#8998);
#8997=DIRECTION('',(NaN,NaN,NaN));
#8998=DIRECTION('',(0.0017939920762212994,-0.9999983907949196,4.2832980427134824E-08));
#8999=FACE_BOUND('',#9000,.T.);
#9000=EDGE_LOOP('',(#9001,#9002,#9003));
#9001=ORIENTED_EDGE('',*,*,#9004,.T.);
#9002=ORIENTED_EDGE('',*,*,#9005,.T.);
#9003=ORIENTED_EDGE('',*,*,#9006,.T.);
#9004=EDGE_CURVE('',#209,#221,#9007,.F.);
#9005=EDGE_CURVE('',#221,#209,#9008,.T.);
#9006=EDGE_CURVE('',#209,#209,#9009,.T.);
#9007=LINE('',#208,#9010);
#9008=LINE('',#220,#9011);
#9009=LINE('',#208,#9012);
#9010=VECTOR('',#9013,1.0);
#9011=VECTOR('',#9014,1.0);
#9012=VECTOR('',#9015,1.0);
#9013=DIRECTION('',(0.0017939920762212994,-0.9999983907949196,4.2832980427134824E-08));
#9014=DIRECTION('',(-0.0017939920762212994,0.9999983907949196,-4.2832980427134824E-08));
#9015=DIRECTION('',(NaN,NaN,NaN));
#9016=FACE_SURFACE('',(#9021),#9017,.T.);
#9017=PLANE('',#9018);
#9018=AXIS2_PLACEMENT_3D('',#212,#9019,#9020);
#9019=DIRECTION('',(NaN,NaN,NaN));
#9020=DIRECTION('',(0.7071062786032678,0,-0.7071072837694701));
#9021=FACE_BOUND('',#9022,.T.);
#9022=EDGE_LOOP('',(#9023,#9024,#9025));
#9023=ORIENTED_EDGE('',*,*,#9026,.T.);
#9024=ORIENTED_EDGE('',*,*,#9027,.T.);
#9025=ORIENTED_EDGE('',*,*,#9028,.T.);
#9026=EDGE_CURVE('',#213,#231,#9029,.F.);
#9027=EDGE_CURVE('',#231,#231,#9030,.T.);
#9028=EDGE_CURVE('',#231,#213,#9031,.T.);
#9029=LINE('',#212,#9032);
#9030=LINE('',#230,#9033);
#9031=LINE('',#230,#9034);
#9032=VECTOR('',#9035,1.0);
#9033=VECTOR('',#9036,1.0);
#9034=VECTOR('',#9037,1.0);
#9035=DIRECTION('',(0.7071062786032678,0,-0.7071072837694701));
#9036=DIRECTION('',(NaN,NaN,NaN));
#9037=DIRECTION('',(-0.7071062786032678,0,0.7071072837694701));
#9038=FACE_SURFACE('',(#9043),#9039,.T.);
#9039=PLANE('',#9040);
#9040=AXIS2_PLACEMENT_3D('',#212,#9041,#9042);
#9041=DIRECTION('',(NaN,NaN,NaN));
#9042=DIRECTION('',(0.7071062786032678,0,-0.7071072837694701));
#9043=FACE_BOUND('',#9044,.T.);
#9044=EDGE_LOOP('',(#9045,#9046,#9047));
#9045=ORIENTED_EDGE('',*,*,#9048,.T.);
#9046=ORIENTED_EDGE('',*,*,#9049,.T.);
#9047=ORIENTED_EDGE('',*,*,#9050,.T.);
#9048=EDGE_CURVE('',#213,#231,#9051,.F.);
#9049=EDGE_CURVE('',#231,#213,#9052,.T.);
#9050=EDGE_CURVE('',#213,#213,#9053,.T.);
#9051=LINE('',#212,#9054);
#9052=LINE('',#230,#9055);
#9053=LINE('',#212,#9056);
#9054=VECTOR('',#9057,1.0);
#9055=VECTOR('',#9058,1.0);
#9056=VECTOR('',#9059,1.0);
#9057=DIRECTION('',(0.7071062786032678,0,-0.7071072837694701));
#9058=DIRECTION('',(-0.7071062786032678,0,0.7071072837694701));
#9059=DIRECTION('',(NaN,NaN,NaN));
#9060=FACE_SURFACE('',(#9065),#9061,.T.);
#9061=PLANE('',#9062);
#9062=AXIS2_PLACEMENT_3D('',#216,#9063,#9064);
#9063=DIRECTION('',(NaN,NaN,NaN));
#9064=DIRECTION('',(0.41380709250814296,0,-0.9103645919025833));
#9065=FACE_BOUND('',#9066,.T.);
#9066=EDGE_LOOP('',(#9067,#9068,#9069));
#9067=ORIENTED_EDGE('',*,*,#9070,.T.);
#9068=ORIENTED_EDGE('',*,*,#9071,.T.);
#9069=ORIENTED_EDGE('',*,*,#9072,.T.);
#9070=EDGE_CURVE('',#217,#233,#9073,.F.);
#9071=EDGE_CURVE('',#233,#233,#9074,.T.);
#9072=EDGE_CURVE('',#233,#217,#9075,.T.);
#9073=LINE('',#216,#9076);
#9074=LINE('',#232,#9077);
#9075=LINE('',#232,#9078);
#9076=VECTOR('',#9079,1.0);
#9077=VECTOR('',#9080,1.0);
#9078=VECTOR('',#9081,1.0);
#9079=DIRECTION('',(0.41380709250814296,0,-0.9103645919025833));
#9080=DIRECTION('',(NaN,NaN,NaN));
#9081=DIRECTION('',(-0.41380709250814296,0,0.9103645919025833));
#9082=FACE_SURFACE('',(#9087),#9083,.T.);
#9083=PLANE('',#9084);
#9084=AXIS2_PLACEMENT_3D('',#216,#9085,#9086);
#9085=DIRECTION('',(NaN,NaN,NaN));
#9086=DIRECTION('',(0.41380709250814296,0,-0.9103645919025833));
#9087=FACE_BOUND('',#9088,.T.);
#9088=EDGE_LOOP('',(#9089,#9090,#9091));
#9089=ORIENTED_EDGE('',*,*,#9092,.T.);
#9090=ORIENTED_EDGE('',*,*,#9093,.T.);
#9091=ORIENTED_EDGE('',*,*,#9094,.T.);
#9092=EDGE_CURVE('',#217,#233,#9095,.F.);
#9093=EDGE_CURVE('',#233,#217,#9096,.T.);
#9094=EDGE_CURVE('',#217,#217,#9097,.T.);
#9095=LINE('',#216,#9098);
#9096=LINE('',#232,#9099);
#9097=LINE('',#216,#9100);
#9098=VECTOR('',#9101,1.0);
#9099=VECTOR('',#9102,1.0);
#9100=VECTOR('',#9103,1.0);
#9101=DIRECTION('',(0.41380709250814296,0,-0.9103645919025833));
#9102=DIRECTION('',(-0.41380709250814296,0,0.9103645919025833));
#9103=DIRECTION('',(NaN,NaN,NaN));
#9104=FACE_SURFACE('',(#9109),#9105,.T.);
#9105=PLANE('',#9106);
#9106=AXIS2_PLACEMENT_3D('',#224,#9107,#9108);
#9107=DIRECTION('',(NaN,NaN,NaN));
#9108=DIRECTION('',(0.9486829234454569,0,-0.3162288898297895));
#9109=FACE_BOUND('',#9110,.T.);
#9110=EDGE_LOOP('',(#9111,#9112,#9113));
#9111=ORIENTED_EDGE('',*,*,#9114,.T.);
#9112=ORIENTED_EDGE('',*,*,#9115,.T.);
#9113=ORIENTED_EDGE('',*,*,#9116,.T.);
#9114=EDGE_CURVE('',#225,#235,#9117,.F.);
#9115=EDGE_CURVE('',#235,#235,#9118,.T.);
#9116=EDGE_CURVE('',#235,#225,#9119,.T.);
#9117=LINE('',#224,#9120);
#9118=LINE('',#234,#9121);
#9119=LINE('',#234,#9122);
#9120=VECTOR('',#9123,1.0);
#9121=VECTOR('',#9124,1.0);
#9122=VECTOR('',#9125,1.0);
#9123=DIRECTION('',(0.9486829234454569,0,-0.3162288898297895));
#9124=DIRECTION('',(NaN,NaN,NaN));
#9125=DIRECTION('',(-0.9486829234454569,0,0.3162288898297895));
#9126=FACE_SURFACE('',(#9131),#9127,.T.);
#9127=PLANE('',#9128);
#9128=AXIS2_PLACEMENT_3D('',#224,#9129,#9130);
#9129=DIRECTION('',(NaN,NaN,NaN));
#9130=DIRECTION('',(0.9486829234454569,0,-0.3162288898297895));
#9131=FACE_BOUND('',#9132,.T.);
#9132=EDGE_LOOP('',(#9133,#9134,#9135));
#9133=ORIENTED_EDGE('',*,*,#9136,.T.);
#9134=ORIENTED_EDGE('',*,*,#9137,.T.);
#9135=ORIENTED_EDGE('',*,*,#9138,.T.);
#9136=EDGE_CURVE('',#225,#235,#9139,.F.);
#9137=EDGE_CURVE('',#235,#225,#9140,.T.);
#9138=EDGE_CURVE('',#225,#225,#9141,.T.);
#9139=LINE('',#224,#9142);
#9140=LINE('',#234,#9143);
#9141=LINE('',#224,#9144);
#9142=VECTOR('',#9145,1.0);
#9143=VECTOR('',#9146,1.0);
#9144=VECTOR('',#9147,1.0);
#9145=DIRECTION('',(0.9486829234454569,0,-0.3162288898297895));
#9146=DIRECTION('',(-0.9486829234454569,0,0.3162288898297895));
#9147=DIRECTION('',(NaN,NaN,NaN));
#9148=FACE_SURFACE('',(#9153),#9149,.T.);
#9149=PLANE('',#9150);
#9150=AXIS2_PLACEMENT_3D('',#228,#9151,#9152);
#9151=DIRECTION('',(NaN,NaN,NaN));
#9152=DIRECTION('',(0.41380397249163625,0,-0.9103660101026076));
#9153=FACE_BOUND('',#9154,.T.);
#9154=EDGE_LOOP('',(#9155,#9156,#9157));
#9155=ORIENTED_EDGE('',*,*,#9158,.T.);
#9156=ORIENTED_EDGE('',*,*,#9159,.T.);
#9157=ORIENTED_EDGE('',*,*,#9160,.T.);
#9158=EDGE_CURVE('',#229,#237,#9161,.F.);
#9159=EDGE_CURVE('',#237,#237,#9162,.T.);
#9160=EDGE_CURVE('',#237,#229,#9163,.T.);
#9161=LINE('',#228,#9164);
#9162=LINE('',#236,#9165);
#9163=LINE('',#236,#9166);
#9164=VECTOR('',#9167,1.0);
#9165=VECTOR('',#9168,1.0);
#9166=VECTOR('',#9169,1.0);
#9167=DIRECTION('',(0.41380397249163625,0,-0.9103660101026076));
#9168=DIRECTION('',(NaN,NaN,NaN));
#9169=DIRECTION('',(-0.41380397249163625,0,0.9103660101026076));
#9170=FACE_SURFACE('',(#9175),#9171,.T.);
#9171=PLANE('',#9172);
#9172=AXIS2_PLACEMENT_3D('',#228,#9173,#9174);
#9173=DIRECTION('',(NaN,NaN,NaN));
#9174=DIRECTION('',(0.41380397249163625,0,-0.9103660101026076));
#9175=FACE_BOUND('',#9176,.T.);
#9176=EDGE_LOOP('',(#9177,#9178,#9179));
#9177=ORIENTED_EDGE('',*,*,#9180,.T.);
#9178=ORIENTED_EDGE('',*,*,#9181,.T.);
#9179=ORIENTED_EDGE('',*,*,#9182,.T.);
#9180=EDGE_CURVE('',#229,#237,#9183,.F.);
#9181=EDGE_CURVE('',#237,#229,#9184,.T.);
#9182=EDGE_CURVE('',#229,#229,#9185,.T.);
#9183=LINE('',#228,#9186);
#9184=LINE('',#236,#9187);
#9185=LINE('',#228,#9188);
#9186=VECTOR('',#9189,1.0);
#9187=VECTOR('',#9190,1.0);
#9188=VECTOR('',#9191,1.0);
#9189=DIRECTION('',(0.41380397249163625,0,-0.9103660101026076));
#9190=DIRECTION('',(-0.41380397249163625,0,0.9103660101026076));
#9191=DIRECTION('',(NaN,NaN,NaN));
#9192=FACE_SURFACE('',(#9197),#9193,.T.);
#9193=PLANE('',#9194);
#9194=AXIS2_PLACEMENT_3D('',#230,#9195,#9196);
#9195=DIRECTION('',(NaN,NaN,NaN));
#9196=DIRECTION('',(0.9486833973201786,0,-0.3162274682076879));
#9197=FACE_BOUND('',#9198,.T.);
#9198=EDGE_LOOP('',(#9199,#9200,#9201));
#9199=ORIENTED_EDGE('',*,*,#9202,.T.);
#9200=ORIENTED_EDGE('',*,*,#9203,.T.);
#9201=ORIENTED_EDGE('',*,*,#9204,.T.);
#9202=EDGE_CURVE('',#231,#239,#9205,.F.);
#9203=EDGE_CURVE('',#239,#239,#9206,.T.);
#9204=EDGE_CURVE('',#239,#231,#9207,.T.);
#9205=LINE('',#230,#9208);
#9206=LINE('',#238,#9209);
#9207=LINE('',#238,#9210);
#9208=VECTOR('',#9211,1.0);
#9209=VECTOR('',#9212,1.0);
#9210=VECTOR('',#9213,1.0);
#9211=DIRECTION('',(0.9486833973201786,0,-0.3162274682076879));
#9212=DIRECTION('',(NaN,NaN,NaN));
#9213=DIRECTION('',(-0.9486833973201786,0,0.3162274682076879));
#9214=FACE_SURFACE('',(#9219),#9215,.T.);
#9215=PLANE('',#9216);
#9216=AXIS2_PLACEMENT_3D('',#230,#9217,#9218);
#9217=DIRECTION('',(NaN,NaN,NaN));
#9218=DIRECTION('',(0.9486833973201786,0,-0.3162274682076879));
#9219=FACE_BOUND('',#9220,.T.);
#9220=EDGE_LOOP('',(#9221,#9222,#9223));
#9221=ORIENTED_EDGE('',*,*,#9224,.T.);
#9222=ORIENTED_EDGE('',*,*,#9225,.T.);
#9223=ORIENTED_EDGE('',*,*,#9226,.T.);
#9224=EDGE_CURVE('',#231,#239,#9227,.F.);
#9225=EDGE_CURVE('',#239,#231,#9228,.T.);
#9226=EDGE_CURVE('',#231,#231,#9229,.T.);
#9227=LINE('',#230,#9230);
#9228=LINE('',#238,#9231);
#9229=LINE('',#230,#9232);
#9230=VECTOR('',#9233,1.0);
#9231=VECTOR('',#9234,1.0);
#9232=VECTOR('',#9235,1.0);
#9233=DIRECTION('',(0.9486833973201786,0,-0.3162274682076879));
#9234=DIRECTION('',(-0.9486833973201786,0,0.3162274682076879));
#9235=DIRECTION('',(NaN,NaN,NaN));
#9236=FACE_SURFACE('',(#9241),#9237,.T.);
#9237=PLANE('',#9238);
#9238=AXIS2_PLACEMENT_3D('',#232,#9239,#9240);
#9239=DIRECTION('',(NaN,NaN,NaN));
#9240=DIRECTION('',(0.2248575613110088,0,-0.9743916446282089));
#9241=FACE_BOUND('',#9242,.T.);
#9242=EDGE_LOOP('',(#9243,#9244,#9245));
#9243=ORIENTED_EDGE('',*,*,#9246,.T.);
#9244=ORIENTED_EDGE('',*,*,#9247,.T.);
#9245=ORIENTED_EDGE('',*,*,#9248,.T.);
#9246=EDGE_CURVE('',#233,#241,#9249,.F.);
#9247=EDGE_CURVE('',#241,#241,#9250,.T.);
#9248=EDGE_CURVE('',#241,#233,#9251,.T.);
#9249=LINE('',#232,#9252);
#9250=LINE('',#240,#9253);
#9251=LINE('',#240,#9254);
#9252=VECTOR('',#9255,1.0);
#9253=VECTOR('',#9256,1.0);
#9254=VECTOR('',#9257,1.0);
#9255=DIRECTION('',(0.2248575613110088,0,-0.9743916446282089));
#9256=DIRECTION('',(NaN,NaN,NaN));
#9257=DIRECTION('',(-0.2248575613110088,0,0.9743916446282089));
#9258=FACE_SURFACE('',(#9263),#9259,.T.);
#9259=PLANE('',#9260);
#9260=AXIS2_PLACEMENT_3D('',#232,#9261,#9262);
#9261=DIRECTION('',(NaN,NaN,NaN));
#9262=DIRECTION('',(0.2248575613110088,0,-0.9743916446282089));
#9263=FACE_BOUND('',#9264,.T.);
#9264=EDGE_LOOP('',(#9265,#9266,#9267));
#9265=ORIENTED_EDGE('',*,*,#9268,.T.);
#9266=ORIENTED_EDGE('',*,*,#9269,.T.);
#9267=ORIENTED_EDGE('',*,*,#9270,.T.);
#9268=EDGE_CURVE('',#233,#241,#9271,.F.);
#9269=EDGE_CURVE('',#241,#233,#9272,.T.);
#9270=EDGE_CURVE('',#233,#233,#9273,.T.);
#9271=LINE('',#232,#9274);
#9272=LINE('',#240,#9275);
#9273=LINE('',#232,#9276);
#9274=VECTOR('',#9277,1.0);
#9275=VECTOR('',#9278,1.0);
#9276=VECTOR('',#9279,1.0);
#9277=DIRECTION('',(0.2248575613110088,0,-0.9743916446282089));
#9278=DIRECTION('',(-0.2248575613110088,0,0.9743916446282089));
#9279=DIRECTION('',(NaN,NaN,NaN));
#9280=FACE_SURFACE('',(#9285),#9281,.T.);
#9281=PLANE('',#9282);
#9282=AXIS2_PLACEMENT_3D('',#234,#9283,#9284);
#9283=DIRECTION('',(NaN,NaN,NaN));
#9284=DIRECTION('',(0.9761871028116024,0,-0.21693026599414406));
#9285=FACE_BOUND('',#9286,.T.);
#9286=EDGE_LOOP('',(#9287,#9288,#9289));
#9287=ORIENTED_EDGE('',*,*,#9290,.T.);
#9288=ORIENTED_EDGE('',*,*,#9291,.T.);
#9289=ORIENTED_EDGE('',*,*,#9292,.T.);
#9290=EDGE_CURVE('',#235,#207,#9293,.F.);
#9291=EDGE_CURVE('',#207,#207,#9294,.T.);
#9292=EDGE_CURVE('',#207,#235,#9295,.T.);
#9293=LINE('',#234,#9296);
#9294=LINE('',#206,#9297);
#9295=LINE('',#206,#9298);
#9296=VECTOR('',#9299,1.0);
#9297=VECTOR('',#9300,1.0);
#9298=VECTOR('',#9301,1.0);
#9299=DIRECTION('',(0.9761871028116024,0,-0.21693026599414406));
#9300=DIRECTION('',(NaN,NaN,NaN));
#9301=DIRECTION('',(-0.9761871028116024,0,0.21693026599414406));
#9302=FACE_SURFACE('',(#9307),#9303,.T.);
#9303=PLANE('',#9304);
#9304=AXIS2_PLACEMENT_3D('',#234,#9305,#9306);
#9305=DIRECTION('',(NaN,NaN,NaN));
#9306=DIRECTION('',(0.9761871028116024,0,-0.21693026599414406));
#9307=FACE_BOUND('',#9308,.T.);
#9308=EDGE_LOOP('',(#9309,#9310,#9311));
#9309=ORIENTED_EDGE('',*,*,#9312,.T.);
#9310=ORIENTED_EDGE('',*,*,#9313,.T.);
#9311=ORIENTED_EDGE('',*,*,#9314,.T.);
#9312=EDGE_CURVE('',#235,#207,#9315,.F.);
#9313=EDGE_CURVE('',#207,#235,#9316,.T.);
#9314=EDGE_CURVE('',#235,#235,#9317,.T.);
#9315=LINE('',#234,#9318);
#9316=LINE('',#206,#9319);
#9317=LINE('',#234,#9320);
#9318=VECTOR('',#9321,1.0);
#9319=VECTOR('',#9322,1.0);
#9320=VECTOR('',#9323,1.0);
#9321=DIRECTION('',(0.9761871028116024,0,-0.21693026599414406));
#9322=DIRECTION('',(-0.9761871028116024,0,0.21693026599414406));
#9323=DIRECTION('',(NaN,NaN,NaN));
#9324=FACE_SURFACE('',(#9329),#9325,.T.);
#9325=PLANE('',#9326);
#9326=AXIS2_PLACEMENT_3D('',#236,#9327,#9328);
#9327=DIRECTION('',(NaN,NaN,NaN));
#9328=DIRECTION('',(0.22485756131098839,-4.2618946419823424E-07,-0.9743916446281204));
#9329=FACE_BOUND('',#9330,.T.);
#9330=EDGE_LOOP('',(#9331,#9332,#9333));
#9331=ORIENTED_EDGE('',*,*,#9334,.T.);
#9332=ORIENTED_EDGE('',*,*,#9335,.T.);
#9333=ORIENTED_EDGE('',*,*,#9336,.T.);
#9334=EDGE_CURVE('',#237,#211,#9337,.F.);
#9335=EDGE_CURVE('',#211,#211,#9338,.T.);
#9336=EDGE_CURVE('',#211,#237,#9339,.T.);
#9337=LINE('',#236,#9340);
#9338=LINE('',#210,#9341);
#9339=LINE('',#210,#9342);
#9340=VECTOR('',#9343,1.0);
#9341=VECTOR('',#9344,1.0);
#9342=VECTOR('',#9345,1.0);
#9343=DIRECTION('',(0.22485756131098839,-4.2618946419823424E-07,-0.9743916446281204));
#9344=DIRECTION('',(NaN,NaN,NaN));
#9345=DIRECTION('',(-0.22485756131098839,4.2618946419823424E-07,0.9743916446281204));
#9346=FACE_SURFACE('',(#9351),#9347,.T.);
#9347=PLANE('',#9348);
#9348=AXIS2_PLACEMENT_3D('',#236,#9349,#9350);
#9349=DIRECTION('',(NaN,NaN,NaN));
#9350=DIRECTION('',(0.22485756131098839,-4.2618946419823424E-07,-0.9743916446281204));
#9351=FACE_BOUND('',#9352,.T.);
#9352=EDGE_LOOP('',(#9353,#9354,#9355));
#9353=ORIENTED_EDGE('',*,*,#9356,.T.);
#9354=ORIENTED_EDGE('',*,*,#9357,.T.);
#9355=ORIENTED_EDGE('',*,*,#9358,.T.);
#9356=EDGE_CURVE('',#237,#211,#9359,.F.);
#9357=EDGE_CURVE('',#211,#237,#9360,.T.);
#9358=EDGE_CURVE('',#237,#237,#9361,.T.);
#9359=LINE('',#236,#9362);
#9360=LINE('',#210,#9363);
#9361=LINE('',#236,#9364);
#9362=VECTOR('',#9365,1.0);
#9363=VECTOR('',#9366,1.0);
#9364=VECTOR('',#9367,1.0);
#9365=DIRECTION('',(0.22485756131098839,-4.2618946419823424E-07,-0.9743916446281204));
#9366=DIRECTION('',(-0.22485756131098839,4.2618946419823424E-07,0.9743916446281204));
#9367=DIRECTION('',(NaN,NaN,NaN));
#9368=FACE_SURFACE('',(#9373),#9369,.T.);
#9369=PLANE('',#9370);
#9370=AXIS2_PLACEMENT_3D('',#128,#9371,#9372);
#9371=DIRECTION('',(NaN,NaN,NaN));
#9372=DIRECTION('',(0.9950371902099892,0,-0.09950371902099892));
#9373=FACE_BOUND('',#9374,.T.);
#9374=EDGE_LOOP('',(#9375,#9376,#9377));
#9375=ORIENTED_EDGE('',*,*,#9378,.T.);
#9376=ORIENTED_EDGE('',*,*,#9379,.T.);
#9377=ORIENTED_EDGE('',*,*,#9380,.T.);
#9378=EDGE_CURVE('',#129,#215,#9381,.F.);
#9379=EDGE_CURVE('',#215,#215,#9382,.T.);
#9380=EDGE_CURVE('',#215,#129,#9383,.T.);
#9381=LINE('',#128,#9384);
#9382=LINE('',#214,#9385);
#9383=LINE('',#214,#9386);
#9384=VECTOR('',#9387,1.0);
#9385=VECTOR('',#9388,1.0);
#9386=VECTOR('',#9389,1.0);
#9387=DIRECTION('',(0.9950371902099892,0,-0.09950371902099892));
#9388=DIRECTION('',(NaN,NaN,NaN));
#9389=DIRECTION('',(-0.9950371902099892,0,0.09950371902099892));
#9390=FACE_SURFACE('',(#9395),#9391,.T.);
#9391=PLANE('',#9392);
#9392=AXIS2_PLACEMENT_3D('',#128,#9393,#9394);
#9393=DIRECTION('',(NaN,NaN,NaN));
#9394=DIRECTION('',(0.9950371902099892,0,-0.09950371902099892));
#9395=FACE_BOUND('',#9396,.T.);
#9396=EDGE_LOOP('',(#9397,#9398,#9399));
#9397=ORIENTED_EDGE('',*,*,#9400,.T.);
#9398=ORIENTED_EDGE('',*,*,#9401,.T.);
#9399=ORIENTED_EDGE('',*,*,#9402,.T.);
#9400=EDGE_CURVE('',#129,#215,#9403,.F.);
#9401=EDGE_CURVE('',#215,#129,#9404,.T.);
#9402=EDGE_CURVE('',#129,#129,#9405,.T.);
#9403=LINE('',#128,#9406);
#9404=LINE('',#214,#9407);
#9405=LINE('',#128,#9408);
#9406=VECTOR('',#9409,1.0);
#9407=VECTOR('',#9410,1.0);
#9408=VECTOR('',#9411,1.0);
#9409=DIRECTION('',(0.9950371902099892,0,-0.09950371902099892));
#9410=DIRECTION('',(-0.9950371902099892,0,0.09950371902099892));
#9411=DIRECTION('',(NaN,NaN,NaN));
#9412=FACE_SURFACE('',(#9417),#9413,.T.);
#9413=PLANE('',#9414);
#9414=AXIS2_PLACEMENT_3D('',#238,#9415,#9416);
#9415=DIRECTION('',(NaN,NaN,NaN));
#9416=DIRECTION('',(0.9761870987302331,0,-0.21693028436032183));
#9417=FACE_BOUND('',#9418,.T.);
#9418=EDGE_LOOP('',(#9419,#9420,#9421));
#9419=ORIENTED_EDGE('',*,*,#9422,.T.);
#9420=ORIENTED_EDGE('',*,*,#9423,.T.);
#9421=ORIENTED_EDGE('',*,*,#9424,.T.);
#9422=EDGE_CURVE('',#239,#219,#9425,.F.);
#9423=EDGE_CURVE('',#219,#219,#9426,.T.);
#9424=EDGE_CURVE('',#219,#239,#9427,.T.);
#9425=LINE('',#238,#9428);
#9426=LINE('',#218,#9429);
#9427=LINE('',#218,#9430);
#9428=VECTOR('',#9431,1.0);
#9429=VECTOR('',#9432,1.0);
#9430=VECTOR('',#9433,1.0);
#9431=DIRECTION('',(0.9761870987302331,0,-0.21693028436032183));
#9432=DIRECTION('',(NaN,NaN,NaN));
#9433=DIRECTION('',(-0.9761870987302331,0,0.21693028436032183));
#9434=FACE_SURFACE('',(#9439),#9435,.T.);
#9435=PLANE('',#9436);
#9436=AXIS2_PLACEMENT_3D('',#238,#9437,#9438);
#9437=DIRECTION('',(NaN,NaN,NaN));
#9438=DIRECTION('',(0.9761870987302331,0,-0.21693028436032183));
#9439=FACE_BOUND('',#9440,.T.);
#9440=EDGE_LOOP('',(#9441,#9442,#9443));
#9441=ORIENTED_EDGE('',*,*,#9444,.T.);
#9442=ORIENTED_EDGE('',*,*,#9445,.T.);
#9443=ORIENTED_EDGE('',*,*,#9446,.T.);
#9444=EDGE_CURVE('',#239,#219,#9447,.F.);
#9445=EDGE_CURVE('',#219,#239,#9448,.T.);
#9446=EDGE_CURVE('',#239,#239,#9449,.T.);
#9447=LINE('',#238,#9450);
#9448=LINE('',#218,#9451);
#9449=LINE('',#238,#9452);
#9450=VECTOR('',#9453,1.0);
#9451=VECTOR('',#9454,1.0);
#9452=VECTOR('',#9455,1.0);
#9453=DIRECTION('',(0.9761870987302331,0,-0.21693028436032183));
#9454=DIRECTION('',(-0.9761870987302331,0,0.21693028436032183));
#9455=DIRECTION('',(NaN,NaN,NaN));
#9456=FACE_SURFACE('',(#9461),#9457,.T.);
#9457=PLANE('',#9458);
#9458=AXIS2_PLACEMENT_3D('',#240,#9459,#9460);
#9459=DIRECTION('',(NaN,NaN,NaN));
#9460=DIRECTION('',(0.44721312930324,0,-0.8944274240981229));
#9461=FACE_BOUND('',#9462,.T.);
#9462=EDGE_LOOP('',(#9463,#9464,#9465));
#9463=ORIENTED_EDGE('',*,*,#9466,.T.);
#9464=ORIENTED_EDGE('',*,*,#9467,.T.);
#9465=ORIENTED_EDGE('',*,*,#9468,.T.);
#9466=EDGE_CURVE('',#241,#223,#9469,.F.);
#9467=EDGE_CURVE('',#223,#223,#9470,.T.);
#9468=EDGE_CURVE('',#223,#241,#9471,.T.);
#9469=LINE('',#240,#9472);
#9470=LINE('',#222,#9473);
#9471=LINE('',#222,#9474);
#9472=VECTOR('',#9475,1.0);
#9473=VECTOR('',#9476,1.0);
#9474=VECTOR('',#9477,1.0);
#9475=DIRECTION('',(0.44721312930324,0,-0.8944274240981229));
#9476=DIRECTION('',(NaN,NaN,NaN));
#9477=DIRECTION('',(-0.44721312930324,0,0.8944274240981229));
#9478=FACE_SURFACE('',(#9483),#9479,.T.);
#9479=PLANE('',#9480);
#9480=AXIS2_PLACEMENT_3D('',#240,#9481,#9482);
#9481=DIRECTION('',(NaN,NaN,NaN));
#9482=DIRECTION('',(0.44721312930324,0,-0.8944274240981229));
#9483=FACE_BOUND('',#9484,.T.);
#9484=EDGE_LOOP('',(#9485,#9486,#9487));
#9485=ORIENTED_EDGE('',*,*,#9488,.T.);
#9486=ORIENTED_EDGE('',*,*,#9489,.T.);
#9487=ORIENTED_EDGE('',*,*,#9490,.T.);
#9488=EDGE_CURVE('',#241,#223,#9491,.F.);
#9489=EDGE_CURVE('',#223,#241,#9492,.T.);
#9490=EDGE_CURVE('',#241,#241,#9493,.T.);
#9491=LINE('',#240,#9494);
#9492=LINE('',#222,#9495);
#9493=LINE('',#240,#9496);
#9494=VECTOR('',#9497,1.0);
#9495=VECTOR('',#9498,1.0);
#9496=VECTOR('',#9499,1.0);
#9497=DIRECTION('',(0.44721312930324,0,-0.8944274240981229));
#9498=DIRECTION('',(-0.44721312930324,0,0.8944274240981229));
#9499=DIRECTION('',(NaN,NaN,NaN));
#9500=FACE_SURFACE('',(#9505),#9501,.T.);
#9501=PLANE('',#9502);
#9502=AXIS2_PLACEMENT_3D('',#100,#9503,#9504);
#9503=DIRECTION('',(NaN,NaN,NaN));
#9504=DIRECTION('',(0.9950371902099892,0,-0.09950371902099892));
#9505=FACE_BOUND('',#9506,.T.);
#9506=EDGE_LOOP('',(#9507,#9508,#9509));
#9507=ORIENTED_EDGE('',*,*,#9510,.T.);
#9508=ORIENTED_EDGE('',*,*,#9511,.T.);
#9509=ORIENTED_EDGE('',*,*,#9512,.T.);
#9510=EDGE_CURVE('',#101,#227,#9513,.F.);
#9511=EDGE_CURVE('',#227,#227,#9514,.T.);
#9512=EDGE_CURVE('',#227,#101,#9515,.T.);
#9513=LINE('',#100,#9516);
#9514=LINE('',#226,#9517);
#9515=LINE('',#226,#9518);
#9516=VECTOR('',#9519,1.0);
#9517=VECTOR('',#9520,1.0);
#9518=VECTOR('',#9521,1.0);
#9519=DIRECTION('',(0.9950371902099892,0,-0.09950371902099892));
#9520=DIRECTION('',(NaN,NaN,NaN));
#9521=DIRECTION('',(-0.9950371902099892,0,0.09950371902099892));
#9522=FACE_SURFACE('',(#9527),#9523,.T.);
#9523=PLANE('',#9524);
#9524=AXIS2_PLACEMENT_3D('',#100,#9525,#9526);
#9525=DIRECTION('',(NaN,NaN,NaN));
#9526=DIRECTION('',(0.9950371902099892,0,-0.09950371902099892));
#9527=FACE_BOUND('',#9528,.T.);
#9528=EDGE_LOOP('',(#9529,#9530,#9531));
#9529=ORIENTED_EDGE('',*,*,#9532,.T.);
#9530=ORIENTED_EDGE('',*,*,#9533,.T.);
#9531=ORIENTED_EDGE('',*,*,#9534,.T.);
#9532=EDGE_CURVE('',#101,#227,#9535,.F.);
#9533=EDGE_CURVE('',#227,#101,#9536,.T.);
#9534=EDGE_CURVE('',#101,#101,#9537,.T.);
#9535=LINE('',#100,#9538);
#9536=LINE('',#226,#9539);
#9537=LINE('',#100,#9540);
#9538=VECTOR('',#9541,1.0);
#9539=VECTOR('',#9542,1.0);
#9540=VECTOR('',#9543,1.0);
#9541=DIRECTION('',(0.9950371902099892,0,-0.09950371902099892));
#9542=DIRECTION('',(-0.9950371902099892,0,0.09950371902099892));
#9543=DIRECTION('',(NaN,NaN,NaN));
#9544=FACE_SURFACE('',(#9549),#9545,.T.);
#9545=PLANE('',#9546);
#9546=AXIS2_PLACEMENT_3D('',#224,#9547,#9548);
#9547=DIRECTION('',(NaN,NaN,NaN));
#9548=DIRECTION('',(0.9486829234454569,0,-0.3162288898297895));
#9549=FACE_BOUND('',#9550,.T.);
#9550=EDGE_LOOP('',(#9551,#9552,#9553));
#9551=ORIENTED_EDGE('',*,*,#9554,.T.);
#9552=ORIENTED_EDGE('',*,*,#9555,.T.);
#9553=ORIENTED_EDGE('',*,*,#9556,.T.);
#9554=EDGE_CURVE('',#225,#235,#9557,.F.);
#9555=EDGE_CURVE('',#235,#235,#9558,.T.);
#9556=EDGE_CURVE('',#235,#225,#9559,.T.);
#9557=LINE('',#224,#9560);
#9558=LINE('',#234,#9561);
#9559=LINE('',#234,#9562);
#9560=VECTOR('',#9563,1.0);
#9561=VECTOR('',#9564,1.0);
#9562=VECTOR('',#9565,1.0);
#9563=DIRECTION('',(0.9486829234454569,0,-0.3162288898297895));
#9564=DIRECTION('',(NaN,NaN,NaN));
#9565=DIRECTION('',(-0.9486829234454569,0,0.3162288898297895));
#9566=FACE_SURFACE('',(#9571),#9567,.T.);
#9567=PLANE('',#9568);
#9568=AXIS2_PLACEMENT_3D('',#224,#9569,#9570);
#9569=DIRECTION('',(NaN,NaN,NaN));
#9570=DIRECTION('',(0.9486829234454569,0,-0.3162288898297895));
#9571=FACE_BOUND('',#9572,.T.);
#9572=EDGE_LOOP('',(#9573,#9574,#9575));
#9573=ORIENTED_EDGE('',*,*,#9576,.T.);
#9574=ORIENTED_EDGE('',*,*,#9577,.T.);
#9575=ORIENTED_EDGE('',*,*,#9578,.T.);
#9576=EDGE_CURVE('',#225,#235,#9579,.F.);
#9577=EDGE_CURVE('',#235,#225,#9580,.T.);
#9578=EDGE_CURVE('',#225,#225,#9581,.T.);
#9579=LINE('',#224,#9582);
#9580=LINE('',#234,#9583);
#9581=LINE('',#224,#9584);
#9582=VECTOR('',#9585,1.0);
#9583=VECTOR('',#9586,1.0);
#9584=VECTOR('',#9587,1.0);
#9585=DIRECTION('',(0.9486829234454569,0,-0.3162288898297895));
#9586=DIRECTION('',(-0.9486829234454569,0,0.3162288898297895));
#9587=DIRECTION('',(NaN,NaN,NaN));
#9588=FACE_SURFACE('',(#9593),#9589,.T.);
#9589=PLANE('',#9590);
#9590=AXIS2_PLACEMENT_3D('',#228,#9591,#9592);
#9591=DIRECTION('',(NaN,NaN,NaN));
#9592=DIRECTION('',(0.41380397249163625,0,-0.9103660101026076));
#9593=FACE_BOUND('',#9594,.T.);
#9594=EDGE_LOOP('',(#9595,#9596,#9597));
#9595=ORIENTED_EDGE('',*,*,#9598,.T.);
#9596=ORIENTED_EDGE('',*,*,#9599,.T.);
#9597=ORIENTED_EDGE('',*,*,#9600,.T.);
#9598=EDGE_CURVE('',#229,#237,#9601,.F.);
#9599=EDGE_CURVE('',#237,#237,#9602,.T.);
#9600=EDGE_CURVE('',#237,#229,#9603,.T.);
#9601=LINE('',#228,#9604);
#9602=LINE('',#236,#9605);
#9603=LINE('',#236,#9606);
#9604=VECTOR('',#9607,1.0);
#9605=VECTOR('',#9608,1.0);
#9606=VECTOR('',#9609,1.0);
#9607=DIRECTION('',(0.41380397249163625,0,-0.9103660101026076));
#9608=DIRECTION('',(NaN,NaN,NaN));
#9609=DIRECTION('',(-0.41380397249163625,0,0.9103660101026076));
#9610=FACE_SURFACE('',(#9615),#9611,.T.);
#9611=PLANE('',#9612);
#9612=AXIS2_PLACEMENT_3D('',#228,#9613,#9614);
#9613=DIRECTION('',(NaN,NaN,NaN));
#9614=DIRECTION('',(0.41380397249163625,0,-0.9103660101026076));
#9615=FACE_BOUND('',#9616,.T.);
#9616=EDGE_LOOP('',(#9617,#9618,#9619));
#9617=ORIENTED_EDGE('',*,*,#9620,.T.);
#9618=ORIENTED_EDGE('',*,*,#9621,.T.);
#9619=ORIENTED_EDGE('',*,*,#9622,.T.);
#9620=EDGE_CURVE('',#229,#237,#9623,.F.);
#9621=EDGE_CURVE('',#237,#229,#9624,.T.);
#9622=EDGE_CURVE('',#229,#229,#9625,.T.);
#9623=LINE('',#228,#9626);
#9624=LINE('',#236,#9627);
#9625=LINE('',#228,#9628);
#9626=VECTOR('',#9629,1.0);
#9627=VECTOR('',#9630,1.0);
#9628=VECTOR('',#9631,1.0);
#9629=DIRECTION('',(0.41380397249163625,0,-0.9103660101026076));
#9630=DIRECTION('',(-0.41380397249163625,0,0.9103660101026076));
#9631=DIRECTION('',(NaN,NaN,NaN));
#9632=FACE_SURFACE('',(#9637),#9633,.T.);
#9633=PLANE('',#9634);
#9634=AXIS2_PLACEMENT_3D('',#230,#9635,#9636);
#9635=DIRECTION('',(NaN,NaN,NaN));
#9636=DIRECTION('',(0.9486833973201786,0,-0.3162274682076879));
#9637=FACE_BOUND('',#9638,.T.);
#9638=EDGE_LOOP('',(#9639,#9640,#9641));
#9639=ORIENTED_EDGE('',*,*,#9642,.T.);
#9640=ORIENTED_EDGE('',*,*,#9643,.T.);
#9641=ORIENTED_EDGE('',*,*,#9644,.T.);
#9642=EDGE_CURVE('',#231,#239,#9645,.F.);
#9643=EDGE_CURVE('',#239,#239,#9646,.T.);
#9644=EDGE_CURVE('',#239,#231,#9647,.T.);
#9645=LINE('',#230,#9648);
#9646=LINE('',#238,#9649);
#9647=LINE('',#238,#9650);
#9648=VECTOR('',#9651,1.0);
#9649=VECTOR('',#9652,1.0);
#9650=VECTOR('',#9653,1.0);
#9651=DIRECTION('',(0.9486833973201786,0,-0.3162274682076879));
#9652=DIRECTION('',(NaN,NaN,NaN));
#9653=DIRECTION('',(-0.9486833973201786,0,0.3162274682076879));
#9654=FACE_SURFACE('',(#9659),#9655,.T.);
#9655=PLANE('',#9656);
#9656=AXIS2_PLACEMENT_3D('',#230,#9657,#9658);
#9657=DIRECTION('',(NaN,NaN,NaN));
#9658=DIRECTION('',(0.9486833973201786,0,-0.3162274682076879));
#9659=FACE_BOUND('',#9660,.T.);
#9660=EDGE_LOOP('',(#9661,#9662,#9663));
#9661=ORIENTED_EDGE('',*,*,#9664,.T.);
#9662=ORIENTED_EDGE('',*,*,#9665,.T.);
#9663=ORIENTED_EDGE('',*,*,#9666,.T.);
#9664=EDGE_CURVE('',#231,#239,#9667,.F.);
#9665=EDGE_CURVE('',#239,#231,#9668,.T.);
#9666=EDGE_CURVE('',#231,#231,#9669,.T.);
#9667=LINE('',#230,#9670);
#9668=LINE('',#238,#9671);
#9669=LINE('',#230,#9672);
#9670=VECTOR('',#9673,1.0);
#9671=VECTOR('',#9674,1.0);
#9672=VECTOR('',#9675,1.0);
#9673=DIRECTION('',(0.9486833973201786,0,-0.3162274682076879));
#9674=DIRECTION('',(-0.9486833973201786,0,0.3162274682076879));
#9675=DIRECTION('',(NaN,NaN,NaN));
#9676=FACE_SURFACE('',(#9681),#9677,.T.);
#9677=PLANE('',#9678);
#9678=AXIS2_PLACEMENT_3D('',#232,#9679,#9680);
#9679=DIRECTION('',(NaN,NaN,NaN));
#9680=DIRECTION('',(0.2248575613110088,0,-0.9743916446282089));
#9681=FACE_BOUND('',#9682,.T.);
#9682=EDGE_LOOP('',(#9683,#9684,#9685));
#9683=ORIENTED_EDGE('',*,*,#9686,.T.);
#9684=ORIENTED_EDGE('',*,*,#9687,.T.);
#9685=ORIENTED_EDGE('',*,*,#9688,.T.);
#9686=EDGE_CURVE('',#233,#241,#9689,.F.);
#9687=EDGE_CURVE('',#241,#241,#9690,.T.);
#9688=EDGE_CURVE('',#241,#233,#9691,.T.);
#9689=LINE('',#232,#9692);
#9690=LINE('',#240,#9693);
#9691=LINE('',#240,#9694);
#9692=VECTOR('',#9695,1.0);
#9693=VECTOR('',#9696,1.0);
#9694=VECTOR('',#9697,1.0);
#9695=DIRECTION('',(0.2248575613110088,0,-0.9743916446282089));
#9696=DIRECTION('',(NaN,NaN,NaN));
#9697=DIRECTION('',(-0.2248575613110088,0,0.9743916446282089));
#9698=FACE_SURFACE('',(#9703),#9699,.T.);
#9699=PLANE('',#9700);
#9700=AXIS2_PLACEMENT_3D('',#232,#9701,#9702);
#9701=DIRECTION('',(NaN,NaN,NaN));
#9702=DIRECTION('',(0.2248575613110088,0,-0.9743916446282089));
#9703=FACE_BOUND('',#9704,.T.);
#9704=EDGE_LOOP('',(#9705,#9706,#9707));
#9705=ORIENTED_EDGE('',*,*,#9708,.T.);
#9706=ORIENTED_EDGE('',*,*,#9709,.T.);
#9707=ORIENTED_EDGE('',*,*,#9710,.T.);
#9708=EDGE_CURVE('',#233,#241,#9711,.F.);
#9709=EDGE_CURVE('',#241,#233,#9712,.T.);
#9710=EDGE_CURVE('',#233,#233,#9713,.T.);
#9711=LINE('',#232,#9714);
#9712=LINE('',#240,#9715);
#9713=LINE('',#232,#9716);
#9714=VECTOR('',#9717,1.0);
#9715=VECTOR('',#9718,1.0);
#9716=VECTOR('',#9719,1.0);
#9717=DIRECTION('',(0.2248575613110088,0,-0.9743916446282089));
#9718=DIRECTION('',(-0.2248575613110088,0,0.9743916446282089));
#9719=DIRECTION('',(NaN,NaN,NaN));
#9720=FACE_SURFACE('',(#9725),#9721,.T.);
#9721=PLANE('',#9722);
#9722=AXIS2_PLACEMENT_3D('',#234,#9723,#9724);
#9723=DIRECTION('',(NaN,NaN,NaN));
#9724=DIRECTION('',(0.9761871028116024,0,-0.21693026599414406));
#9725=FACE_BOUND('',#9726,.T.);
#9726=EDGE_LOOP('',(#9727,#9728,#9729));
#9727=ORIENTED_EDGE('',*,*,#9730,.T.);
#9728=ORIENTED_EDGE('',*,*,#9731,.T.);
#9729=ORIENTED_EDGE('',*,*,#9732,.T.);
#9730=EDGE_CURVE('',#235,#207,#9733,.F.);
#9731=EDGE_CURVE('',#207,#207,#9734,.T.);
#9732=EDGE_CURVE('',#207,#235,#9735,.T.);
#9733=LINE('',#234,#9736);
#9734=LINE('',#206,#9737);
#9735=LINE('',#206,#9738);
#9736=VECTOR('',#9739,1.0);
#9737=VECTOR('',#9740,1.0);
#9738=VECTOR('',#9741,1.0);
#9739=DIRECTION('',(0.9761871028116024,0,-0.21693026599414406));
#9740=DIRECTION('',(NaN,NaN,NaN));
#9741=DIRECTION('',(-0.9761871028116024,0,0.21693026599414406));
#9742=FACE_SURFACE('',(#9747),#9743,.T.);
#9743=PLANE('',#9744);
#9744=AXIS2_PLACEMENT_3D('',#234,#9745,#9746);
#9745=DIRECTION('',(NaN,NaN,NaN));
#9746=DIRECTION('',(0.9761871028116024,0,-0.21693026599414406));
#9747=FACE_BOUND('',#9748,.T.);
#9748=EDGE_LOOP('',(#9749,#9750,#9751));
#9749=ORIENTED_EDGE('',*,*,#9752,.T.);
#9750=ORIENTED_EDGE('',*,*,#9753,.T.);
#9751=ORIENTED_EDGE('',*,*,#9754,.T.);
#9752=EDGE_CURVE('',#235,#207,#9755,.F.);
#9753=EDGE_CURVE('',#207,#235,#9756,.T.);
#9754=EDGE_CURVE('',#235,#235,#9757,.T.);
#9755=LINE('',#234,#9758);
#9756=LINE('',#206,#9759);
#9757=LINE('',#234,#9760);
#9758=VECTOR('',#9761,1.0);
#9759=VECTOR('',#9762,1.0);
#9760=VECTOR('',#9763,1.0);
#9761=DIRECTION('',(0.9761871028116024,0,-0.21693026599414406));
#9762=DIRECTION('',(-0.9761871028116024,0,0.21693026599414406));
#9763=DIRECTION('',(NaN,NaN,NaN));
#9764=FACE_SURFACE('',(#9769),#9765,.T.);
#9765=PLANE('',#9766);
#9766=AXIS2_PLACEMENT_3D('',#236,#9767,#9768);
#9767=DIRECTION('',(NaN,NaN,NaN));
#9768=DIRECTION('',(0.22485756131098839,-4.2618946419823424E-07,-0.9743916446281204));
#9769=FACE_BOUND('',#9770,.T.);
#9770=EDGE_LOOP('',(#9771,#9772,#9773));
#9771=ORIENTED_EDGE('',*,*,#9774,.T.);
#9772=ORIENTED_EDGE('',*,*,#9775,.T.);
#9773=ORIENTED_EDGE('',*,*,#9776,.T.);
#9774=EDGE_CURVE('',#237,#211,#9777,.F.);
#9775=EDGE_CURVE('',#211,#211,#9778,.T.);
#9776=EDGE_CURVE('',#211,#237,#9779,.T.);
#9777=LINE('',#236,#9780);
#9778=LINE('',#210,#9781);
#9779=LINE('',#210,#9782);
#9780=VECTOR('',#9783,1.0);
#9781=VECTOR('',#9784,1.0);
#9782=VECTOR('',#9785,1.0);
#9783=DIRECTION('',(0.22485756131098839,-4.2618946419823424E-07,-0.9743916446281204));
#9784=DIRECTION('',(NaN,NaN,NaN));
#9785=DIRECTION('',(-0.22485756131098839,4.2618946419823424E-07,0.9743916446281204));
#9786=FACE_SURFACE('',(#9791),#9787,.T.);
#9787=PLANE('',#9788);
#9788=AXIS2_PLACEMENT_3D('',#236,#9789,#9790);
#9789=DIRECTION('',(NaN,NaN,NaN));
#9790=DIRECTION('',(0.22485756131098839,-4.2618946419823424E-07,-0.9743916446281204));
#9791=FACE_BOUND('',#9792,.T.);
#9792=EDGE_LOOP('',(#9793,#9794,#9795));
#9793=ORIENTED_EDGE('',*,*,#9796,.T.);
#9794=ORIENTED_EDGE('',*,*,#9797,.T.);
#9795=ORIENTED_EDGE('',*,*,#9798,.T.);
#9796=EDGE_CURVE('',#237,#211,#9799,.F.);
#9797=EDGE_CURVE('',#211,#237,#9800,.T.);
#9798=EDGE_CURVE('',#237,#237,#9801,.T.);
#9799=LINE('',#236,#9802);
#9800=LINE('',#210,#9803);
#9801=LINE('',#236,#9804);
#9802=VECTOR('',#9805,1.0);
#9803=VECTOR('',#9806,1.0);
#9804=VECTOR('',#9807,1.0);
#9805=DIRECTION('',(0.22485756131098839,-4.2618946419823424E-07,-0.9743916446281204));
#9806=DIRECTION('',(-0.22485756131098839,4.2618946419823424E-07,0.9743916446281204));
#9807=DIRECTION('',(NaN,NaN,NaN));
#9808=FACE_SURFACE('',(#9813),#9809,.T.);
#9809=PLANE('',#9810);
#9810=AXIS2_PLACEMENT_3D('',#128,#9811,#9812);
#9811=DIRECTION('',(NaN,NaN,NaN));
#9812=DIRECTION('',(0.9950371902099892,0,-0.09950371902099892));
#9813=FACE_BOUND('',#9814,.T.);
#9814=EDGE_LOOP('',(#9815,#9816,#9817));
#9815=ORIENTED_EDGE('',*,*,#9818,.T.);
#9816=ORIENTED_EDGE('',*,*,#9819,.T.);
#9817=ORIENTED_EDGE('',*,*,#9820,.T.);
#9818=EDGE_CURVE('',#129,#215,#9821,.F.);
#9819=EDGE_CURVE('',#215,#215,#9822,.T.);
#9820=EDGE_CURVE('',#215,#129,#9823,.T.);
#9821=LINE('',#128,#9824);
#9822=LINE('',#214,#9825);
#9823=LINE('',#214,#9826);
#9824=VECTOR('',#9827,1.0);
#9825=VECTOR('',#9828,1.0);
#9826=VECTOR('',#9829,1.0);
#9827=DIRECTION('',(0.9950371902099892,0,-0.09950371902099892));
#9828=DIRECTION('',(NaN,NaN,NaN));
#9829=DIRECTION('',(-0.9950371902099892,0,0.09950371902099892));
#9830=FACE_SURFACE('',(#9835),#9831,.T.);
#9831=PLANE('',#9832);
#9832=AXIS2_PLACEMENT_3D('',#128,#9833,#9834);
#9833=DIRECTION('',(NaN,NaN,NaN));
#9834=DIRECTION('',(0.9950371902099892,0,-0.09950371902099892));
#9835=FACE_BOUND('',#9836,.T.);
#9836=EDGE_LOOP('',(#9837,#9838,#9839));
#9837=ORIENTED_EDGE('',*,*,#9840,.T.);
#9838=ORIENTED_EDGE('',*,*,#9841,.T.);
#9839=ORIENTED_EDGE('',*,*,#9842,.T.);
#9840=EDGE_CURVE('',#129,#215,#9843,.F.);
#9841=EDGE_CURVE('',#215,#129,#9844,.T.);
#9842=EDGE_CURVE('',#129,#129,#9845,.T.);
#9843=LINE('',#128,#9846);
#9844=LINE('',#214,#9847);
#9845=LINE('',#128,#9848);
#9846=VECTOR('',#9849,1.0);
#9847=VECTOR('',#9850,1.0);
#9848=VECTOR('',#9851,1.0);
#9849=DIRECTION('',(0.9950371902099892,0,-0.09950371902099892));
#9850=DIRECTION('',(-0.9950371902099892,0,0.09950371902099892));
#9851=DIRECTION('',(NaN,NaN,NaN));
#9852=FACE_SURFACE('',(#9857),#9853,.T.);
#9853=PLANE('',#9854);
#9854=AXIS2_PLACEMENT_3D('',#238,#9855,#9856);
#9855=DIRECTION('',(NaN,NaN,NaN));
#9856=DIRECTION('',(0.9761870987302331,0,-0.21693028436032183));
#9857=FACE_BOUND('',#9858,.T.);
#9858=EDGE_LOOP('',(#9859,#9860,#9861));
#9859=ORIENTED_EDGE('',*,*,#9862,.T.);
#9860=ORIENTED_EDGE('',*,*,#9863,.T.);
#9861=ORIENTED_EDGE('',*,*,#9864,.T.);
#9862=EDGE_CURVE('',#239,#219,#9865,.F.);
#9863=EDGE_CURVE('',#219,#219,#9866,.T.);
#9864=EDGE_CURVE('',#219,#239,#9867,.T.);
#9865=LINE('',#238,#9868);
#9866=LINE('',#218,#9869);
#9867=LINE('',#218,#9870);
#9868=VECTOR('',#9871,1.0);
#9869=VECTOR('',#9872,1.0);
#9870=VECTOR('',#9873,1.0);
#9871=DIRECTION('',(0.9761870987302331,0,-0.21693028436032183));
#9872=DIRECTION('',(NaN,NaN,NaN));
#9873=DIRECTION('',(-0.9761870987302331,0,0.21693028436032183));
#9874=FACE_SURFACE('',(#9879),#9875,.T.);
#9875=PLANE('',#9876);
#9876=AXIS2_PLACEMENT_3D('',#238,#9877,#9878);
#9877=DIRECTION('',(NaN,NaN,NaN));
#9878=DIRECTION('',(0.9761870987302331,0,-0.21693028436032183));
#9879=FACE_BOUND('',#9880,.T.);
#9880=EDGE_LOOP('',(#9881,#9882,#9883));
#9881=ORIENTED_EDGE('',*,*,#9884,.T.);
#9882=ORIENTED_EDGE('',*,*,#9885,.T.);
#9883=ORIENTED_EDGE('',*,*,#9886,.T.);
#9884=EDGE_CURVE('',#239,#219,#9887,.F.);
#9885=EDGE_CURVE('',#219,#239,#9888,.T.);
#9886=EDGE_CURVE('',#239,#239,#9889,.T.);
#9887=LINE('',#238,#9890);
#9888=LINE('',#218,#9891);
#9889=LINE('',#238,#9892);
#9890=VECTOR('',#9893,1.0);
#9891=VECTOR('',#9894,1.0);
#9892=VECTOR('',#9895,1.0);
#9893=DIRECTION('',(0.9761870987302331,0,-0.21693028436032183));
#9894=DIRECTION('',(-0.9761870987302331,0,0.21693028436032183));
#9895=DIRECTION('',(NaN,NaN,NaN));
#9896=FACE_SURFACE('',(#9901),#9897,.T.);
#9897=PLANE('',#9898);
#9898=AXIS2_PLACEMENT_3D('',#240,#9899,#9900);
#9899=DIRECTION('',(NaN,NaN,NaN));
#9900=DIRECTION('',(0.44721312930324,0,-0.8944274240981229));
#9901=FACE_BOUND('',#9902,.T.);
#9902=EDGE_LOOP('',(#9903,#9904,#9905));
#9903=ORIENTED_EDGE('',*,*,#9906,.T.);
#9904=ORIENTED_EDGE('',*,*,#9907,.T.);
#9905=ORIENTED_EDGE('',*,*,#9908,.T.);
#9906=EDGE_CURVE('',#241,#223,#9909,.F.);
#9907=EDGE_CURVE('',#223,#223,#9910,.T.);
#9908=EDGE_CURVE('',#223,#241,#9911,.T.);
#9909=LINE('',#240,#9912);
#9910=LINE('',#222,#9913);
#9911=LINE('',#222,#9914);
#9912=VECTOR('',#9915,1.0);
#9913=VECTOR('',#9916,1.0);
#9914=VECTOR('',#9917,1.0);
#9915=DIRECTION('',(0.44721312930324,0,-0.8944274240981229));
#9916=DIRECTION('',(NaN,NaN,NaN));
#9917=DIRECTION('',(-0.44721312930324,0,0.8944274240981229));
#9918=FACE_SURFACE('',(#9923),#9919,.T.);
#9919=PLANE('',#9920);
#9920=AXIS2_PLACEMENT_3D('',#240,#9921,#9922);
#9921=DIRECTION('',(NaN,NaN,NaN));
#9922=DIRECTION('',(0.44721312930324,0,-0.8944274240981229));
#9923=FACE_BOUND('',#9924,.T.);
#9924=EDGE_LOOP('',(#9925,#9926,#9927));
#9925=ORIENTED_EDGE('',*,*,#9928,.T.);
#9926=ORIENTED_EDGE('',*,*,#9929,.T.);
#9927=ORIENTED_EDGE('',*,*,#9930,.T.);
#9928=EDGE_CURVE('',#241,#223,#9931,.F.);
#9929=EDGE_CURVE('',#223,#241,#9932,.T.);
#9930=EDGE_CURVE('',#241,#241,#9933,.T.);
#9931=LINE('',#240,#9934);
#9932=LINE('',#222,#9935);
#9933=LINE('',#240,#9936);
#9934=VECTOR('',#9937,1.0);
#9935=VECTOR('',#9938,1.0);
#9936=VECTOR('',#9939,1.0);
#9937=DIRECTION('',(0.44721312930324,0,-0.8944274240981229));
#9938=DIRECTION('',(-0.44721312930324,0,0.8944274240981229));
#9939=DIRECTION('',(NaN,NaN,NaN));
#9940=FACE_SURFACE('',(#9945),#9941,.T.);
#9941=PLANE('',#9942);
#9942=AXIS2_PLACEMENT_3D('',#100,#9943,#9944);
#9943=DIRECTION('',(NaN,NaN,NaN));
#9944=DIRECTION('',(0.9950371902099892,0,-0.09950371902099892));
#9945=FACE_BOUND('',#9946,.T.);
#9946=EDGE_LOOP('',(#9947,#9948,#9949));
#9947=ORIENTED_EDGE('',*,*,#9950,.T.);
#9948=ORIENTED_EDGE('',*,*,#9951,.T.);
#9949=ORIENTED_EDGE('',*,*,#9952,.T.);
#9950=EDGE_CURVE('',#101,#227,#9953,.F.);
#9951=EDGE_CURVE('',#227,#227,#9954,.T.);
#9952=EDGE_CURVE('',#227,#101,#9955,.T.);
#9953=LINE('',#100,#9956);
#9954=LINE('',#226,#9957);
#9955=LINE('',#226,#9958);
#9956=VECTOR('',#9959,1.0);
#9957=VECTOR('',#9960,1.0);
#9958=VECTOR('',#9961,1.0);
#9959=DIRECTION('',(0.9950371902099892,0,-0.09950371902099892));
#9960=DIRECTION('',(NaN,NaN,NaN));
#9961=DIRECTION('',(-0.9950371902099892,0,0.09950371902099892));
#9962=FACE_SURFACE('',(#9967),#9963,.T.);
#9963=PLANE('',#9964);
#9964=AXIS2_PLACEMENT_3D('',#100,#9965,#9966);
#9965=DIRECTION('',(NaN,NaN,NaN));
#9966=DIRECTION('',(0.9950371902099892,0,-0.09950371902099892));
#9967=FACE_BOUND('',#9968,.T.);
#9968=EDGE_LOOP('',(#9969,#9970,#9971));
#9969=ORIENTED_EDGE('',*,*,#9972,.T.);
#9970=ORIENTED_EDGE('',*,*,#9973,.T.);
#9971=ORIENTED_EDGE('',*,*,#9974,.T.);
#9972=EDGE_CURVE('',#101,#227,#9975,.F.);
#9973=EDGE_CURVE('',#227,#101,#9976,.T.);
#9974=EDGE_CURVE('',#101,#101,#9977,.T.);
#9975=LINE('',#100,#9978);
#9976=LINE('',#226,#9979);
#9977=LINE('',#100,#9980);
#9978=VECTOR('',#9981,1.0);
#9979=VECTOR('',#9982,1.0);
#9980=VECTOR('',#9983,1.0);
#9981=DIRECTION('',(0.9950371902099892,0,-0.09950371902099892));
#9982=DIRECTION('',(-0.9950371902099892,0,0.09950371902099892));
#9983=DIRECTION('',(NaN,NaN,NaN));
#9984=FACE_SURFACE('',(#9989),#9985,.T.);
#9985=PLANE('',#9986);
#9986=AXIS2_PLACEMENT_3D('',#206,#9987,#9988);
#9987=DIRECTION('',(NaN,NaN,NaN));
#9988=DIRECTION('',(1,0,0));
#9989=FACE_BOUND('',#9990,.T.);
#9990=EDGE_LOOP('',(#9991,#9992,#9993));
#9991=ORIENTED_EDGE('',*,*,#9994,.T.);
#9992=ORIENTED_EDGE('',*,*,#9995,.T.);
#9993=ORIENTED_EDGE('',*,*,#9996,.T.);
#9994=EDGE_CURVE('',#207,#209,#9997,.F.);
#9995=EDGE_CURVE('',#209,#209,#9998,.T.);
#9996=EDGE_CURVE('',#209,#207,#9999,.T.);
#9997=LINE('',#206,#10000);
#9998=LINE('',#208,#10001);
#9999=LINE('',#208,#10002);
#10000=VECTOR('',#10003,1.0);
#10001=VECTOR('',#10004,1.0);
#10002=VECTOR('',#10005,1.0);
#10003=DIRECTION('',(1,0,0));
#10004=DIRECTION('',(NaN,NaN,NaN));
#10005=DIRECTION('',(-1,0,0));
#10006=FACE_SURFACE('',(#10011),#10007,.T.);
#10007=PLANE('',#10008);
#10008=AXIS2_PLACEMENT_3D('',#206,#10009,#10010);
#10009=DIRECTION('',(NaN,NaN,NaN));
#10010=DIRECTION('',(1,0,0));
#10011=FACE_BOUND('',#10012,.T.);
#10012=EDGE_LOOP('',(#10013,#10014,#10015));
#10013=ORIENTED_EDGE('',*,*,#10016,.T.);
#10014=ORIENTED_EDGE('',*,*,#10017,.T.);
#10015=ORIENTED_EDGE('',*,*,#10018,.T.);
#10016=EDGE_CURVE('',#207,#209,#10019,.F.);
#10017=EDGE_CURVE('',#209,#207,#10020,.T.);
#10018=EDGE_CURVE('',#207,#207,#10021,.T.);
#10019=LINE('',#206,#10022);
#10020=LINE('',#208,#10023);
#10021=LINE('',#206,#10024);
#10022=VECTOR('',#10025,1.0);
#10023=VECTOR('',#10026,1.0);
#10024=VECTOR('',#10027,1.0);
#10025=DIRECTION('',(1,0,0));
#10026=DIRECTION('',(-1,0,0));
#10027=DIRECTION('',(NaN,NaN,NaN));
#10028=FACE_SURFACE('',(#10033),#10029,.T.);
#10029=PLANE('',#10030);
#10030=AXIS2_PLACEMENT_3D('',#210,#10031,#10032);
#10031=DIRECTION('',(NaN,NaN,NaN));
#10032=DIRECTION('',(0.4472157993337929,0,-0.8944260890796044));
#10033=FACE_BOUND('',#10034,.T.);
#10034=EDGE_LOOP('',(#10035,#10036,#10037));
#10035=ORIENTED_EDGE('',*,*,#10038,.T.);
#10036=ORIENTED_EDGE('',*,*,#10039,.T.);
#10037=ORIENTED_EDGE('',*,*,#10040,.T.);
#10038=EDGE_CURVE('',#211,#213,#10041,.F.);
#10039=EDGE_CURVE('',#213,#213,#10042,.T.);
#10040=EDGE_CURVE('',#213,#211,#10043,.T.);
#10041=LINE('',#210,#10044);
#10042=LINE('',#212,#10045);
#10043=LINE('',#212,#10046);
#10044=VECTOR('',#10047,1.0);
#10045=VECTOR('',#10048,1.0);
#10046=VECTOR('',#10049,1.0);
#10047=DIRECTION('',(0.4472157993337929,0,-0.8944260890796044));
#10048=DIRECTION('',(NaN,NaN,NaN));
#10049=DIRECTION('',(-0.4472157993337929,0,0.8944260890796044));
#10050=FACE_SURFACE('',(#10055),#10051,.T.);
#10051=PLANE('',#10052);
#10052=AXIS2_PLACEMENT_3D('',#210,#10053,#10054);
#10053=DIRECTION('',(NaN,NaN,NaN));
#10054=DIRECTION('',(0.4472157993337929,0,-0.8944260890796044));
#10055=FACE_BOUND('',#10056,.T.);
#10056=EDGE_LOOP('',(#10057,#10058,#10059));
#10057=ORIENTED_EDGE('',*,*,#10060,.T.);
#10058=ORIENTED_EDGE('',*,*,#10061,.T.);
#10059=ORIENTED_EDGE('',*,*,#10062,.T.);
#10060=EDGE_CURVE('',#211,#213,#10063,.F.);
#10061=EDGE_CURVE('',#213,#211,#10064,.T.);
#10062=EDGE_CURVE('',#211,#211,#10065,.T.);
#10063=LINE('',#210,#10066);
#10064=LINE('',#212,#10067);
#10065=LINE('',#210,#10068);
#10066=VECTOR('',#10069,1.0);
#10067=VECTOR('',#10070,1.0);
#10068=VECTOR('',#10071,1.0);
#10069=DIRECTION('',(0.4472157993337929,0,-0.8944260890796044));
#10070=DIRECTION('',(-0.4472157993337929,0,0.8944260890796044));
#10071=DIRECTION('',(NaN,NaN,NaN));
#10072=FACE_SURFACE('',(#10077),#10073,.T.);
#10073=PLANE('',#10074);
#10074=AXIS2_PLACEMENT_3D('',#214,#10075,#10076);
#10075=DIRECTION('',(NaN,NaN,NaN));
#10076=DIRECTION('',(0.44720901828058196,0,-0.8944294795949639));
#10077=FACE_BOUND('',#10078,.T.);
#10078=EDGE_LOOP('',(#10079,#10080,#10081));
#10079=ORIENTED_EDGE('',*,*,#10082,.T.);
#10080=ORIENTED_EDGE('',*,*,#10083,.T.);
#10081=ORIENTED_EDGE('',*,*,#10084,.T.);
#10082=EDGE_CURVE('',#215,#217,#10085,.F.);
#10083=EDGE_CURVE('',#217,#217,#10086,.T.);
#10084=EDGE_CURVE('',#217,#215,#10087,.T.);
#10085=LINE('',#214,#10088);
#10086=LINE('',#216,#10089);
#10087=LINE('',#216,#10090);
#10088=VECTOR('',#10091,1.0);
#10089=VECTOR('',#10092,1.0);
#10090=VECTOR('',#10093,1.0);
#10091=DIRECTION('',(0.44720901828058196,0,-0.8944294795949639));
#10092=DIRECTION('',(NaN,NaN,NaN));
#10093=DIRECTION('',(-0.44720901828058196,0,0.8944294795949639));
#10094=FACE_SURFACE('',(#10099),#10095,.T.);
#10095=PLANE('',#10096);
#10096=AXIS2_PLACEMENT_3D('',#214,#10097,#10098);
#10097=DIRECTION('',(NaN,NaN,NaN));
#10098=DIRECTION('',(0.44720901828058196,0,-0.8944294795949639));
#10099=FACE_BOUND('',#10100,.T.);
#10100=EDGE_LOOP('',(#10101,#10102,#10103));
#10101=ORIENTED_EDGE('',*,*,#10104,.T.);
#10102=ORIENTED_EDGE('',*,*,#10105,.T.);
#10103=ORIENTED_EDGE('',*,*,#10106,.T.);
#10104=EDGE_CURVE('',#215,#217,#10107,.F.);
#10105=EDGE_CURVE('',#217,#215,#10108,.T.);
#10106=EDGE_CURVE('',#215,#215,#10109,.T.);
#10107=LINE('',#214,#10110);
#10108=LINE('',#216,#10111);
#10109=LINE('',#214,#10112);
#10110=VECTOR('',#10113,1.0);
#10111=VECTOR('',#10114,1.0);
#10112=VECTOR('',#10115,1.0);
#10113=DIRECTION('',(0.44720901828058196,0,-0.8944294795949639));
#10114=DIRECTION('',(-0.44720901828058196,0,0.8944294795949639));
#10115=DIRECTION('',(NaN,NaN,NaN));
#10116=FACE_SURFACE('',(#10121),#10117,.T.);
#10117=PLANE('',#10118);
#10118=AXIS2_PLACEMENT_3D('',#218,#10119,#10120);
#10119=DIRECTION('',(NaN,NaN,NaN));
#10120=DIRECTION('',(1,0,0));
#10121=FACE_BOUND('',#10122,.T.);
#10122=EDGE_LOOP('',(#10123,#10124,#10125));
#10123=ORIENTED_EDGE('',*,*,#10126,.T.);
#10124=ORIENTED_EDGE('',*,*,#10127,.T.);
#10125=ORIENTED_EDGE('',*,*,#10128,.T.);
#10126=EDGE_CURVE('',#219,#221,#10129,.F.);
#10127=EDGE_CURVE('',#221,#221,#10130,.T.);
#10128=EDGE_CURVE('',#221,#219,#10131,.T.);
#10129=LINE('',#218,#10132);
#10130=LINE('',#220,#10133);
#10131=LINE('',#220,#10134);
#10132=VECTOR('',#10135,1.0);
#10133=VECTOR('',#10136,1.0);
#10134=VECTOR('',#10137,1.0);
#10135=DIRECTION('',(1,0,0));
#10136=DIRECTION('',(NaN,NaN,NaN));
#10137=DIRECTION('',(-1,0,0));
#10138=FACE_SURFACE('',(#10143),#10139,.T.);
#10139=PLANE('',#10140);
#10140=AXIS2_PLACEMENT_3D('',#218,#10141,#10142);
#10141=DIRECTION('',(NaN,NaN,NaN));
#10142=DIRECTION('',(1,0,0));
#10143=FACE_BOUND('',#10144,.T.);
#10144=EDGE_LOOP('',(#10145,#10146,#10147));
#10145=ORIENTED_EDGE('',*,*,#10148,.T.);
#10146=ORIENTED_EDGE('',*,*,#10149,.T.);
#10147=ORIENTED_EDGE('',*,*,#10150,.T.);
#10148=EDGE_CURVE('',#219,#221,#10151,.F.);
#10149=EDGE_CURVE('',#221,#219,#10152,.T.);
#10150=EDGE_CURVE('',#219,#219,#10153,.T.);
#10151=LINE('',#218,#10154);
#10152=LINE('',#220,#10155);
#10153=LINE('',#218,#10156);
#10154=VECTOR('',#10157,1.0);
#10155=VECTOR('',#10158,1.0);
#10156=VECTOR('',#10159,1.0);
#10157=DIRECTION('',(1,0,0));
#10158=DIRECTION('',(-1,0,0));
#10159=DIRECTION('',(NaN,NaN,NaN));
#10160=FACE_SURFACE('',(#10165),#10161,.T.);
#10161=PLANE('',#10162);
#10162=AXIS2_PLACEMENT_3D('',#222,#10163,#10164);
#10163=DIRECTION('',(NaN,NaN,NaN));
#10164=DIRECTION('',(0.7071082418129266,0,-0.7071053205571514));
#10165=FACE_BOUND('',#10166,.T.);
#10166=EDGE_LOOP('',(#10167,#10168,#10169));
#10167=ORIENTED_EDGE('',*,*,#10170,.T.);
#10168=ORIENTED_EDGE('',*,*,#10171,.T.);
#10169=ORIENTED_EDGE('',*,*,#10172,.T.);
#10170=EDGE_CURVE('',#223,#225,#10173,.F.);
#10171=EDGE_CURVE('',#225,#225,#10174,.T.);
#10172=EDGE_CURVE('',#225,#223,#10175,.T.);
#10173=LINE('',#222,#10176);
#10174=LINE('',#224,#10177);
#10175=LINE('',#224,#10178);
#10176=VECTOR('',#10179,1.0);
#10177=VECTOR('',#10180,1.0);
#10178=VECTOR('',#10181,1.0);
#10179=DIRECTION('',(0.7071082418129266,0,-0.7071053205571514));
#10180=DIRECTION('',(NaN,NaN,NaN));
#10181=DIRECTION('',(-0.7071082418129266,0,0.7071053205571514));
#10182=FACE_SURFACE('',(#10187),#10183,.T.);
#10183=PLANE('',#10184);
#10184=AXIS2_PLACEMENT_3D('',#222,#10185,#10186);
#10185=DIRECTION('',(NaN,NaN,NaN));
#10186=DIRECTION('',(0.7071082418129266,0,-0.7071053205571514));
#10187=FACE_BOUND('',#10188,.T.);
#10188=EDGE_LOOP('',(#10189,#10190,#10191));
#10189=ORIENTED_EDGE('',*,*,#10192,.T.);
#10190=ORIENTED_EDGE('',*,*,#10193,.T.);
#10191=ORIENTED_EDGE('',*,*,#10194,.T.);
#10192=EDGE_CURVE('',#223,#225,#10195,.F.);
#10193=EDGE_CURVE('',#225,#223,#10196,.T.);
#10194=EDGE_CURVE('',#223,#223,#10197,.T.);
#10195=LINE('',#222,#10198);
#10196=LINE('',#224,#10199);
#10197=LINE('',#222,#10200);
#10198=VECTOR('',#10201,1.0);
#10199=VECTOR('',#10202,1.0);
#10200=VECTOR('',#10203,1.0);
#10201=DIRECTION('',(0.7071082418129266,0,-0.7071053205571514));
#10202=DIRECTION('',(-0.7071082418129266,0,0.7071053205571514));
#10203=DIRECTION('',(NaN,NaN,NaN));
#10204=FACE_SURFACE('',(#10209),#10205,.T.);
#10205=PLANE('',#10206);
#10206=AXIS2_PLACEMENT_3D('',#226,#10207,#10208);
#10207=DIRECTION('',(NaN,NaN,NaN));
#10208=DIRECTION('',(0.44721308692176237,0,-0.894427445288833));
#10209=FACE_BOUND('',#10210,.T.);
#10210=EDGE_LOOP('',(#10211,#10212,#10213));
#10211=ORIENTED_EDGE('',*,*,#10214,.T.);
#10212=ORIENTED_EDGE('',*,*,#10215,.T.);
#10213=ORIENTED_EDGE('',*,*,#10216,.T.);
#10214=EDGE_CURVE('',#227,#229,#10217,.F.);
#10215=EDGE_CURVE('',#229,#229,#10218,.T.);
#10216=EDGE_CURVE('',#229,#227,#10219,.T.);
#10217=LINE('',#226,#10220);
#10218=LINE('',#228,#10221);
#10219=LINE('',#228,#10222);
#10220=VECTOR('',#10223,1.0);
#10221=VECTOR('',#10224,1.0);
#10222=VECTOR('',#10225,1.0);
#10223=DIRECTION('',(0.44721308692176237,0,-0.894427445288833));
#10224=DIRECTION('',(NaN,NaN,NaN));
#10225=DIRECTION('',(-0.44721308692176237,0,0.894427445288833));
#10226=FACE_SURFACE('',(#10231),#10227,.T.);
#10227=PLANE('',#10228);
#10228=AXIS2_PLACEMENT_3D('',#226,#10229,#10230);
#10229=DIRECTION('',(NaN,NaN,NaN));
#10230=DIRECTION('',(0.44721308692176237,0,-0.894427445288833));
#10231=FACE_BOUND('',#10232,.T.);
#10232=EDGE_LOOP('',(#10233,#10234,#10235));
#10233=ORIENTED_EDGE('',*,*,#10236,.T.);
#10234=ORIENTED_EDGE('',*,*,#10237,.T.);
#10235=ORIENTED_EDGE('',*,*,#10238,.T.);
#10236=EDGE_CURVE('',#227,#229,#10239,.F.);
#10237=EDGE_CURVE('',#229,#227,#10240,.T.);
#10238=EDGE_CURVE('',#227,#227,#10241,.T.);
#10239=LINE('',#226,#10242);
#10240=LINE('',#228,#10243);
#10241=LINE('',#226,#10244);
#10242=VECTOR('',#10245,1.0);
#10243=VECTOR('',#10246,1.0);
#10244=VECTOR('',#10247,1.0);
#10245=DIRECTION('',(0.44721308692176237,0,-0.894427445288833));
#10246=DIRECTION('',(-0.44721308692176237,0,0.894427445288833));
#10247=DIRECTION('',(NaN,NaN,NaN));
#10248=FACE_SURFACE('',(#10253),#10249,.T.);
#10249=PLANE('',#10250);
#10250=AXIS2_PLACEMENT_3D('',#208,#10251,#10252);
#10251=DIRECTION('',(NaN,NaN,NaN));
#10252=DIRECTION('',(0.0017939920762212994,-0.9999983907949196,4.2832980427134824E-08));
#10253=FACE_BOUND('',#10254,.T.);
#10254=EDGE_LOOP('',(#10255,#10256,#10257));
#10255=ORIENTED_EDGE('',*,*,#10258,.T.);
#10256=ORIENTED_EDGE('',*,*,#10259,.T.);
#10257=ORIENTED_EDGE('',*,*,#10260,.T.);
#10258=EDGE_CURVE('',#209,#221,#10261,.F.);
#10259=EDGE_CURVE('',#221,#221,#10262,.T.);
#10260=EDGE_CURVE('',#221,#209,#10263,.T.);
#10261=LINE('',#208,#10264);
#10262=LINE('',#220,#10265);
#10263=LINE('',#220,#10266);
#10264=VECTOR('',#10267,1.0);
#10265=VECTOR('',#10268,1.0);
#10266=VECTOR('',#10269,1.0);
#10267=DIRECTION('',(0.0017939920762212994,-0.9999983907949196,4.2832980427134824E-08));
#10268=DIRECTION('',(NaN,NaN,NaN));
#10269=DIRECTION('',(-0.0017939920762212994,0.9999983907949196,-4.2832980427134824E-08));
#10270=FACE_SURFACE('',(#10275),#10271,.T.);
#10271=PLANE('',#10272);
#10272=AXIS2_PLACEMENT_3D('',#208,#10273,#10274);
#10273=DIRECTION('',(NaN,NaN,NaN));
#10274=DIRECTION('',(0.0017939920762212994,-0.9999983907949196,4.2832980427134824E-08));
#10275=FACE_BOUND('',#10276,.T.);
#10276=EDGE_LOOP('',(#10277,#10278,#10279));
#10277=ORIENTED_EDGE('',*,*,#10280,.T.);
#10278=ORIENTED_EDGE('',*,*,#10281,.T.);
#10279=ORIENTED_EDGE('',*,*,#10282,.T.);
#10280=EDGE_CURVE('',#209,#221,#10283,.F.);
#10281=EDGE_CURVE('',#221,#209,#10284,.T.);
#10282=EDGE_CURVE('',#209,#209,#10285,.T.);
#10283=LINE('',#208,#10286);
#10284=LINE('',#220,#10287);
#10285=LINE('',#208,#10288);
#10286=VECTOR('',#10289,1.0);
#10287=VECTOR('',#10290,1.0);
#10288=VECTOR('',#10291,1.0);
#10289=DIRECTION('',(0.0017939920762212994,-0.9999983907949196,4.2832980427134824E-08));
#10290=DIRECTION('',(-0.0017939920762212994,0.9999983907949196,-4.2832980427134824E-08));
#10291=DIRECTION('',(NaN,NaN,NaN));
#10292=FACE_SURFACE('',(#10297),#10293,.T.);
#10293=PLANE('',#10294);
#10294=AXIS2_PLACEMENT_3D('',#212,#10295,#10296);
#10295=DIRECTION('',(NaN,NaN,NaN));
#10296=DIRECTION('',(0.7071062786032678,0,-0.7071072837694701));
#10297=FACE_BOUND('',#10298,.T.);
#10298=EDGE_LOOP('',(#10299,#10300,#10301));
#10299=ORIENTED_EDGE('',*,*,#10302,.T.);
#10300=ORIENTED_EDGE('',*,*,#10303,.T.);
#10301=ORIENTED_EDGE('',*,*,#10304,.T.);
#10302=EDGE_CURVE('',#213,#231,#10305,.F.);
#10303=EDGE_CURVE('',#231,#231,#10306,.T.);
#10304=EDGE_CURVE('',#231,#213,#10307,.T.);
#10305=LINE('',#212,#10308);
#10306=LINE('',#230,#10309);
#10307=LINE('',#230,#10310);
#10308=VECTOR('',#10311,1.0);
#10309=VECTOR('',#10312,1.0);
#10310=VECTOR('',#10313,1.0);
#10311=DIRECTION('',(0.7071062786032678,0,-0.7071072837694701));
#10312=DIRECTION('',(NaN,NaN,NaN));
#10313=DIRECTION('',(-0.7071062786032678,0,0.7071072837694701));
#10314=FACE_SURFACE('',(#10319),#10315,.T.);
#10315=PLANE('',#10316);
#10316=AXIS2_PLACEMENT_3D('',#212,#10317,#10318);
#10317=DIRECTION('',(NaN,NaN,NaN));
#10318=DIRECTION('',(0.7071062786032678,0,-0.7071072837694701));
#10319=FACE_BOUND('',#10320,.T.);
#10320=EDGE_LOOP('',(#10321,#10322,#10323));
#10321=ORIENTED_EDGE('',*,*,#10324,.T.);
#10322=ORIENTED_EDGE('',*,*,#10325,.T.);
#10323=ORIENTED_EDGE('',*,*,#10326,.T.);
#10324=EDGE_CURVE('',#213,#231,#10327,.F.);
#10325=EDGE_CURVE('',#231,#213,#10328,.T.);
#10326=EDGE_CURVE('',#213,#213,#10329,.T.);
#10327=LINE('',#212,#10330);
#10328=LINE('',#230,#10331);
#10329=LINE('',#212,#10332);
#10330=VECTOR('',#10333,1.0);
#10331=VECTOR('',#10334,1.0);
#10332=VECTOR('',#10335,1.0);
#10333=DIRECTION('',(0.7071062786032678,0,-0.7071072837694701));
#10334=DIRECTION('',(-0.7071062786032678,0,0.7071072837694701));
#10335=DIRECTION('',(NaN,NaN,NaN));
#10336=FACE_SURFACE('',(#10341),#10337,.T.);
#10337=PLANE('',#10338);
#10338=AXIS2_PLACEMENT_3D('',#216,#10339,#10340);
#10339=DIRECTION('',(NaN,NaN,NaN));
#10340=DIRECTION('',(0.41380709250814296,0,-0.9103645919025833));
#10341=FACE_BOUND('',#10342,.T.);
#10342=EDGE_LOOP('',(#10343,#10344,#10345));
#10343=ORIENTED_EDGE('',*,*,#10346,.T.);
#10344=ORIENTED_EDGE('',*,*,#10347,.T.);
#10345=ORIENTED_EDGE('',*,*,#10348,.T.);
#10346=EDGE_CURVE('',#217,#233,#10349,.F.);
#10347=EDGE_CURVE('',#233,#233,#10350,.T.);
#10348=EDGE_CURVE('',#233,#217,#10351,.T.);
#10349=LINE('',#216,#10352);
#10350=LINE('',#232,#10353);
#10351=LINE('',#232,#10354);
#10352=VECTOR('',#10355,1.0);
#10353=VECTOR('',#10356,1.0);
#10354=VECTOR('',#10357,1.0);
#10355=DIRECTION('',(0.41380709250814296,0,-0.9103645919025833));
#10356=DIRECTION('',(NaN,NaN,NaN));
#10357=DIRECTION('',(-0.41380709250814296,0,0.9103645919025833));
#10358=FACE_SURFACE('',(#10363),#10359,.T.);
#10359=PLANE('',#10360);
#10360=AXIS2_PLACEMENT_3D('',#216,#10361,#10362);
#10361=DIRECTION('',(NaN,NaN,NaN));
#10362=DIRECTION('',(0.41380709250814296,0,-0.9103645919025833));
#10363=FACE_BOUND('',#10364,.T.);
#10364=EDGE_LOOP('',(#10365,#10366,#10367));
#10365=ORIENTED_EDGE('',*,*,#10368,.T.);
#10366=ORIENTED_EDGE('',*,*,#10369,.T.);
#10367=ORIENTED_EDGE('',*,*,#10370,.T.);
#10368=EDGE_CURVE('',#217,#233,#10371,.F.);
#10369=EDGE_CURVE('',#233,#217,#10372,.T.);
#10370=EDGE_CURVE('',#217,#217,#10373,.T.);
#10371=LINE('',#216,#10374);
#10372=LINE('',#232,#10375);
#10373=LINE('',#216,#10376);
#10374=VECTOR('',#10377,1.0);
#10375=VECTOR('',#10378,1.0);
#10376=VECTOR('',#10379,1.0);
#10377=DIRECTION('',(0.41380709250814296,0,-0.9103645919025833));
#10378=DIRECTION('',(-0.41380709250814296,0,0.9103645919025833));
#10379=DIRECTION('',(NaN,NaN,NaN));
#10380=FACE_SURFACE('',(#10385),#10381,.T.);
#10381=PLANE('',#10382);
#10382=AXIS2_PLACEMENT_3D('',#232,#10383,#10384);
#10383=DIRECTION('',(-0.0013998475780677684,0.9999989680358118,-0.00032303880513214313));
#10384=DIRECTION('',(0.2248575613110088,0,-0.9743916446282089));
#10385=FACE_BOUND('',#10386,.T.);
#10386=EDGE_LOOP('',(#10387,#10388,#10389));
#10387=ORIENTED_EDGE('',*,*,#10390,.T.);
#10388=ORIENTED_EDGE('',*,*,#10391,.T.);
#10389=ORIENTED_EDGE('',*,*,#10392,.T.);
#10390=EDGE_CURVE('',#233,#241,#10393,.F.);
#10391=EDGE_CURVE('',#241,#243,#10394,.T.);
#10392=EDGE_CURVE('',#243,#233,#10395,.T.);
#10393=LINE('',#232,#10396);
#10394=LINE('',#240,#10397);
#10395=LINE('',#242,#10398);
#10396=VECTOR('',#10399,1.0);
#10397=VECTOR('',#10400,1.0);
#10398=VECTOR('',#10401,1.0);
#10399=DIRECTION('',(0.2248575613110088,0,-0.9743916446282089));
#10400=DIRECTION('',(-0.6312182036589209,-0.0011341607851075893,-0.7756044694616699));
#10401=DIRECTION('',(0.06733349564125846,0.00041656270919797594,0.9977304379642018));
#10402=FACE_SURFACE('',(#10407),#10403,.T.);
#10403=PLANE('',#10404);
#10404=AXIS2_PLACEMENT_3D('',#232,#10405,#10406);
#10405=DIRECTION('',(-0.0013998312736711181,0.9999989680582799,-0.00032303990547081016));
#10406=DIRECTION('',(-0.06733349564125846,-0.00041656270919797594,-0.9977304379642018));
#10407=FACE_BOUND('',#10408,.T.);
#10408=EDGE_LOOP('',(#10409,#10410,#10411));
#10409=ORIENTED_EDGE('',*,*,#10412,.T.);
#10410=ORIENTED_EDGE('',*,*,#10413,.T.);
#10411=ORIENTED_EDGE('',*,*,#10414,.T.);
#10412=EDGE_CURVE('',#233,#243,#10415,.F.);
#10413=EDGE_CURVE('',#243,#245,#10416,.T.);
#10414=EDGE_CURVE('',#245,#233,#10417,.T.);
#10415=LINE('',#232,#10418);
#10416=LINE('',#242,#10419);
#10417=LINE('',#244,#10420);
#10418=VECTOR('',#10421,1.0);
#10419=VECTOR('',#10422,1.0);
#10420=VECTOR('',#10423,1.0);
#10421=DIRECTION('',(-0.06733349564125846,-0.00041656270919797594,-0.9977304379642018));
#10422=DIRECTION('',(-0.2248607750899844,0,0.974390902988083));
#10423=DIRECTION('',(0.6312223929834545,0.001134156109830942,0.7756010600084041));
#10424=FACE_SURFACE('',(#10429),#10425,.T.);
#10425=PLANE('',#10426);
#10426=AXIS2_PLACEMENT_3D('',#238,#10427,#10428);
#10427=DIRECTION('',(0.0003828427627827594,-0.9999992671554461,0.0011485294901632513));
#10428=DIRECTION('',(-0.9486833973201786,0,0.3162274682076879));
#10429=FACE_BOUND('',#10430,.T.);
#10430=EDGE_LOOP('',(#10431,#10432,#10433));
#10431=ORIENTED_EDGE('',*,*,#10434,.T.);
#10432=ORIENTED_EDGE('',*,*,#10435,.T.);
#10433=ORIENTED_EDGE('',*,*,#10436,.T.);
#10434=EDGE_CURVE('',#239,#231,#10437,.F.);
#10435=EDGE_CURVE('',#231,#247,#10438,.T.);
#10436=EDGE_CURVE('',#247,#239,#10439,.T.);
#10437=LINE('',#238,#10440);
#10438=LINE('',#230,#10441);
#10439=LINE('',#246,#10442);
#10440=VECTOR('',#10443,1.0);
#10441=VECTOR('',#10444,1.0);
#10442=VECTOR('',#10445,1.0);
#10443=DIRECTION('',(-0.9486833973201786,0,0.3162274682076879));
#10444=DIRECTION('',(-0.6312181269462761,-0.0011324628019914308,-0.775604534374598));
#10445=DIRECTION('',(0.9865103393804557,0.0005656907216457275,0.16369798498902086));
#10446=FACE_SURFACE('',(#10451),#10447,.T.);
#10447=PLANE('',#10448);
#10448=AXIS2_PLACEMENT_3D('',#238,#10449,#10450);
#10449=DIRECTION('',(0.00038284272510026314,-0.9999992671551997,0.0011485297172523802));
#10450=DIRECTION('',(-0.9865103393804557,-0.0005656907216457275,-0.16369798498902086));
#10451=FACE_BOUND('',#10452,.T.);
#10452=EDGE_LOOP('',(#10453,#10454,#10455));
#10453=ORIENTED_EDGE('',*,*,#10456,.T.);
#10454=ORIENTED_EDGE('',*,*,#10457,.T.);
#10455=ORIENTED_EDGE('',*,*,#10458,.T.);
#10456=EDGE_CURVE('',#239,#247,#10459,.F.);
#10457=EDGE_CURVE('',#247,#249,#10460,.T.);
#10458=EDGE_CURVE('',#249,#239,#10461,.T.);
#10459=LINE('',#238,#10462);
#10460=LINE('',#246,#10463);
#10461=LINE('',#248,#10464);
#10462=VECTOR('',#10465,1.0);
#10463=VECTOR('',#10466,1.0);
#10464=VECTOR('',#10467,1.0);
#10465=DIRECTION('',(-0.9865103393804557,-0.0005656907216457275,-0.16369798498902086));
#10466=DIRECTION('',(0.9486834254153534,0,-0.31622738392206234));
#10467=DIRECTION('',(0.6312181918856316,0.0011324629184985481,0.7756044815241673));
#10468=FACE_SURFACE('',(#10473),#10469,.T.);
#10469=PLANE('',#10470);
#10470=AXIS2_PLACEMENT_3D('',#236,#10471,#10472);
#10471=DIRECTION('',(0.0011511490391788667,-0.9999992005317516,0.0005232511320237622));
#10472=DIRECTION('',(-0.41380397249163625,0,0.9103660101026076));
#10473=FACE_BOUND('',#10474,.T.);
#10474=EDGE_LOOP('',(#10475,#10476,#10477));
#10475=ORIENTED_EDGE('',*,*,#10478,.T.);
#10476=ORIENTED_EDGE('',*,*,#10479,.T.);
#10477=ORIENTED_EDGE('',*,*,#10480,.T.);
#10478=EDGE_CURVE('',#237,#229,#10481,.F.);
#10479=EDGE_CURVE('',#229,#251,#10482,.T.);
#10480=EDGE_CURVE('',#251,#237,#10483,.T.);
#10481=LINE('',#236,#10484);
#10482=LINE('',#228,#10485);
#10483=LINE('',#250,#10486);
#10484=VECTOR('',#10487,1.0);
#10485=VECTOR('',#10488,1.0);
#10486=VECTOR('',#10489,1.0);
#10487=DIRECTION('',(-0.41380397249163625,0,0.9103660101026076));
#10488=DIRECTION('',(-0.6312183087764938,-0.0011324631282113998,-0.7756043863933507));
#10489=DIRECTION('',(0.8464456056224015,0.0006957675894821872,-0.5324747436545583));
#10490=FACE_SURFACE('',(#10495),#10491,.T.);
#10491=PLANE('',#10492);
#10492=AXIS2_PLACEMENT_3D('',#236,#10493,#10494);
#10493=DIRECTION('',(0.0011511490391788667,-0.9999992005317516,0.0005232511320237622));
#10494=DIRECTION('',(-0.8464456056224015,-0.0006957675894821872,0.5324747436545583));
#10495=FACE_BOUND('',#10496,.T.);
#10496=EDGE_LOOP('',(#10497,#10498,#10499));
#10497=ORIENTED_EDGE('',*,*,#10500,.T.);
#10498=ORIENTED_EDGE('',*,*,#10501,.T.);
#10499=ORIENTED_EDGE('',*,*,#10502,.T.);
#10500=EDGE_CURVE('',#237,#251,#10503,.F.);
#10501=EDGE_CURVE('',#251,#253,#10504,.T.);
#10502=EDGE_CURVE('',#253,#237,#10505,.T.);
#10503=LINE('',#236,#10506);
#10504=LINE('',#250,#10507);
#10505=LINE('',#252,#10508);
#10506=VECTOR('',#10509,1.0);
#10507=VECTOR('',#10510,1.0);
#10508=VECTOR('',#10511,1.0);
#10509=DIRECTION('',(-0.8464456056224015,-0.0006957675894821872,0.5324747436545583));
#10510=DIRECTION('',(0.41380397249163625,0,-0.9103660101026076));
#10511=DIRECTION('',(0.6312183087764938,0.0011324631282113998,0.7756043863933507));
#10512=FACE_SURFACE('',(#10517),#10513,.T.);
#10513=PLANE('',#10514);
#10514=AXIS2_PLACEMENT_3D('',#224,#10515,#10516);
#10515=DIRECTION('',(-0.00038341830750023004,0.9999992649569617,-0.0011502503805316843));
#10516=DIRECTION('',(0.9486829234454569,0,-0.3162288898297895));
#10517=FACE_BOUND('',#10518,.T.);
#10518=EDGE_LOOP('',(#10519,#10520,#10521));
#10519=ORIENTED_EDGE('',*,*,#10522,.T.);
#10520=ORIENTED_EDGE('',*,*,#10523,.T.);
#10521=ORIENTED_EDGE('',*,*,#10524,.T.);
#10522=EDGE_CURVE('',#225,#235,#10525,.F.);
#10523=EDGE_CURVE('',#235,#255,#10526,.T.);
#10524=EDGE_CURVE('',#255,#225,#10527,.T.);
#10525=LINE('',#224,#10528);
#10526=LINE('',#234,#10529);
#10527=LINE('',#254,#10530);
#10528=VECTOR('',#10531,1.0);
#10529=VECTOR('',#10532,1.0);
#10530=VECTOR('',#10533,1.0);
#10531=DIRECTION('',(0.9486829234454569,0,-0.3162288898297895));
#10532=DIRECTION('',(-0.6312182036589209,-0.0011341607851075893,-0.7756044694616699));
#10533=DIRECTION('',(-0.503214673343591,0.000801060467350889,0.8641610676452801));
#10534=FACE_SURFACE('',(#10539),#10535,.T.);
#10535=PLANE('',#10536);
#10536=AXIS2_PLACEMENT_3D('',#224,#10537,#10538);
#10537=DIRECTION('',(-0.00038341819478150614,0.9999992649570804,-0.0011502503148938966));
#10538=DIRECTION('',(0.503214673343591,-0.000801060467350889,-0.8641610676452801));
#10539=FACE_BOUND('',#10540,.T.);
#10540=EDGE_LOOP('',(#10541,#10542,#10543));
#10541=ORIENTED_EDGE('',*,*,#10544,.T.);
#10542=ORIENTED_EDGE('',*,*,#10545,.T.);
#10543=ORIENTED_EDGE('',*,*,#10546,.T.);
#10544=EDGE_CURVE('',#225,#255,#10547,.F.);
#10545=EDGE_CURVE('',#255,#257,#10548,.T.);
#10546=EDGE_CURVE('',#257,#225,#10549,.T.);
#10547=LINE('',#224,#10550);
#10548=LINE('',#254,#10551);
#10549=LINE('',#256,#10552);
#10550=VECTOR('',#10553,1.0);
#10551=VECTOR('',#10554,1.0);
#10552=VECTOR('',#10555,1.0);
#10553=DIRECTION('',(0.503214673343591,-0.000801060467350889,-0.8641610676452801));
#10554=DIRECTION('',(-0.9486829459217896,0,0.31622882240105));
#10555=DIRECTION('',(0.6312181517074347,0.0011341606917621536,0.7756045117420186));
#10556=FACE_SURFACE('',(#10561),#10557,.T.);
#10557=PLANE('',#10558);
#10558=AXIS2_PLACEMENT_3D('',#216,#10559,#10560);
#10559=DIRECTION('',(-0.0011528631796437698,0.9999991981465527,-0.0005240350565821776));
#10560=DIRECTION('',(0.41380709250814296,0,-0.9103645919025833));
#10561=FACE_BOUND('',#10562,.T.);
#10562=EDGE_LOOP('',(#10563,#10564,#10565));
#10563=ORIENTED_EDGE('',*,*,#10566,.T.);
#10564=ORIENTED_EDGE('',*,*,#10567,.T.);
#10565=ORIENTED_EDGE('',*,*,#10568,.T.);
#10566=EDGE_CURVE('',#217,#233,#10569,.F.);
#10567=EDGE_CURVE('',#233,#245,#10570,.T.);
#10568=EDGE_CURVE('',#245,#217,#10571,.T.);
#10569=LINE('',#216,#10572);
#10570=LINE('',#232,#10573);
#10571=LINE('',#244,#10574);
#10572=VECTOR('',#10575,1.0);
#10573=VECTOR('',#10576,1.0);
#10574=VECTOR('',#10577,1.0);
#10575=DIRECTION('',(0.41380709250814296,0,-0.9103645919025833));
#10576=DIRECTION('',(-0.6312223929834545,-0.001134156109830942,-0.7756010600084041));
#10577=DIRECTION('',(-0.04762258751143095,0.0004685384773423453,0.9988652910329857));
#10578=FACE_SURFACE('',(#10583),#10579,.T.);
#10579=PLANE('',#10580);
#10580=AXIS2_PLACEMENT_3D('',#216,#10581,#10582);
#10581=DIRECTION('',(-0.0011528748970415714,0.9999991981327513,-0.0005240356152224074));
#10582=DIRECTION('',(0.04762258751143095,-0.0004685384773423453,-0.9988652910329857));
#10583=FACE_BOUND('',#10584,.T.);
#10584=EDGE_LOOP('',(#10585,#10586,#10587));
#10585=ORIENTED_EDGE('',*,*,#10588,.T.);
#10586=ORIENTED_EDGE('',*,*,#10589,.T.);
#10587=ORIENTED_EDGE('',*,*,#10590,.T.);
#10588=EDGE_CURVE('',#217,#245,#10591,.F.);
#10589=EDGE_CURVE('',#245,#259,#10592,.T.);
#10590=EDGE_CURVE('',#259,#217,#10593,.T.);
#10591=LINE('',#216,#10594);
#10592=LINE('',#244,#10595);
#10593=LINE('',#258,#10596);
#10594=VECTOR('',#10597,1.0);
#10595=VECTOR('',#10598,1.0);
#10596=VECTOR('',#10599,1.0);
#10597=DIRECTION('',(0.04762258751143095,-0.0004685384773423453,-0.9988652910329857));
#10598=DIRECTION('',(-0.41380397249163625,0,0.9103660101026076));
#10599=DIRECTION('',(0.6312183075619104,0.001134160971798492,0.7756043849009413));
#10600=FACE_SURFACE('',(#10605),#10601,.T.);
#10601=PLANE('',#10602);
#10602=AXIS2_PLACEMENT_3D('',#230,#10603,#10604);
#10603=DIRECTION('',(0.0008049792127543144,-0.9999993520091783,0.0008049780684613384));
#10604=DIRECTION('',(-0.7071062786032678,0,0.7071072837694701));
#10605=FACE_BOUND('',#10606,.T.);
#10606=EDGE_LOOP('',(#10607,#10608,#10609));
#10607=ORIENTED_EDGE('',*,*,#10610,.T.);
#10608=ORIENTED_EDGE('',*,*,#10611,.T.);
#10609=ORIENTED_EDGE('',*,*,#10612,.T.);
#10610=EDGE_CURVE('',#231,#213,#10613,.F.);
#10611=EDGE_CURVE('',#213,#261,#10614,.T.);
#10612=EDGE_CURVE('',#261,#231,#10615,.T.);
#10613=LINE('',#230,#10616);
#10614=LINE('',#212,#10617);
#10615=LINE('',#260,#10618);
#10616=VECTOR('',#10619,1.0);
#10617=VECTOR('',#10620,1.0);
#10618=VECTOR('',#10621,1.0);
#10619=DIRECTION('',(-0.7071062786032678,0,0.7071072837694701));
#10620=DIRECTION('',(-0.6312181529220172,-0.0011324628485942757,-0.7756045132344276));
#10621=DIRECTION('',(0.974683749961614,0.0006046177823389549,-0.22358716867947323));
#10622=FACE_SURFACE('',(#10627),#10623,.T.);
#10623=PLANE('',#10624);
#10624=AXIS2_PLACEMENT_3D('',#230,#10625,#10626);
#10625=DIRECTION('',(0.0008049792021095509,-0.9999993520092241,0.0008049780220574874));
#10626=DIRECTION('',(-0.974683749961614,-0.0006046177823389549,0.22358716867947323));
#10627=FACE_BOUND('',#10628,.T.);
#10628=EDGE_LOOP('',(#10629,#10630,#10631));
#10629=ORIENTED_EDGE('',*,*,#10632,.T.);
#10630=ORIENTED_EDGE('',*,*,#10633,.T.);
#10631=ORIENTED_EDGE('',*,*,#10634,.T.);
#10632=EDGE_CURVE('',#231,#261,#10635,.F.);
#10633=EDGE_CURVE('',#261,#247,#10636,.T.);
#10634=EDGE_CURVE('',#247,#231,#10637,.T.);
#10635=LINE('',#230,#10638);
#10636=LINE('',#260,#10639);
#10637=LINE('',#246,#10640);
#10638=VECTOR('',#10641,1.0);
#10639=VECTOR('',#10642,1.0);
#10640=VECTOR('',#10643,1.0);
#10641=DIRECTION('',(-0.974683749961614,-0.0006046177823389549,0.22358716867947323));
#10642=DIRECTION('',(0.7071062628975461,0,-0.7071072994751691));
#10643=DIRECTION('',(0.6312181269462761,0.0011324628019914308,0.775604534374598));
#10644=FACE_SURFACE('',(#10649),#10645,.T.);
#10645=PLANE('',#10646);
#10646=AXIS2_PLACEMENT_3D('',#208,#10647,#10648);
#10647=DIRECTION('',(0.7755999191497813,0.0013913953111385868,-0.6312232801742509));
#10648=DIRECTION('',(0.0017939920762212994,-0.9999983907949196,4.2832980427134824E-08));
#10649=FACE_BOUND('',#10650,.T.);
#10650=EDGE_LOOP('',(#10651,#10652,#10653));
#10651=ORIENTED_EDGE('',*,*,#10654,.T.);
#10652=ORIENTED_EDGE('',*,*,#10655,.T.);
#10653=ORIENTED_EDGE('',*,*,#10656,.T.);
#10654=EDGE_CURVE('',#209,#221,#10657,.F.);
#10655=EDGE_CURVE('',#221,#263,#10658,.T.);
#10656=EDGE_CURVE('',#263,#209,#10659,.T.);
#10657=LINE('',#208,#10660);
#10658=LINE('',#220,#10661);
#10659=LINE('',#262,#10662);
#10660=VECTOR('',#10663,1.0);
#10661=VECTOR('',#10664,1.0);
#10662=VECTOR('',#10665,1.0);
#10663=DIRECTION('',(0.0017939920762212994,-0.9999983907949196,4.2832980427134824E-08));
#10664=DIRECTION('',(-0.6312222643195741,-0.0011324580405109362,-0.7756011672026133));
#10665=DIRECTION('',(0.034547350927434245,0.9984051587209639,0.04464996733776637));
#10666=FACE_SURFACE('',(#10671),#10667,.T.);
#10667=PLANE('',#10668);
#10668=AXIS2_PLACEMENT_3D('',#208,#10669,#10670);
#10669=DIRECTION('',(0.7756032430898477,0.0013910976716497905,-0.6312191965995476));
#10670=DIRECTION('',(-0.034547350927434245,-0.9984051587209639,-0.04464996733776637));
#10671=FACE_BOUND('',#10672,.T.);
#10672=EDGE_LOOP('',(#10673,#10674,#10675));
#10673=ORIENTED_EDGE('',*,*,#10676,.T.);
#10674=ORIENTED_EDGE('',*,*,#10677,.T.);
#10675=ORIENTED_EDGE('',*,*,#10678,.T.);
#10676=EDGE_CURVE('',#209,#263,#10679,.F.);
#10677=EDGE_CURVE('',#263,#265,#10680,.T.);
#10678=EDGE_CURVE('',#265,#209,#10681,.T.);
#10679=LINE('',#208,#10682);
#10680=LINE('',#262,#10683);
#10681=LINE('',#264,#10684);
#10682=VECTOR('',#10685,1.0);
#10683=VECTOR('',#10686,1.0);
#10684=VECTOR('',#10687,1.0);
#10685=DIRECTION('',(-0.034547350927434245,-0.9984051587209639,-0.04464996733776637));
#10686=DIRECTION('',(-0.0017936006372605323,0.9999983914970826,-4.2832984650735965E-08));
#10687=DIRECTION('',(0.6312181776831771,0.0011341607384348703,0.7756044906018457));
#10688=FACE_SURFACE('',(#10693),#10689,.T.);
#10689=PLANE('',#10690);
#10690=AXIS2_PLACEMENT_3D('',#228,#10691,#10692);
#10691=DIRECTION('',(0.0011113246776188843,-0.9999992280985541,0.000555661548925056));
#10692=DIRECTION('',(-0.44721308692176237,0,0.894427445288833));
#10693=FACE_BOUND('',#10694,.T.);
#10694=EDGE_LOOP('',(#10695,#10696,#10697));
#10695=ORIENTED_EDGE('',*,*,#10698,.T.);
#10696=ORIENTED_EDGE('',*,*,#10699,.T.);
#10697=ORIENTED_EDGE('',*,*,#10700,.T.);
#10698=EDGE_CURVE('',#229,#227,#10701,.F.);
#10699=EDGE_CURVE('',#227,#267,#10702,.T.);
#10700=EDGE_CURVE('',#267,#229,#10703,.T.);
#10701=LINE('',#228,#10704);
#10702=LINE('',#226,#10705);
#10703=LINE('',#266,#10706);
#10704=VECTOR('',#10707,1.0);
#10705=VECTOR('',#10708,1.0);
#10706=VECTOR('',#10709,1.0);
#10707=DIRECTION('',(-0.44721308692176237,0,0.894427445288833));
#10708=DIRECTION('',(-0.6312181009705364,-0.0011324627553885881,-0.7756045555147657));
#10709=DIRECTION('',(0.9465081570000493,0.0008725783963763322,-0.322678706051875));
#10710=FACE_SURFACE('',(#10715),#10711,.T.);
#10711=PLANE('',#10712);
#10712=AXIS2_PLACEMENT_3D('',#228,#10713,#10714);
#10713=DIRECTION('',(0.0011113247587726967,-0.9999992280983315,0.0005556617869728049));
#10714=DIRECTION('',(-0.9465081570000493,-0.0008725783963763322,0.322678706051875));
#10715=FACE_BOUND('',#10716,.T.);
#10716=EDGE_LOOP('',(#10717,#10718,#10719));
#10717=ORIENTED_EDGE('',*,*,#10720,.T.);
#10718=ORIENTED_EDGE('',*,*,#10721,.T.);
#10719=ORIENTED_EDGE('',*,*,#10722,.T.);
#10720=EDGE_CURVE('',#229,#267,#10723,.F.);
#10721=EDGE_CURVE('',#267,#251,#10724,.T.);
#10722=EDGE_CURVE('',#251,#229,#10725,.T.);
#10723=LINE('',#228,#10726);
#10724=LINE('',#266,#10727);
#10725=LINE('',#250,#10728);
#10726=VECTOR('',#10729,1.0);
#10727=VECTOR('',#10730,1.0);
#10728=VECTOR('',#10731,1.0);
#10729=DIRECTION('',(-0.9465081570000493,-0.0008725783963763322,0.322678706051875));
#10730=DIRECTION('',(0.44721321406621634,0,-0.8944273817166849));
#10731=DIRECTION('',(0.6312183087764938,0.0011324631282113998,0.7756043863933507));
#10732=FACE_SURFACE('',(#10737),#10733,.T.);
#10733=PLANE('',#10734);
#10734=AXIS2_PLACEMENT_3D('',#222,#10735,#10736);
#10735=DIRECTION('',(-0.0008061836085582406,0.9999993500650931,-0.0008061869391349652));
#10736=DIRECTION('',(0.7071082418129266,0,-0.7071053205571514));
#10737=FACE_BOUND('',#10738,.T.);
#10738=EDGE_LOOP('',(#10739,#10740,#10741));
#10739=ORIENTED_EDGE('',*,*,#10742,.T.);
#10740=ORIENTED_EDGE('',*,*,#10743,.T.);
#10741=ORIENTED_EDGE('',*,*,#10744,.T.);
#10742=EDGE_CURVE('',#223,#225,#10745,.F.);
#10743=EDGE_CURVE('',#225,#257,#10746,.T.);
#10744=EDGE_CURVE('',#257,#223,#10747,.T.);
#10745=LINE('',#222,#10748);
#10746=LINE('',#224,#10749);
#10747=LINE('',#256,#10750);
#10748=VECTOR('',#10751,1.0);
#10749=VECTOR('',#10752,1.0);
#10750=VECTOR('',#10753,1.0);
#10751=DIRECTION('',(0.7071082418129266,0,-0.7071053205571514));
#10752=DIRECTION('',(-0.6312181517074347,-0.0011341606917621536,-0.7756045117420186));
#10753=DIRECTION('',(-0.2748655436253209,0.0005535429096825878,0.9614825149308768));
#10754=FACE_SURFACE('',(#10759),#10755,.T.);
#10755=PLANE('',#10756);
#10756=AXIS2_PLACEMENT_3D('',#222,#10757,#10758);
#10757=DIRECTION('',(-0.000806183508260246,0.999999350065197,-0.0008061869104621554));
#10758=DIRECTION('',(0.2748655436253209,-0.0005535429096825878,-0.9614825149308768));
#10759=FACE_BOUND('',#10760,.T.);
#10760=EDGE_LOOP('',(#10761,#10762,#10763));
#10761=ORIENTED_EDGE('',*,*,#10764,.T.);
#10762=ORIENTED_EDGE('',*,*,#10765,.T.);
#10763=ORIENTED_EDGE('',*,*,#10766,.T.);
#10764=EDGE_CURVE('',#223,#257,#10767,.F.);
#10765=EDGE_CURVE('',#257,#269,#10768,.T.);
#10766=EDGE_CURVE('',#269,#223,#10769,.T.);
#10767=LINE('',#222,#10770);
#10768=LINE('',#256,#10771);
#10769=LINE('',#268,#10772);
#10770=VECTOR('',#10773,1.0);
#10771=VECTOR('',#10774,1.0);
#10772=VECTOR('',#10775,1.0);
#10773=DIRECTION('',(0.2748655436253209,-0.0005535429096825878,-0.9614825149308768));
#10774=DIRECTION('',(-0.7071082732242797,0,0.7071052891456671));
#10775=DIRECTION('',(0.6312180997559542,0.001134160598416728,0.7756045540223568));
#10776=FACE_SURFACE('',(#10781),#10777,.T.);
#10777=PLANE('',#10778);
#10778=AXIS2_PLACEMENT_3D('',#270,#10779,#10780);
#10779=DIRECTION('',(-0.09950371743545637,-0.0001785189359314156,-0.9950371743545637));
#10780=DIRECTION('',(0.0017936007250607016,-0.9999983914969247,4.895198485427679E-08));
#10781=FACE_BOUND('',#10782,.T.);
#10782=EDGE_LOOP('',(#10783,#10784,#10785));
#10783=ORIENTED_EDGE('',*,*,#10786,.T.);
#10784=ORIENTED_EDGE('',*,*,#10787,.T.);
#10785=ORIENTED_EDGE('',*,*,#10788,.T.);
#10786=EDGE_CURVE('',#271,#267,#10789,.F.);
#10787=EDGE_CURVE('',#267,#273,#10790,.T.);
#10788=EDGE_CURVE('',#273,#271,#10791,.T.);
#10789=LINE('',#270,#10792);
#10790=LINE('',#266,#10793);
#10791=LINE('',#272,#10794);
#10792=VECTOR('',#10795,1.0);
#10793=VECTOR('',#10796,1.0);
#10794=VECTOR('',#10797,1.0);
#10795=DIRECTION('',(0.0017936007250607016,-0.9999983914969247,4.895198485427679E-08));
#10796=DIRECTION('',(-0.9950371902099892,0,0.09950371902099892));
#10797=DIRECTION('',(0.0839963967102925,0.9964291325779706,-0.008578408337229351));
#10798=FACE_SURFACE('',(#10803),#10799,.T.);
#10799=PLANE('',#10800);
#10800=AXIS2_PLACEMENT_3D('',#270,#10801,#10802);
#10801=DIRECTION('',(-0.09950371743545637,-0.0001785189359314156,-0.9950371743545637));
#10802=DIRECTION('',(-0.0839963967102925,-0.9964291325779706,0.008578408337229351));
#10803=FACE_BOUND('',#10804,.T.);
#10804=EDGE_LOOP('',(#10805,#10806,#10807));
#10805=ORIENTED_EDGE('',*,*,#10808,.T.);
#10806=ORIENTED_EDGE('',*,*,#10809,.T.);
#10807=ORIENTED_EDGE('',*,*,#10810,.T.);
#10808=EDGE_CURVE('',#271,#273,#10811,.F.);
#10809=EDGE_CURVE('',#273,#275,#10812,.T.);
#10810=EDGE_CURVE('',#275,#271,#10813,.T.);
#10811=LINE('',#270,#10814);
#10812=LINE('',#272,#10815);
#10813=LINE('',#274,#10816);
#10814=VECTOR('',#10817,1.0);
#10815=VECTOR('',#10818,1.0);
#10816=VECTOR('',#10819,1.0);
#10817=DIRECTION('',(-0.0839963967102925,-0.9964291325779706,0.008578408337229351));
#10818=DIRECTION('',(-0.0017936007250607016,0.9999983914969247,-4.895198485427679E-08));
#10819=DIRECTION('',(0.9950371902099892,0,-0.09950371902099892));
#10820=FACE_SURFACE('',(#10825),#10821,.T.);
#10821=PLANE('',#10822);
#10822=AXIS2_PLACEMENT_3D('',#258,#10823,#10824);
#10823=DIRECTION('',(-0.8944262302302116,-0.0016046182795481567,-0.44721263832359354));
#10824=DIRECTION('',(0.0017939923396792933,-0.9999983907944465,4.895198481988904E-08));
#10825=FACE_BOUND('',#10826,.T.);
#10826=EDGE_LOOP('',(#10827,#10828,#10829));
#10827=ORIENTED_EDGE('',*,*,#10830,.T.);
#10828=ORIENTED_EDGE('',*,*,#10831,.T.);
#10829=ORIENTED_EDGE('',*,*,#10832,.T.);
#10830=EDGE_CURVE('',#259,#251,#10833,.F.);
#10831=EDGE_CURVE('',#251,#267,#10834,.T.);
#10832=EDGE_CURVE('',#267,#259,#10835,.T.);
#10833=LINE('',#258,#10836);
#10834=LINE('',#250,#10837);
#10835=LINE('',#266,#10838);
#10836=VECTOR('',#10839,1.0);
#10837=VECTOR('',#10840,1.0);
#10838=VECTOR('',#10841,1.0);
#10839=DIRECTION('',(0.0017939923396792933,-0.9999983907944465,4.895198481988904E-08));
#10840=DIRECTION('',(-0.44721321406621634,0,0.8944273817166849));
#10841=DIRECTION('',(0.032548011914021596,0.997108089219039,-0.06867376015918891));
#10842=FACE_SURFACE('',(#10847),#10843,.T.);
#10843=PLANE('',#10844);
#10844=AXIS2_PLACEMENT_3D('',#258,#10845,#10846);
#10845=DIRECTION('',(-0.8944282650321618,-0.0016042716568995068,-0.4472085699357826));
#10846=DIRECTION('',(-0.032548011914021596,-0.997108089219039,0.06867376015918891));
#10847=FACE_BOUND('',#10848,.T.);
#10848=EDGE_LOOP('',(#10849,#10850,#10851));
#10849=ORIENTED_EDGE('',*,*,#10852,.T.);
#10850=ORIENTED_EDGE('',*,*,#10853,.T.);
#10851=ORIENTED_EDGE('',*,*,#10854,.T.);
#10852=EDGE_CURVE('',#259,#267,#10855,.F.);
#10853=EDGE_CURVE('',#267,#271,#10856,.T.);
#10854=EDGE_CURVE('',#271,#259,#10857,.T.);
#10855=LINE('',#258,#10858);
#10856=LINE('',#266,#10859);
#10857=LINE('',#270,#10860);
#10858=VECTOR('',#10861,1.0);
#10859=VECTOR('',#10862,1.0);
#10860=VECTOR('',#10863,1.0);
#10861=DIRECTION('',(-0.032548011914021596,-0.997108089219039,0.06867376015918891));
#10862=DIRECTION('',(-0.0017936007250607016,0.9999983914969247,-4.895198485427679E-08));
#10863=DIRECTION('',(0.44720914542445767,0,-0.8944294160238282));
#10864=FACE_SURFACE('',(#10869),#10865,.T.);
#10865=PLANE('',#10866);
#10866=AXIS2_PLACEMENT_3D('',#244,#10867,#10868);
#10867=DIRECTION('',(-0.9103647959575459,-0.0016332103549314774,-0.41380342060586267));
#10868=DIRECTION('',(0.0017939923396792933,-0.9999983907944465,4.895198481988904E-08));
#10869=FACE_BOUND('',#10870,.T.);
#10870=EDGE_LOOP('',(#10871,#10872,#10873));
#10871=ORIENTED_EDGE('',*,*,#10874,.T.);
#10872=ORIENTED_EDGE('',*,*,#10875,.T.);
#10873=ORIENTED_EDGE('',*,*,#10876,.T.);
#10874=EDGE_CURVE('',#245,#253,#10877,.F.);
#10875=EDGE_CURVE('',#253,#251,#10878,.T.);
#10876=EDGE_CURVE('',#251,#245,#10879,.T.);
#10877=LINE('',#244,#10880);
#10878=LINE('',#252,#10881);
#10879=LINE('',#250,#10882);
#10880=VECTOR('',#10883,1.0);
#10881=VECTOR('',#10884,1.0);
#10882=VECTOR('',#10885,1.0);
#10883=DIRECTION('',(0.0017939923396792933,-0.9999983907944465,4.895198481988904E-08));
#10884=DIRECTION('',(-0.41380397249163625,0,0.9103660101026076));
#10885=DIRECTION('',(0.04103337896905924,0.9947073897586194,-0.09419910068559895));
#10886=FACE_SURFACE('',(#10891),#10887,.T.);
#10887=PLANE('',#10888);
#10888=AXIS2_PLACEMENT_3D('',#244,#10889,#10890);
#10889=DIRECTION('',(-0.9103647959575459,-0.0016332103549314774,-0.41380342060586267));
#10890=DIRECTION('',(-0.04103337896905924,-0.9947073897586194,0.09419910068559895));
#10891=FACE_BOUND('',#10892,.T.);
#10892=EDGE_LOOP('',(#10893,#10894,#10895));
#10893=ORIENTED_EDGE('',*,*,#10896,.T.);
#10894=ORIENTED_EDGE('',*,*,#10897,.T.);
#10895=ORIENTED_EDGE('',*,*,#10898,.T.);
#10896=EDGE_CURVE('',#245,#251,#10899,.F.);
#10897=EDGE_CURVE('',#251,#259,#10900,.T.);
#10898=EDGE_CURVE('',#259,#245,#10901,.T.);
#10899=LINE('',#244,#10902);
#10900=LINE('',#250,#10903);
#10901=LINE('',#258,#10904);
#10902=VECTOR('',#10905,1.0);
#10903=VECTOR('',#10906,1.0);
#10904=VECTOR('',#10907,1.0);
#10905=DIRECTION('',(-0.04103337896905924,-0.9947073897586194,0.09419910068559895));
#10906=DIRECTION('',(-0.0017939923396792933,0.9999983907944465,-4.895198481988904E-08));
#10907=DIRECTION('',(0.41380397249163625,0,-0.9103660101026076));
#10908=FACE_SURFACE('',(#10913),#10909,.T.);
#10909=PLANE('',#10910);
#10910=AXIS2_PLACEMENT_3D('',#242,#10911,#10912);
#10911=DIRECTION('',(-0.9743901674885943,-0.0017476778918961268,-0.22485717049615117));
#10912=DIRECTION('',(0.0017936006372605325,-0.9999983914970827,3.671398684348798E-08));
#10913=FACE_BOUND('',#10914,.T.);
#10914=EDGE_LOOP('',(#10915,#10916,#10917));
#10915=ORIENTED_EDGE('',*,*,#10918,.T.);
#10916=ORIENTED_EDGE('',*,*,#10919,.T.);
#10917=ORIENTED_EDGE('',*,*,#10920,.T.);
#10918=EDGE_CURVE('',#243,#277,#10921,.F.);
#10919=EDGE_CURVE('',#277,#253,#10922,.T.);
#10920=EDGE_CURVE('',#253,#243,#10923,.T.);
#10921=LINE('',#242,#10924);
#10922=LINE('',#276,#10925);
#10923=LINE('',#252,#10926);
#10924=VECTOR('',#10927,1.0);
#10925=VECTOR('',#10928,1.0);
#10926=VECTOR('',#10929,1.0);
#10927=DIRECTION('',(0.0017936006372605325,-0.9999983914970827,3.671398684348798E-08));
#10928=DIRECTION('',(-0.22485751462208503,4.261893757052408E-07,0.9743916554023835));
#10929=DIRECTION('',(0.023877575902940918,0.9935120059200561,-0.1111924253791855));
#10930=FACE_SURFACE('',(#10935),#10931,.T.);
#10931=PLANE('',#10932);
#10932=AXIS2_PLACEMENT_3D('',#242,#10933,#10934);
#10933=DIRECTION('',(-0.9743894142554546,-0.0017480609653927235,-0.2248604315342598));
#10934=DIRECTION('',(-0.023877575902940918,-0.9935120059200561,0.1111924253791855));
#10935=FACE_BOUND('',#10936,.T.);
#10936=EDGE_LOOP('',(#10937,#10938,#10939));
#10937=ORIENTED_EDGE('',*,*,#10940,.T.);
#10938=ORIENTED_EDGE('',*,*,#10941,.T.);
#10939=ORIENTED_EDGE('',*,*,#10942,.T.);
#10940=EDGE_CURVE('',#243,#253,#10943,.F.);
#10941=EDGE_CURVE('',#253,#245,#10944,.T.);
#10942=EDGE_CURVE('',#245,#243,#10945,.T.);
#10943=LINE('',#242,#10946);
#10944=LINE('',#252,#10947);
#10945=LINE('',#244,#10948);
#10946=VECTOR('',#10949,1.0);
#10947=VECTOR('',#10950,1.0);
#10948=VECTOR('',#10951,1.0);
#10949=DIRECTION('',(-0.023877575902940918,-0.9935120059200561,0.1111924253791855));
#10950=DIRECTION('',(-0.0017939923396792933,0.9999983907944465,-4.895198481988904E-08));
#10951=DIRECTION('',(0.2248607750899844,0,-0.974390902988083));
#10952=FACE_SURFACE('',(#10957),#10953,.T.);
#10953=PLANE('',#10954);
#10954=AXIS2_PLACEMENT_3D('',#268,#10955,#10956);
#10955=DIRECTION('',(-0.8944249270067378,-0.0016046131266362954,-0.4472152447823145));
#10956=DIRECTION('',(0.0017939922518599538,-0.9999983907946044,4.283298462064668E-08));
#10957=FACE_BOUND('',#10958,.T.);
#10958=EDGE_LOOP('',(#10959,#10960,#10961));
#10959=ORIENTED_EDGE('',*,*,#10962,.T.);
#10960=ORIENTED_EDGE('',*,*,#10963,.T.);
#10961=ORIENTED_EDGE('',*,*,#10964,.T.);
#10962=EDGE_CURVE('',#269,#261,#10965,.F.);
#10963=EDGE_CURVE('',#261,#277,#10966,.T.);
#10964=EDGE_CURVE('',#277,#269,#10967,.T.);
#10965=LINE('',#268,#10968);
#10966=LINE('',#260,#10969);
#10967=LINE('',#276,#10970);
#10968=VECTOR('',#10971,1.0);
#10969=VECTOR('',#10972,1.0);
#10970=VECTOR('',#10973,1.0);
#10971=DIRECTION('',(0.0017939922518599538,-0.9999983907946044,4.283298462064668E-08));
#10972=DIRECTION('',(-0.44721582052459513,0,0.8944260784841378));
#10973=DIRECTION('',(0.04953614640654175,0.9934847547524066,-0.10263631069821282));
#10974=FACE_SURFACE('',(#10979),#10975,.T.);
#10975=PLANE('',#10976);
#10976=AXIS2_PLACEMENT_3D('',#268,#10977,#10978);
#10977=DIRECTION('',(-0.8944262943127401,-0.0016042625708771936,-0.447212511434534));
#10978=DIRECTION('',(-0.04953614640654175,-0.9934847547524066,0.10263631069821282));
#10979=FACE_BOUND('',#10980,.T.);
#10980=EDGE_LOOP('',(#10981,#10982,#10983));
#10981=ORIENTED_EDGE('',*,*,#10984,.T.);
#10982=ORIENTED_EDGE('',*,*,#10985,.T.);
#10983=ORIENTED_EDGE('',*,*,#10986,.T.);
#10984=EDGE_CURVE('',#269,#277,#10987,.F.);
#10985=EDGE_CURVE('',#277,#243,#10988,.T.);
#10986=EDGE_CURVE('',#243,#269,#10989,.T.);
#10987=LINE('',#268,#10990);
#10988=LINE('',#276,#10991);
#10989=LINE('',#242,#10992);
#10990=VECTOR('',#10993,1.0);
#10991=VECTOR('',#10994,1.0);
#10992=VECTOR('',#10995,1.0);
#10993=DIRECTION('',(-0.04953614640654175,-0.9934847547524066,0.10263631069821282));
#10994=DIRECTION('',(-0.0017936006372605325,0.9999983914970827,-3.671398684348798E-08));
#10995=DIRECTION('',(0.4472130869217623,0,-0.8944274452888329));
#10996=FACE_SURFACE('',(#11001),#10997,.T.);
#10997=PLANE('',#10998);
#10998=AXIS2_PLACEMENT_3D('',#256,#10999,#11000);
#10999=DIRECTION('',(-0.7071067307544103,-0.0012682994104029688,-0.707105694177621));
#11000=DIRECTION('',(0.0017936006372605323,-0.9999983914970826,4.2832984650735965E-08));
#11001=FACE_BOUND('',#11002,.T.);
#11002=EDGE_LOOP('',(#11003,#11004,#11005));
#11003=ORIENTED_EDGE('',*,*,#11006,.T.);
#11004=ORIENTED_EDGE('',*,*,#11007,.T.);
#11005=ORIENTED_EDGE('',*,*,#11008,.T.);
#11006=EDGE_CURVE('',#257,#247,#11009,.F.);
#11007=EDGE_CURVE('',#247,#261,#11010,.T.);
#11008=EDGE_CURVE('',#261,#257,#11011,.T.);
#11009=LINE('',#256,#11012);
#11010=LINE('',#246,#11013);
#11011=LINE('',#260,#11014);
#11012=VECTOR('',#11015,1.0);
#11013=VECTOR('',#11016,1.0);
#11014=VECTOR('',#11017,1.0);
#11015=DIRECTION('',(0.0017936006372605323,-0.9999983914970826,4.2832984650735965E-08));
#11016=DIRECTION('',(-0.7071062628975461,0,0.7071072994751691));
#11017=DIRECTION('',(0.06677132792300551,0.9954102416244988,-0.0685568423751816));
#11018=FACE_SURFACE('',(#11023),#11019,.T.);
#11019=PLANE('',#11020);
#11020=AXIS2_PLACEMENT_3D('',#256,#11021,#11022);
#11021=DIRECTION('',(-0.7071047201813905,-0.0012685727181864996,-0.707107704257602));
#11022=DIRECTION('',(-0.06677132792300551,-0.9954102416244988,0.0685568423751816));
#11023=FACE_BOUND('',#11024,.T.);
#11024=EDGE_LOOP('',(#11025,#11026,#11027));
#11025=ORIENTED_EDGE('',*,*,#11028,.T.);
#11026=ORIENTED_EDGE('',*,*,#11029,.T.);
#11027=ORIENTED_EDGE('',*,*,#11030,.T.);
#11028=EDGE_CURVE('',#257,#261,#11031,.F.);
#11029=EDGE_CURVE('',#261,#269,#11032,.T.);
#11030=EDGE_CURVE('',#269,#257,#11033,.T.);
#11031=LINE('',#256,#11034);
#11032=LINE('',#260,#11035);
#11033=LINE('',#268,#11036);
#11034=VECTOR('',#11037,1.0);
#11035=VECTOR('',#11038,1.0);
#11036=VECTOR('',#11039,1.0);
#11037=DIRECTION('',(-0.06677132792300551,-0.9954102416244988,0.0685568423751816));
#11038=DIRECTION('',(-0.0017939922518599538,0.9999983907946044,-4.283298462064668E-08));
#11039=DIRECTION('',(0.7071082732242797,0,-0.7071052891456671));
#11040=FACE_SURFACE('',(#11045),#11041,.T.);
#11041=PLANE('',#11042);
#11042=AXIS2_PLACEMENT_3D('',#254,#11043,#11044);
#11043=DIRECTION('',(-0.3162273330273034,-0.0005673509331975332,-0.9486832727308716));
#11044=DIRECTION('',(0.0017939922518599538,-0.9999983907946044,4.283298462064668E-08));
#11045=FACE_BOUND('',#11046,.T.);
#11046=EDGE_LOOP('',(#11047,#11048,#11049));
#11047=ORIENTED_EDGE('',*,*,#11050,.T.);
#11048=ORIENTED_EDGE('',*,*,#11051,.T.);
#11049=ORIENTED_EDGE('',*,*,#11052,.T.);
#11050=EDGE_CURVE('',#255,#249,#11053,.F.);
#11051=EDGE_CURVE('',#249,#247,#11054,.T.);
#11052=EDGE_CURVE('',#247,#255,#11055,.T.);
#11053=LINE('',#254,#11056);
#11054=LINE('',#248,#11057);
#11055=LINE('',#246,#11058);
#11056=VECTOR('',#11059,1.0);
#11057=VECTOR('',#11060,1.0);
#11058=VECTOR('',#11061,1.0);
#11059=DIRECTION('',(0.0017939922518599538,-0.9999983907946044,4.283298462064668E-08));
#11060=DIRECTION('',(-0.9486834254153534,0,0.31622738392206234));
#11061=DIRECTION('',(0.07544722455818828,0.99681738653958,-0.025745178167337058));
#11062=FACE_SURFACE('',(#11067),#11063,.T.);
#11063=PLANE('',#11064);
#11064=AXIS2_PLACEMENT_3D('',#254,#11065,#11066);
#11065=DIRECTION('',(-0.31622877152781276,-0.0005672296734385088,-0.9486827933026445));
#11066=DIRECTION('',(-0.07544722455818828,-0.99681738653958,0.025745178167337058));
#11067=FACE_BOUND('',#11068,.T.);
#11068=EDGE_LOOP('',(#11069,#11070,#11071));
#11069=ORIENTED_EDGE('',*,*,#11072,.T.);
#11070=ORIENTED_EDGE('',*,*,#11073,.T.);
#11071=ORIENTED_EDGE('',*,*,#11074,.T.);
#11072=EDGE_CURVE('',#255,#247,#11075,.F.);
#11073=EDGE_CURVE('',#247,#257,#11076,.T.);
#11074=EDGE_CURVE('',#257,#255,#11077,.T.);
#11075=LINE('',#254,#11078);
#11076=LINE('',#246,#11079);
#11077=LINE('',#256,#11080);
#11078=VECTOR('',#11081,1.0);
#11079=VECTOR('',#11082,1.0);
#11080=VECTOR('',#11083,1.0);
#11081=DIRECTION('',(-0.07544722455818828,-0.99681738653958,0.025745178167337058));
#11082=DIRECTION('',(-0.0017936006372605323,0.9999983914970826,-4.2832984650735965E-08));
#11083=DIRECTION('',(0.9486829459217896,0,-0.31622882240105));
#11084=FACE_SURFACE('',(#11089),#11085,.T.);
#11085=PLANE('',#11086);
#11086=AXIS2_PLACEMENT_3D('',#278,#11087,#11088);
#11087=DIRECTION('',(-0.21693028629540603,-0.00038921369213613824,-0.9761870207088881));
#11088=DIRECTION('',(0.0017939922518599538,-0.9999983907946044,4.283298462064668E-08));
#11089=FACE_BOUND('',#11090,.T.);
#11090=EDGE_LOOP('',(#11091,#11092,#11093));
#11091=ORIENTED_EDGE('',*,*,#11094,.T.);
#11092=ORIENTED_EDGE('',*,*,#11095,.T.);
#11093=ORIENTED_EDGE('',*,*,#11096,.T.);
#11094=EDGE_CURVE('',#279,#281,#11097,.F.);
#11095=EDGE_CURVE('',#281,#249,#11098,.T.);
#11096=EDGE_CURVE('',#249,#279,#11099,.T.);
#11097=LINE('',#278,#11100);
#11098=LINE('',#280,#11101);
#11099=LINE('',#248,#11102);
#11100=VECTOR('',#11103,1.0);
#11101=VECTOR('',#11104,1.0);
#11102=VECTOR('',#11105,1.0);
#11103=DIRECTION('',(0.0017939922518599538,-0.9999983907946044,4.283298462064668E-08));
#11104=DIRECTION('',(-0.9761870946488636,0,0.21693030272649938));
#11105=DIRECTION('',(0.07546111933397674,0.9970009659113742,-0.017166637429913596));
#11106=FACE_SURFACE('',(#11111),#11107,.T.);
#11107=PLANE('',#11108);
#11108=AXIS2_PLACEMENT_3D('',#278,#11109,#11110);
#11109=DIRECTION('',(-0.21693028629540603,-0.00038921369213613824,-0.9761870207088881));
#11110=DIRECTION('',(-0.07546111933397674,-0.9970009659113742,0.017166637429913596));
#11111=FACE_BOUND('',#11112,.T.);
#11112=EDGE_LOOP('',(#11113,#11114,#11115));
#11113=ORIENTED_EDGE('',*,*,#11116,.T.);
#11114=ORIENTED_EDGE('',*,*,#11117,.T.);
#11115=ORIENTED_EDGE('',*,*,#11118,.T.);
#11116=EDGE_CURVE('',#279,#249,#11119,.F.);
#11117=EDGE_CURVE('',#249,#255,#11120,.T.);
#11118=EDGE_CURVE('',#255,#279,#11121,.T.);
#11119=LINE('',#278,#11122);
#11120=LINE('',#248,#11123);
#11121=LINE('',#254,#11124);
#11122=VECTOR('',#11125,1.0);
#11123=VECTOR('',#11126,1.0);
#11124=VECTOR('',#11127,1.0);
#11125=DIRECTION('',(-0.07546111933397674,-0.9970009659113742,0.017166637429913596));
#11126=DIRECTION('',(-0.0017939922518599538,0.9999983907946044,-4.283298462064668E-08));
#11127=DIRECTION('',(0.9761870946488636,0,-0.21693030272649938));
#11128=FACE_SURFACE('',(#11133),#11129,.T.);
#11129=PLANE('',#11130);
#11130=AXIS2_PLACEMENT_3D('',#264,#11131,#11132);
#11131=DIRECTION('',(0,-4.2833053547827516E-08,-0.999999999999999));
#11132=DIRECTION('',(0.0017936006372605323,-0.9999983914970826,4.2832984650735965E-08));
#11133=FACE_BOUND('',#11134,.T.);
#11134=EDGE_LOOP('',(#11135,#11136,#11137));
#11135=ORIENTED_EDGE('',*,*,#11138,.T.);
#11136=ORIENTED_EDGE('',*,*,#11139,.T.);
#11137=ORIENTED_EDGE('',*,*,#11140,.T.);
#11138=EDGE_CURVE('',#265,#263,#11141,.F.);
#11139=EDGE_CURVE('',#263,#281,#11142,.T.);
#11140=EDGE_CURVE('',#281,#265,#11143,.T.);
#11141=LINE('',#264,#11144);
#11142=LINE('',#262,#11145);
#11143=LINE('',#280,#11146);
#11144=VECTOR('',#11147,1.0);
#11145=VECTOR('',#11148,1.0);
#11146=VECTOR('',#11149,1.0);
#11147=DIRECTION('',(0.0017936006372605323,-0.9999983914970826,4.2832984650735965E-08));
#11148=DIRECTION('',(-1,0,0));
#11149=DIRECTION('',(0.34568626257519214,0.9383501520577453,-4.019240230970154E-08));
#11150=FACE_SURFACE('',(#11155),#11151,.T.);
#11151=PLANE('',#11152);
#11152=AXIS2_PLACEMENT_3D('',#264,#11153,#11154);
#11153=DIRECTION('',(-0,-4.2833053547827516E-08,-0.999999999999999));
#11154=DIRECTION('',(-0.34568626257519214,-0.9383501520577453,4.019240230970154E-08));
#11155=FACE_BOUND('',#11156,.T.);
#11156=EDGE_LOOP('',(#11157,#11158,#11159));
#11157=ORIENTED_EDGE('',*,*,#11160,.T.);
#11158=ORIENTED_EDGE('',*,*,#11161,.T.);
#11159=ORIENTED_EDGE('',*,*,#11162,.T.);
#11160=EDGE_CURVE('',#265,#281,#11163,.F.);
#11161=EDGE_CURVE('',#281,#279,#11164,.T.);
#11162=EDGE_CURVE('',#279,#265,#11165,.T.);
#11163=LINE('',#264,#11166);
#11164=LINE('',#280,#11167);
#11165=LINE('',#278,#11168);
#11166=VECTOR('',#11169,1.0);
#11167=VECTOR('',#11170,1.0);
#11168=VECTOR('',#11171,1.0);
#11169=DIRECTION('',(-0.34568626257519214,-0.9383501520577453,4.019240230970154E-08));
#11170=DIRECTION('',(-0.0017939922518599538,0.9999983907946044,-4.283298462064668E-08));
#11171=DIRECTION('',(1,0,0));
#11172=FACE_SURFACE('',(#11177),#11173,.T.);
#11173=PLANE('',#11174);
#11174=AXIS2_PLACEMENT_3D('',#234,#11175,#11176);
#11175=DIRECTION('',(-0.0002751852214185117,0.999999195399876,-0.0012383346454770763));
#11176=DIRECTION('',(0.9761871028116024,0,-0.21693026599414406));
#11177=FACE_BOUND('',#11178,.T.);
#11178=EDGE_LOOP('',(#11179,#11180,#11181));
#11179=ORIENTED_EDGE('',*,*,#11182,.T.);
#11180=ORIENTED_EDGE('',*,*,#11183,.T.);
#11181=ORIENTED_EDGE('',*,*,#11184,.T.);
#11182=EDGE_CURVE('',#235,#207,#11185,.F.);
#11183=EDGE_CURVE('',#207,#279,#11186,.T.);
#11184=EDGE_CURVE('',#279,#235,#11187,.T.);
#11185=LINE('',#234,#11188);
#11186=LINE('',#206,#11189);
#11187=LINE('',#278,#11190);
#11188=VECTOR('',#11191,1.0);
#11189=VECTOR('',#11192,1.0);
#11190=VECTOR('',#11193,1.0);
#11191=DIRECTION('',(0.9761871028116024,0,-0.21693026599414406));
#11192=DIRECTION('',(-0.6312181776831771,-0.0011341607384348703,-0.7756044906018457));
#11193=DIRECTION('',(-0.5527304505515632,0.0008798755599392903,0.8333596311629601));
#11194=FACE_SURFACE('',(#11199),#11195,.T.);
#11195=PLANE('',#11196);
#11196=AXIS2_PLACEMENT_3D('',#234,#11197,#11198);
#11197=DIRECTION('',(-0.0002751852787689933,0.9999991953998133,-0.0012383346835150388));
#11198=DIRECTION('',(0.5527304505515632,-0.0008798755599392903,-0.8333596311629601));
#11199=FACE_BOUND('',#11200,.T.);
#11200=EDGE_LOOP('',(#11201,#11202,#11203));
#11201=ORIENTED_EDGE('',*,*,#11204,.T.);
#11202=ORIENTED_EDGE('',*,*,#11205,.T.);
#11203=ORIENTED_EDGE('',*,*,#11206,.T.);
#11204=EDGE_CURVE('',#235,#279,#11207,.F.);
#11205=EDGE_CURVE('',#279,#255,#11208,.T.);
#11206=EDGE_CURVE('',#255,#235,#11209,.T.);
#11207=LINE('',#234,#11210);
#11208=LINE('',#278,#11211);
#11209=LINE('',#254,#11212);
#11210=VECTOR('',#11213,1.0);
#11211=VECTOR('',#11214,1.0);
#11212=VECTOR('',#11215,1.0);
#11213=DIRECTION('',(0.5527304505515632,-0.0008798755599392903,-0.8333596311629601));
#11214=DIRECTION('',(-0.9761870946488636,0,0.21693030272649938));
#11215=DIRECTION('',(0.6312182036589209,0.0011341607851075893,0.7756044694616699));
#11216=FACE_SURFACE('',(#11221),#11217,.T.);
#11217=PLANE('',#11218);
#11218=AXIS2_PLACEMENT_3D('',#210,#11219,#11220);
#11219=DIRECTION('',(0.0013973333752505114,-0.9999989715982772,0.00032289599962986637));
#11220=DIRECTION('',(-0.22485756131098839,4.2618946419823424E-07,0.9743916446281204));
#11221=FACE_BOUND('',#11222,.T.);
#11222=EDGE_LOOP('',(#11223,#11224,#11225));
#11223=ORIENTED_EDGE('',*,*,#11226,.T.);
#11224=ORIENTED_EDGE('',*,*,#11227,.T.);
#11225=ORIENTED_EDGE('',*,*,#11228,.T.);
#11226=EDGE_CURVE('',#211,#237,#11229,.F.);
#11227=EDGE_CURVE('',#237,#253,#11230,.T.);
#11228=EDGE_CURVE('',#253,#211,#11231,.T.);
#11229=LINE('',#210,#11232);
#11230=LINE('',#236,#11233);
#11231=LINE('',#252,#11234);
#11232=VECTOR('',#11235,1.0);
#11233=VECTOR('',#11236,1.0);
#11234=VECTOR('',#11237,1.0);
#11235=DIRECTION('',(-0.22485756131098839,4.2618946419823424E-07,0.9743916446281204));
#11236=DIRECTION('',(-0.6312183087764938,-0.0011324631282113998,-0.7756043863933507));
#11237=DIRECTION('',(0.6794585296152863,0.0007125176375265718,-0.7337135673078761));
#11238=FACE_SURFACE('',(#11243),#11239,.T.);
#11239=PLANE('',#11240);
#11240=AXIS2_PLACEMENT_3D('',#210,#11241,#11242);
#11241=DIRECTION('',(0.001397333273687278,-0.9999989715984494,0.00032289590557664055));
#11242=DIRECTION('',(-0.6794585296152863,-0.0007125176375265718,0.7337135673078761));
#11243=FACE_BOUND('',#11244,.T.);
#11244=EDGE_LOOP('',(#11245,#11246,#11247));
#11245=ORIENTED_EDGE('',*,*,#11248,.T.);
#11246=ORIENTED_EDGE('',*,*,#11249,.T.);
#11247=ORIENTED_EDGE('',*,*,#11250,.T.);
#11248=EDGE_CURVE('',#211,#253,#11251,.F.);
#11249=EDGE_CURVE('',#253,#277,#11252,.T.);
#11250=EDGE_CURVE('',#277,#211,#11253,.T.);
#11251=LINE('',#210,#11254);
#11252=LINE('',#252,#11255);
#11253=LINE('',#276,#11256);
#11254=VECTOR('',#11257,1.0);
#11255=VECTOR('',#11258,1.0);
#11256=VECTOR('',#11259,1.0);
#11257=DIRECTION('',(-0.6794585296152863,-0.0007125176375265718,0.7337135673078761));
#11258=DIRECTION('',(0.22485751462208503,-4.261893757052408E-07,-0.9743916554023835));
#11259=DIRECTION('',(0.6312181009705364,0.0011324627553885881,0.7756045555147657));
#11260=FACE_SURFACE('',(#11265),#11261,.T.);
#11261=PLANE('',#11262);
#11262=AXIS2_PLACEMENT_3D('',#128,#11263,#11264);
#11263=DIRECTION('',(-0.0001352240253548134,0.9999990765799535,-0.0013522402535481339));
#11264=DIRECTION('',(0.9950371902099892,0,-0.09950371902099892));
#11265=FACE_BOUND('',#11266,.T.);
#11266=EDGE_LOOP('',(#11267,#11268,#11269));
#11267=ORIENTED_EDGE('',*,*,#11270,.T.);
#11268=ORIENTED_EDGE('',*,*,#11271,.T.);
#11269=ORIENTED_EDGE('',*,*,#11272,.T.);
#11270=EDGE_CURVE('',#129,#215,#11273,.F.);
#11271=EDGE_CURVE('',#215,#271,#11274,.T.);
#11272=EDGE_CURVE('',#271,#129,#11275,.T.);
#11273=LINE('',#128,#11276);
#11274=LINE('',#214,#11277);
#11275=LINE('',#270,#11278);
#11276=VECTOR('',#11279,1.0);
#11277=VECTOR('',#11280,1.0);
#11278=VECTOR('',#11281,1.0);
#11279=DIRECTION('',(0.9950371902099892,0,-0.09950371902099892));
#11280=DIRECTION('',(-0.6312180997559542,-0.001134160598416728,-0.7756045540223568));
#11281=DIRECTION('',(-0.6816930564043623,0.0008971695425170305,0.7316377327181061));
#11282=FACE_SURFACE('',(#11287),#11283,.T.);
#11283=PLANE('',#11284);
#11284=AXIS2_PLACEMENT_3D('',#128,#11285,#11286);
#11285=DIRECTION('',(-0.0001352240253548134,0.9999990765799535,-0.0013522402535481339));
#11286=DIRECTION('',(0.6816930564043623,-0.0008971695425170305,-0.7316377327181061));
#11287=FACE_BOUND('',#11288,.T.);
#11288=EDGE_LOOP('',(#11289,#11290,#11291));
#11289=ORIENTED_EDGE('',*,*,#11292,.T.);
#11290=ORIENTED_EDGE('',*,*,#11293,.T.);
#11291=ORIENTED_EDGE('',*,*,#11294,.T.);
#11292=EDGE_CURVE('',#129,#271,#11295,.F.);
#11293=EDGE_CURVE('',#271,#275,#11296,.T.);
#11294=EDGE_CURVE('',#275,#129,#11297,.T.);
#11295=LINE('',#128,#11298);
#11296=LINE('',#270,#11299);
#11297=LINE('',#274,#11300);
#11298=VECTOR('',#11301,1.0);
#11299=VECTOR('',#11302,1.0);
#11300=VECTOR('',#11303,1.0);
#11301=DIRECTION('',(0.6816930564043623,-0.0008971695425170305,-0.7316377327181061));
#11302=DIRECTION('',(-0.9950371902099892,0,0.09950371902099892));
#11303=DIRECTION('',(0.6312180997559542,0.001134160598416728,0.7756045540223568));
#11304=FACE_SURFACE('',(#11309),#11305,.T.);
#11305=PLANE('',#11306);
#11306=AXIS2_PLACEMENT_3D('',#218,#11307,#11308);
#11307=DIRECTION('',(0.0002747732967879742,-0.9999991978070213,0.0012364808730645593));
#11308=DIRECTION('',(-0.9761870987302331,0,0.21693028436032183));
#11309=FACE_BOUND('',#11310,.T.);
#11310=EDGE_LOOP('',(#11311,#11312,#11313));
#11311=ORIENTED_EDGE('',*,*,#11314,.T.);
#11312=ORIENTED_EDGE('',*,*,#11315,.T.);
#11313=ORIENTED_EDGE('',*,*,#11316,.T.);
#11314=EDGE_CURVE('',#219,#239,#11317,.F.);
#11315=EDGE_CURVE('',#239,#249,#11318,.T.);
#11316=EDGE_CURVE('',#249,#219,#11319,.T.);
#11317=LINE('',#218,#11320);
#11318=LINE('',#238,#11321);
#11319=LINE('',#248,#11322);
#11320=VECTOR('',#11323,1.0);
#11321=VECTOR('',#11324,1.0);
#11322=VECTOR('',#11325,1.0);
#11323=DIRECTION('',(-0.9761870987302331,0,0.21693028436032183));
#11324=DIRECTION('',(-0.6312181918856316,-0.0011324629184985481,-0.7756044815241673));
#11325=DIRECTION('',(0.9720477293946335,0.0005573974844102227,0.23478266777337276));
#11326=FACE_SURFACE('',(#11331),#11327,.T.);
#11327=PLANE('',#11328);
#11328=AXIS2_PLACEMENT_3D('',#218,#11329,#11330);
#11329=DIRECTION('',(0.0002747733095023877,-0.9999991978070829,0.001236480820424462));
#11330=DIRECTION('',(-0.9720477293946335,-0.0005573974844102227,-0.23478266777337276));
#11331=FACE_BOUND('',#11332,.T.);
#11332=EDGE_LOOP('',(#11333,#11334,#11335));
#11333=ORIENTED_EDGE('',*,*,#11336,.T.);
#11334=ORIENTED_EDGE('',*,*,#11337,.T.);
#11335=ORIENTED_EDGE('',*,*,#11338,.T.);
#11336=EDGE_CURVE('',#219,#249,#11339,.F.);
#11337=EDGE_CURVE('',#249,#281,#11340,.T.);
#11338=EDGE_CURVE('',#281,#219,#11341,.T.);
#11339=LINE('',#218,#11342);
#11340=LINE('',#248,#11343);
#11341=LINE('',#280,#11344);
#11342=VECTOR('',#11345,1.0);
#11343=VECTOR('',#11346,1.0);
#11344=VECTOR('',#11347,1.0);
#11345=DIRECTION('',(-0.9720477293946335,-0.0005573974844102227,-0.23478266777337276));
#11346=DIRECTION('',(0.9761870946488636,0,-0.21693030272649938));
#11347=DIRECTION('',(0.6312181788977597,0.0011324628951971233,0.7756044920942546));
#11348=FACE_SURFACE('',(#11353),#11349,.T.);
#11349=PLANE('',#11350);
#11350=AXIS2_PLACEMENT_3D('',#240,#11351,#11352);
#11351=DIRECTION('',(-0.0011129907788050726,0.9999992257823078,-0.0005564946642562491));
#11352=DIRECTION('',(0.44721312930324,0,-0.8944274240981229));
#11353=FACE_BOUND('',#11354,.T.);
#11354=EDGE_LOOP('',(#11355,#11356,#11357));
#11355=ORIENTED_EDGE('',*,*,#11358,.T.);
#11356=ORIENTED_EDGE('',*,*,#11359,.T.);
#11357=ORIENTED_EDGE('',*,*,#11360,.T.);
#11358=EDGE_CURVE('',#241,#223,#11361,.F.);
#11359=EDGE_CURVE('',#223,#269,#11362,.T.);
#11360=EDGE_CURVE('',#269,#241,#11363,.T.);
#11361=LINE('',#240,#11364);
#11362=LINE('',#222,#11365);
#11363=LINE('',#268,#11366);
#11364=VECTOR('',#11367,1.0);
#11365=VECTOR('',#11368,1.0);
#11366=VECTOR('',#11369,1.0);
#11367=DIRECTION('',(0.44721312930324,0,-0.8944274240981229));
#11368=DIRECTION('',(-0.6312180997559542,-0.001134160598416728,-0.7756045540223568));
#11369=DIRECTION('',(-0.10251605673004352,0.000439463548885111,0.9947312526427989));
#11370=FACE_SURFACE('',(#11375),#11371,.T.);
#11371=PLANE('',#11372);
#11372=AXIS2_PLACEMENT_3D('',#240,#11373,#11374);
#11373=DIRECTION('',(-0.001112990944880979,0.9999992257821134,-0.0005564946813717882));
#11374=DIRECTION('',(0.10251605673004352,-0.000439463548885111,-0.9947312526427989));
#11375=FACE_BOUND('',#11376,.T.);
#11376=EDGE_LOOP('',(#11377,#11378,#11379));
#11377=ORIENTED_EDGE('',*,*,#11380,.T.);
#11378=ORIENTED_EDGE('',*,*,#11381,.T.);
#11379=ORIENTED_EDGE('',*,*,#11382,.T.);
#11380=EDGE_CURVE('',#241,#269,#11383,.F.);
#11381=EDGE_CURVE('',#269,#243,#11384,.T.);
#11382=EDGE_CURVE('',#243,#241,#11385,.T.);
#11383=LINE('',#240,#11386);
#11384=LINE('',#268,#11387);
#11385=LINE('',#242,#11388);
#11386=VECTOR('',#11389,1.0);
#11387=VECTOR('',#11390,1.0);
#11388=VECTOR('',#11391,1.0);
#11389=DIRECTION('',(0.10251605673004352,-0.000439463548885111,-0.9947312526427989));
#11390=DIRECTION('',(-0.4472130869217623,0,0.8944274452888329));
#11391=DIRECTION('',(0.6312182036589209,0.0011341607851075893,0.7756044694616699));
#11392=FACE_SURFACE('',(#11397),#11393,.T.);
#11393=PLANE('',#11394);
#11394=AXIS2_PLACEMENT_3D('',#226,#11395,#11396);
#11395=DIRECTION('',(0.00013502159455215128,-0.9999990793426109,0.0013502159455215127));
#11396=DIRECTION('',(-0.9950371902099892,0,0.09950371902099892));
#11397=FACE_BOUND('',#11398,.T.);
#11398=EDGE_LOOP('',(#11399,#11400,#11401));
#11399=ORIENTED_EDGE('',*,*,#11402,.T.);
#11400=ORIENTED_EDGE('',*,*,#11403,.T.);
#11401=ORIENTED_EDGE('',*,*,#11404,.T.);
#11402=EDGE_CURVE('',#227,#101,#11405,.F.);
#11403=EDGE_CURVE('',#101,#273,#11406,.T.);
#11404=EDGE_CURVE('',#273,#227,#11407,.T.);
#11405=LINE('',#226,#11408);
#11406=LINE('',#100,#11409);
#11407=LINE('',#272,#11410);
#11408=VECTOR('',#11411,1.0);
#11409=VECTOR('',#11412,1.0);
#11410=VECTOR('',#11413,1.0);
#11411=DIRECTION('',(-0.9950371902099892,0,0.09950371902099892));
#11412=DIRECTION('',(-0.6312181009705364,-0.0011324627553885881,-0.7756045555147657));
#11413=DIRECTION('',(0.9591767820259595,0.0005113601885127477,0.2828067172700869));
#11414=FACE_SURFACE('',(#11419),#11415,.T.);
#11415=PLANE('',#11416);
#11416=AXIS2_PLACEMENT_3D('',#226,#11417,#11418);
#11417=DIRECTION('',(0.00013502159455215128,-0.9999990793426109,0.0013502159455215127));
#11418=DIRECTION('',(-0.9591767820259595,-0.0005113601885127477,-0.2828067172700869));
#11419=FACE_BOUND('',#11420,.T.);
#11420=EDGE_LOOP('',(#11421,#11422,#11423));
#11421=ORIENTED_EDGE('',*,*,#11424,.T.);
#11422=ORIENTED_EDGE('',*,*,#11425,.T.);
#11423=ORIENTED_EDGE('',*,*,#11426,.T.);
#11424=EDGE_CURVE('',#227,#273,#11427,.F.);
#11425=EDGE_CURVE('',#273,#267,#11428,.T.);
#11426=EDGE_CURVE('',#267,#227,#11429,.T.);
#11427=LINE('',#226,#11430);
#11428=LINE('',#272,#11431);
#11429=LINE('',#266,#11432);
#11430=VECTOR('',#11433,1.0);
#11431=VECTOR('',#11434,1.0);
#11432=VECTOR('',#11435,1.0);
#11433=DIRECTION('',(-0.9591767820259595,-0.0005113601885127477,-0.2828067172700869));
#11434=DIRECTION('',(0.9950371902099892,0,-0.09950371902099892));
#11435=DIRECTION('',(0.6312181009705364,0.0011324627553885881,0.7756045555147657));
#11436=FACE_SURFACE('',(#11441),#11437,.T.);
#11437=PLANE('',#11438);
#11438=AXIS2_PLACEMENT_3D('',#206,#11439,#11440);
#11439=DIRECTION('',(0,0.9999989308518316,-0.0014622910769494391));
#11440=DIRECTION('',(1,0,0));
#11441=FACE_BOUND('',#11442,.T.);
#11442=EDGE_LOOP('',(#11443,#11444,#11445));
#11443=ORIENTED_EDGE('',*,*,#11446,.T.);
#11444=ORIENTED_EDGE('',*,*,#11447,.T.);
#11445=ORIENTED_EDGE('',*,*,#11448,.T.);
#11446=EDGE_CURVE('',#207,#209,#11449,.F.);
#11447=EDGE_CURVE('',#209,#265,#11450,.T.);
#11448=EDGE_CURVE('',#265,#207,#11451,.T.);
#11449=LINE('',#206,#11452);
#11450=LINE('',#208,#11453);
#11451=LINE('',#264,#11454);
#11452=VECTOR('',#11455,1.0);
#11453=VECTOR('',#11456,1.0);
#11454=VECTOR('',#11457,1.0);
#11455=DIRECTION('',(1,0,0));
#11456=DIRECTION('',(-0.6312181776831771,-0.0011341607384348703,-0.7756044906018457));
#11457=DIRECTION('',(-0.9911426995497651,0.0001941939569574995,0.13280102190085416));
#11458=FACE_SURFACE('',(#11463),#11459,.T.);
#11459=PLANE('',#11460);
#11460=AXIS2_PLACEMENT_3D('',#206,#11461,#11462);
#11461=DIRECTION('',(0,0.9999989308518316,-0.0014622910769494391));
#11462=DIRECTION('',(0.9911426995497651,-0.0001941939569574995,-0.13280102190085416));
#11463=FACE_BOUND('',#11464,.T.);
#11464=EDGE_LOOP('',(#11465,#11466,#11467));
#11465=ORIENTED_EDGE('',*,*,#11468,.T.);
#11466=ORIENTED_EDGE('',*,*,#11469,.T.);
#11467=ORIENTED_EDGE('',*,*,#11470,.T.);
#11468=EDGE_CURVE('',#207,#265,#11471,.F.);
#11469=EDGE_CURVE('',#265,#279,#11472,.T.);
#11470=EDGE_CURVE('',#279,#207,#11473,.T.);
#11471=LINE('',#206,#11474);
#11472=LINE('',#264,#11475);
#11473=LINE('',#278,#11476);
#11474=VECTOR('',#11477,1.0);
#11475=VECTOR('',#11478,1.0);
#11476=VECTOR('',#11479,1.0);
#11477=DIRECTION('',(0.9911426995497651,-0.0001941939569574995,-0.13280102190085416));
#11478=DIRECTION('',(-1,0,0));
#11479=DIRECTION('',(0.6312181776831771,0.0011341607384348703,0.7756044906018457));
#11480=FACE_SURFACE('',(#11485),#11481,.T.);
#11481=PLANE('',#11482);
#11482=AXIS2_PLACEMENT_3D('',#212,#11483,#11484);
#11483=DIRECTION('',(0.0011113214712136941,-0.9999992281006675,0.0005556641584293116));
#11484=DIRECTION('',(-0.4472157993337929,0,0.8944260890796044));
#11485=FACE_BOUND('',#11486,.T.);
#11486=EDGE_LOOP('',(#11487,#11488,#11489));
#11487=ORIENTED_EDGE('',*,*,#11490,.T.);
#11488=ORIENTED_EDGE('',*,*,#11491,.T.);
#11489=ORIENTED_EDGE('',*,*,#11492,.T.);
#11490=EDGE_CURVE('',#213,#211,#11493,.F.);
#11491=EDGE_CURVE('',#211,#277,#11494,.T.);
#11492=EDGE_CURVE('',#277,#213,#11495,.T.);
#11493=LINE('',#212,#11496);
#11494=LINE('',#210,#11497);
#11495=LINE('',#276,#11498);
#11496=VECTOR('',#11499,1.0);
#11497=VECTOR('',#11500,1.0);
#11498=VECTOR('',#11501,1.0);
#11499=DIRECTION('',(-0.4472157993337929,0,0.8944260890796044));
#11500=DIRECTION('',(-0.6312181009705364,-0.0011324627553885881,-0.7756045555147657));
#11501=DIRECTION('',(0.8325611254743008,0.0006174429061350421,-0.5539328398941726));
#11502=FACE_SURFACE('',(#11507),#11503,.T.);
#11503=PLANE('',#11504);
#11504=AXIS2_PLACEMENT_3D('',#212,#11505,#11506);
#11505=DIRECTION('',(0.0011113215040272396,-0.9999992281006036,0.0005556642077481455));
#11506=DIRECTION('',(-0.8325611254743008,-0.0006174429061350421,0.5539328398941726));
#11507=FACE_BOUND('',#11508,.T.);
#11508=EDGE_LOOP('',(#11509,#11510,#11511));
#11509=ORIENTED_EDGE('',*,*,#11512,.T.);
#11510=ORIENTED_EDGE('',*,*,#11513,.T.);
#11511=ORIENTED_EDGE('',*,*,#11514,.T.);
#11512=EDGE_CURVE('',#213,#277,#11515,.F.);
#11513=EDGE_CURVE('',#277,#261,#11516,.T.);
#11514=EDGE_CURVE('',#261,#213,#11517,.T.);
#11515=LINE('',#212,#11518);
#11516=LINE('',#276,#11519);
#11517=LINE('',#260,#11520);
#11518=VECTOR('',#11521,1.0);
#11519=VECTOR('',#11522,1.0);
#11520=VECTOR('',#11523,1.0);
#11521=DIRECTION('',(-0.8325611254743008,-0.0006174429061350421,0.5539328398941726));
#11522=DIRECTION('',(0.44721582052459513,0,-0.8944260784841378));
#11523=DIRECTION('',(0.6312181529220172,0.0011324628485942757,0.7756045132344276));
#11524=FACE_SURFACE('',(#11529),#11525,.T.);
#11525=PLANE('',#11526);
#11526=AXIS2_PLACEMENT_3D('',#100,#11527,#11528);
#11527=DIRECTION('',(-0.7756033065173116,-0.0013910938548853237,0.6312191186721928));
#11528=DIRECTION('',(-0.0017936005494603702,0.9999983914972397,-4.895198006169133E-08));
#11529=FACE_BOUND('',#11530,.T.);
#11530=EDGE_LOOP('',(#11531,#11532,#11533));
#11531=ORIENTED_EDGE('',*,*,#11534,.T.);
#11532=ORIENTED_EDGE('',*,*,#11535,.T.);
#11533=ORIENTED_EDGE('',*,*,#11536,.T.);
#11534=EDGE_CURVE('',#101,#129,#11537,.F.);
#11535=EDGE_CURVE('',#129,#275,#11538,.T.);
#11536=EDGE_CURVE('',#275,#101,#11539,.T.);
#11537=LINE('',#100,#11540);
#11538=LINE('',#128,#11541);
#11539=LINE('',#274,#11542);
#11540=VECTOR('',#11543,1.0);
#11541=VECTOR('',#11544,1.0);
#11542=VECTOR('',#11545,1.0);
#11543=DIRECTION('',(-0.0017936005494603702,0.9999983914972397,-4.895198006169133E-08));
#11544=DIRECTION('',(-0.6312180997559542,-0.001134160598416728,-0.7756045540223568));
#11545=DIRECTION('',(0.03812860949053923,-0.9982748017691537,0.04465007604780465));
#11546=FACE_SURFACE('',(#11551),#11547,.T.);
#11547=PLANE('',#11548);
#11548=AXIS2_PLACEMENT_3D('',#100,#11549,#11550);
#11549=DIRECTION('',(-0.7756033080079175,-0.0013910939937527992,0.631219116840322));
#11550=DIRECTION('',(-0.03812860949053923,0.9982748017691537,-0.04465007604780465));
#11551=FACE_BOUND('',#11552,.T.);
#11552=EDGE_LOOP('',(#11553,#11554,#11555));
#11553=ORIENTED_EDGE('',*,*,#11556,.T.);
#11554=ORIENTED_EDGE('',*,*,#11557,.T.);
#11555=ORIENTED_EDGE('',*,*,#11558,.T.);
#11556=EDGE_CURVE('',#101,#275,#11559,.F.);
#11557=EDGE_CURVE('',#275,#273,#11560,.T.);
#11558=EDGE_CURVE('',#273,#101,#11561,.T.);
#11559=LINE('',#100,#11562);
#11560=LINE('',#274,#11563);
#11561=LINE('',#272,#11564);
#11562=VECTOR('',#11565,1.0);
#11563=VECTOR('',#11566,1.0);
#11564=VECTOR('',#11567,1.0);
#11565=DIRECTION('',(-0.03812860949053923,0.9982748017691537,-0.04465007604780465));
#11566=DIRECTION('',(0.0017936007250607016,-0.9999983914969247,4.895198485427679E-08));
#11567=DIRECTION('',(0.6312181009705364,0.0011324627553885881,0.7756045555147657));
#11568=FACE_SURFACE('',(#11573),#11569,.T.);
#11569=PLANE('',#11570);
#11570=AXIS2_PLACEMENT_3D('',#214,#11571,#11572);
#11571=DIRECTION('',(-0.0011129958776343227,0.9999992257787725,-0.0005564908191672966));
#11572=DIRECTION('',(0.44720901828058196,0,-0.8944294795949639));
#11573=FACE_BOUND('',#11574,.T.);
#11574=EDGE_LOOP('',(#11575,#11576,#11577));
#11575=ORIENTED_EDGE('',*,*,#11578,.T.);
#11576=ORIENTED_EDGE('',*,*,#11579,.T.);
#11577=ORIENTED_EDGE('',*,*,#11580,.T.);
#11578=EDGE_CURVE('',#215,#217,#11581,.F.);
#11579=EDGE_CURVE('',#217,#259,#11582,.T.);
#11580=EDGE_CURVE('',#259,#215,#11583,.T.);
#11581=LINE('',#214,#11584);
#11582=LINE('',#216,#11585);
#11583=LINE('',#258,#11586);
#11584=VECTOR('',#11587,1.0);
#11585=VECTOR('',#11588,1.0);
#11586=VECTOR('',#11589,1.0);
#11587=DIRECTION('',(0.44720901828058196,0,-0.8944294795949639));
#11588=DIRECTION('',(-0.6312183075619104,-0.001134160971798492,-0.7756043849009413));
#11589=DIRECTION('',(0.017272415384970343,0.0005756322828357707,0.9998506550051582));
#11590=FACE_SURFACE('',(#11595),#11591,.T.);
#11591=PLANE('',#11592);
#11592=AXIS2_PLACEMENT_3D('',#214,#11593,#11594);
#11593=DIRECTION('',(-0.001112995495308232,0.9999992257791943,-0.0005564908257722208));
#11594=DIRECTION('',(-0.017272415384970343,-0.0005756322828357707,-0.9998506550051582));
#11595=FACE_BOUND('',#11596,.T.);
#11596=EDGE_LOOP('',(#11597,#11598,#11599));
#11597=ORIENTED_EDGE('',*,*,#11600,.T.);
#11598=ORIENTED_EDGE('',*,*,#11601,.T.);
#11599=ORIENTED_EDGE('',*,*,#11602,.T.);
#11600=EDGE_CURVE('',#215,#259,#11603,.F.);
#11601=EDGE_CURVE('',#259,#271,#11604,.T.);
#11602=EDGE_CURVE('',#271,#215,#11605,.T.);
#11603=LINE('',#214,#11606);
#11604=LINE('',#258,#11607);
#11605=LINE('',#270,#11608);
#11606=VECTOR('',#11609,1.0);
#11607=VECTOR('',#11610,1.0);
#11608=VECTOR('',#11611,1.0);
#11609=DIRECTION('',(-0.017272415384970343,-0.0005756322828357707,-0.9998506550051582));
#11610=DIRECTION('',(-0.44720914542445767,0,0.8944294160238282));
#11611=DIRECTION('',(0.6312180997559542,0.001134160598416728,0.7756045540223568));
#11612=FACE_SURFACE('',(#11617),#11613,.T.);
#11613=PLANE('',#11614);
#11614=AXIS2_PLACEMENT_3D('',#220,#11615,#11616);
#11615=DIRECTION('',(0,-0.9999989340504729,0.0014601020231213597));
#11616=DIRECTION('',(-1,0,0));
#11617=FACE_BOUND('',#11618,.T.);
#11618=EDGE_LOOP('',(#11619,#11620,#11621));
#11619=ORIENTED_EDGE('',*,*,#11622,.T.);
#11620=ORIENTED_EDGE('',*,*,#11623,.T.);
#11621=ORIENTED_EDGE('',*,*,#11624,.T.);
#11622=EDGE_CURVE('',#221,#219,#11625,.F.);
#11623=EDGE_CURVE('',#219,#281,#11626,.T.);
#11624=EDGE_CURVE('',#281,#221,#11627,.T.);
#11625=LINE('',#220,#11628);
#11626=LINE('',#218,#11629);
#11627=LINE('',#280,#11630);
#11628=VECTOR('',#11631,1.0);
#11629=VECTOR('',#11632,1.0);
#11630=VECTOR('',#11633,1.0);
#11631=DIRECTION('',(-1,0,0));
#11632=DIRECTION('',(-0.6312181788977597,-0.0011324628951971233,-0.7756044920942546));
#11633=DIRECTION('',(0.9940045236393091,0.00015964602876114372,0.10933883801164046));
#11634=FACE_SURFACE('',(#11639),#11635,.T.);
#11635=PLANE('',#11636);
#11636=AXIS2_PLACEMENT_3D('',#220,#11637,#11638);
#11637=DIRECTION('',(0,-0.9999989340504729,0.0014601020231213597));
#11638=DIRECTION('',(-0.9940045236393091,-0.00015964602876114372,-0.10933883801164046));
#11639=FACE_BOUND('',#11640,.T.);
#11640=EDGE_LOOP('',(#11641,#11642,#11643));
#11641=ORIENTED_EDGE('',*,*,#11644,.T.);
#11642=ORIENTED_EDGE('',*,*,#11645,.T.);
#11643=ORIENTED_EDGE('',*,*,#11646,.T.);
#11644=EDGE_CURVE('',#221,#281,#11647,.F.);
#11645=EDGE_CURVE('',#281,#263,#11648,.T.);
#11646=EDGE_CURVE('',#263,#221,#11649,.T.);
#11647=LINE('',#220,#11650);
#11648=LINE('',#280,#11651);
#11649=LINE('',#262,#11652);
#11650=VECTOR('',#11653,1.0);
#11651=VECTOR('',#11654,1.0);
#11652=VECTOR('',#11655,1.0);
#11653=DIRECTION('',(-0.9940045236393091,-0.00015964602876114372,-0.10933883801164046));
#11654=DIRECTION('',(1,0,0));
#11655=DIRECTION('',(0.6312222643195741,0.0011324580405109362,0.7756011672026133));
ENDSEC;
END-ISO-10303-21;
